[     205ms] [INFO] %cDownload the React DevTools for a better development experience: https://react.dev/link/react-devtools font-weight:bold @ http://localhost:3000/_next/static/chunks/node_modules_next_dist_115brz8._.js:2477
[     248ms] [LOG] [HMR] connected @ http://localhost:3000/_next/static/chunks/node_modules_next_dist_115brz8._.js:2477
[     363ms] [ERROR] Encountered a script tag while rendering React component. Scripts inside React components are never executed when rendering on the client. Consider using template tag instead (https://developer.mozilla.org/en-US/docs/Web/HTML/Element/template). @ http://localhost:3000/_next/static/chunks/node_modules_next_dist_115brz8._.js:3318
[     457ms] Error: Hydration failed because the server rendered HTML didn't match the client. As a result this tree will be regenerated on the client. This can happen if a SSR-ed Client Component used:

- A server/client branch `if (typeof window !== 'undefined')`.
- Variable input such as `Date.now()` or `Math.random()` which changes each time it's called.
- Date formatting in a user's locale which doesn't match the server.
- External changing data without sending a snapshot of it along with the HTML.
- Invalid HTML tag nesting.

It can also happen if the client has a browser extension installed which messes with the HTML before React loaded.

https://react.dev/link/hydration-mismatch

  ...
    <Home>
      <div className="min-h-scre...">
        ...
          <div className="flex items...">
            <ThemeToggle>
              <DropdownMenu>
                <MenuRoot data-slot="dropdown-menu">
                  <FloatingTree externalTree={{nodesRef:{...}, ...}}>
                    <DropdownMenuTrigger render={<Button>}>
                      <MenuTrigger data-slot="dropdown-m..." render={<Button>}>
                        <Button variant="outline" size="icon" aria-label="Theme: Dark" type="button" onClick={function} ...>
                          <Button data-slot="dropdown-m..." className={"group/bu..."} aria-label="Theme: Dark" ...>
                            <button
                              type="button"
                              onClick={function}
                              onMouseDown={function}
                              onKeyDown={function}
                              onKeyUp={function}
                              onPointerDown={function}
                              tabIndex={0}
                              disabled={false}
                              data-slot="dropdown-menu-trigger"
+                             aria-label="Theme: Dark"
-                             aria-label="Theme: System"
                              aria-haspopup="menu"
                              id="base-ui-_R_6tinelb_"
                              ref={function}
                              className={"group/button inline-flex shrink-0 items-center justify-center rounded-lg bo..."}
                            >
                              <Moon aria-hidden={true}>
                                <svg
                                  ref={null}
                                  xmlns="http://www.w3.org/2000/svg"
                                  width={24}
                                  height={24}
                                  viewBox="0 0 24 24"
                                  fill="none"
                                  stroke="currentColor"
                                  strokeWidth={2}
                                  strokeLinecap="round"
                                  strokeLinejoin="round"
+                                 className="lucide lucide-moon"
-                                 className="lucide lucide-monitor"
                                  aria-hidden={true}
                                >
+                                 <path
+                                   d="M20.985 12.486a9 9 0 1 1-9.473-9.472c.405-.022.617.46.402.803a6 6 0 0 0 8.268 8..."
+                                 >
-                                 <rect width="20" height="14" x="2" y="3" rx="2">
                              ...
                    ...
            ...
        ...

    at throwOnHydrationMismatch (http://localhost:3000/_next/static/chunks/node_modules_next_dist_compiled_react-dom_058-ah~._.js:3318:56)
    at beginWork (http://localhost:3000/_next/static/chunks/node_modules_next_dist_compiled_react-dom_058-ah~._.js:6758:918)
    at runWithFiberInDEV (http://localhost:3000/_next/static/chunks/node_modules_next_dist_compiled_react-dom_058-ah~._.js:965:74)
    at performUnitOfWork (http://localhost:3000/_next/static/chunks/node_modules_next_dist_compiled_react-dom_058-ah~._.js:9555:97)
    at workLoopConcurrentByScheduler (http://localhost:3000/_next/static/chunks/node_modules_next_dist_compiled_react-dom_058-ah~._.js:9551:58)
    at renderRootConcurrent (http://localhost:3000/_next/static/chunks/node_modules_next_dist_compiled_react-dom_058-ah~._.js:9534:71)
    at performWorkOnRoot (http://localhost:3000/_next/static/chunks/node_modules_next_dist_compiled_react-dom_058-ah~._.js:9061:150)
    at performWorkOnRootViaSchedulerTask (http://localhost:3000/_next/static/chunks/node_modules_next_dist_compiled_react-dom_058-ah~._.js:10255:9)
    at MessagePort.performWorkUntilDeadline (http://localhost:3000/_next/static/chunks/node_modules_next_dist_compiled_0rpq4pf._.js:2647:64)
[     602ms] [LOG] [Fast Refresh] rebuilding @ http://localhost:3000/_next/static/chunks/node_modules_next_dist_115brz8._.js:2477
[     701ms] [LOG] [Fast Refresh] done in 199ms @ http://localhost:3000/_next/static/chunks/node_modules_next_dist_115brz8._.js:2477
[  241793ms] [LOG] [Fast Refresh] rebuilding @ http://localhost:3000/_next/static/chunks/node_modules_next_dist_115brz8._.js:2477
[  242077ms] [LOG] [Fast Refresh] done in 385ms @ http://localhost:3000/_next/static/chunks/node_modules_next_dist_115brz8._.js:2477
[ 1601197ms] [LOG] [Fast Refresh] rebuilding @ http://localhost:3000/_next/static/chunks/node_modules_next_dist_115brz8._.js:2477
[ 1601388ms] [LOG] [Fast Refresh] done in 236ms @ http://localhost:3000/_next/static/chunks/node_modules_next_dist_115brz8._.js:2477
[ 1626421ms] [LOG] [Fast Refresh] rebuilding @ http://localhost:3000/_next/static/chunks/node_modules_next_dist_115brz8._.js:2477
[ 1626447ms] [LOG] [Fast Refresh] done in 41ms @ http://localhost:3000/_next/static/chunks/node_modules_next_dist_115brz8._.js:2477
[ 1648358ms] [LOG] [Fast Refresh] rebuilding @ http://localhost:3000/_next/static/chunks/node_modules_next_dist_115brz8._.js:2477
[ 1648389ms] [LOG] [Fast Refresh] done in 103ms @ http://localhost:3000/_next/static/chunks/node_modules_next_dist_115brz8._.js:2477
[ 1687098ms] [LOG] [Fast Refresh] rebuilding @ http://localhost:3000/_next/static/chunks/node_modules_next_dist_115brz8._.js:2477
[ 1687194ms] [ERROR] ./src/app/page.tsx:7:1
Module not found: Can't resolve '@/lib/site-data'
   5 | import { Button } from "@/components/ui/button";
   6 | import { Separator } from "@/components/ui/separator";
>  7 | import { contactLink, heroCopy, shelves, socialChannels } from "@/lib/site-data";
     | ^^^^^^^^^^^^^^^^^^^^^^^^^^^^^^^^^^^^^^^^^^^^^^^^^^^^^^^^^^^^^^^^^^^^^^^^^^^^^^^^^
   8 |
   9 | const profileLinks = socialChannels.filter(
  10 |   (channel) => channel.label !== "Email",

Import map: aliased to relative './src/lib/site-data' inside of [project]/

https://nextjs.org/docs/messages/module-not-found @ http://localhost:3000/_next/static/chunks/node_modules_next_dist_115brz8._.js:3318
[ 1687194ms] [ERROR] ./src/components/site/site-canvas.tsx:23:1
Module not found: Can't resolve '@/lib/site-data'
  21 |
  22 | import { SiteIcon } from "@/components/site/site-icons";
> 23 | import {
     | ^^^^^^^
> 24 |   canvasNodes,
     | ^^^^^^^^^^^^^^
> 25 |   shelves,
     | ^^^^^^^^^^
> 26 |   type AccentKey,
     | ^^^^^^^^^^^^^^^^^
> 27 |   type CanvasNodeRecord,
     | ^^^^^^^^^^^^^^^^^^^^^^^^
> 28 | } from "@/lib/site-data";
     | ^^^^^^^^^^^^^^^^^^^^^^^^^
  29 | import { cn } from "@/lib/utils";
  30 |
  31 | type SiteNodeData = Omit<CanvasNodeRecord, "id" | "canvas"> & {

Import map: aliased to relative './src/lib/site-data' inside of [project]/

Import trace:
  Server Component:
    ./src/components/site/site-canvas.tsx
    ./src/app/page.tsx

https://nextjs.org/docs/messages/module-not-found @ http://localhost:3000/_next/static/chunks/node_modules_next_dist_115brz8._.js:3318
[ 1687194ms] [ERROR] ./src/components/site/social-links.tsx:2:1
Module not found: Can't resolve '@/lib/site-data'
  1 | import { SiteIcon } from "@/components/site/site-icons";
> 2 | import { socialChannels } from "@/lib/site-data";
    | ^^^^^^^^^^^^^^^^^^^^^^^^^^^^^^^^^^^^^^^^^^^^^^^^^
  3 |
  4 | export function SocialLinks() {
  5 |   return (

Import map: aliased to relative './src/lib/site-data' inside of [project]/

Import trace:
  Server Component:
    ./src/components/site/social-links.tsx
    ./src/app/page.tsx

https://nextjs.org/docs/messages/module-not-found @ http://localhost:3000/_next/static/chunks/node_modules_next_dist_115brz8._.js:3318
[ 1687245ms] [ERROR] ./src/app/page.tsx:7:1
Module not found: Can't resolve '@/lib/site-data'
   5 | import { Button } from "@/components/ui/button";
   6 | import { Separator } from "@/components/ui/separator";
>  7 | import { contactLink, heroCopy, shelves, socialChannels } from "@/lib/site-data";
     | ^^^^^^^^^^^^^^^^^^^^^^^^^^^^^^^^^^^^^^^^^^^^^^^^^^^^^^^^^^^^^^^^^^^^^^^^^^^^^^^^^
   8 |
   9 | const profileLinks = socialChannels.filter(
  10 |   (channel) => channel.label !== "Email",

Import map: aliased to relative './src/lib/site-data' inside of [project]/

https://nextjs.org/docs/messages/module-not-found @ http://localhost:3000/_next/static/chunks/node_modules_next_dist_115brz8._.js:3318
[ 1687245ms] [ERROR] ./src/components/site/site-canvas.tsx:23:1
Module not found: Can't resolve '@/lib/site-data'
  21 |
  22 | import { SiteIcon } from "@/components/site/site-icons";
> 23 | import {
     | ^^^^^^^
> 24 |   canvasNodes,
     | ^^^^^^^^^^^^^^
> 25 |   shelves,
     | ^^^^^^^^^^
> 26 |   type AccentKey,
     | ^^^^^^^^^^^^^^^^^
> 27 |   type CanvasNodeRecord,
     | ^^^^^^^^^^^^^^^^^^^^^^^^
> 28 | } from "@/lib/site-data";
     | ^^^^^^^^^^^^^^^^^^^^^^^^^
  29 | import { cn } from "@/lib/utils";
  30 |
  31 | type SiteNodeData = Omit<CanvasNodeRecord, "id" | "canvas"> & {

Import map: aliased to relative './src/lib/site-data' inside of [project]/

Import trace:
  Server Component:
    ./src/components/site/site-canvas.tsx
    ./src/app/page.tsx

https://nextjs.org/docs/messages/module-not-found @ http://localhost:3000/_next/static/chunks/node_modules_next_dist_115brz8._.js:3318
[ 1687245ms] [ERROR] ./src/components/site/social-links.tsx:2:1
Module not found: Can't resolve '@/lib/site-data'
  1 | import { SiteIcon } from "@/components/site/site-icons";
> 2 | import { socialChannels } from "@/lib/site-data";
    | ^^^^^^^^^^^^^^^^^^^^^^^^^^^^^^^^^^^^^^^^^^^^^^^^^
  3 |
  4 | export function SocialLinks() {
  5 |   return (

Import map: aliased to relative './src/lib/site-data' inside of [project]/

Import trace:
  Server Component:
    ./src/components/site/social-links.tsx
    ./src/app/page.tsx

https://nextjs.org/docs/messages/module-not-found @ http://localhost:3000/_next/static/chunks/node_modules_next_dist_115brz8._.js:3318
[ 1687346ms] [LOG] [Fast Refresh] rebuilding @ http://localhost:3000/_next/static/chunks/node_modules_next_dist_115brz8._.js:2477
[ 1687705ms] [ERROR] ./src/app/page.tsx:7:1
Module not found: Can't resolve '@/lib/site-data'
   5 | import { Button } from "@/components/ui/button";
   6 | import { Separator } from "@/components/ui/separator";
>  7 | import { contactLink, heroCopy, shelves, socialChannels } from "@/lib/site-data";
     | ^^^^^^^^^^^^^^^^^^^^^^^^^^^^^^^^^^^^^^^^^^^^^^^^^^^^^^^^^^^^^^^^^^^^^^^^^^^^^^^^^
   8 |
   9 | const profileLinks = socialChannels.filter(
  10 |   (channel) => channel.label !== "Email",

Import map: aliased to relative './src/lib/site-data' inside of [project]/

https://nextjs.org/docs/messages/module-not-found @ http://localhost:3000/_next/static/chunks/node_modules_next_dist_115brz8._.js:3318
[ 1687705ms] [ERROR] ./src/components/site/site-canvas.tsx:23:1
Module not found: Can't resolve '@/lib/site-data'
  21 |
  22 | import { SiteIcon } from "@/components/site/site-icons";
> 23 | import {
     | ^^^^^^^
> 24 |   canvasNodes,
     | ^^^^^^^^^^^^^^
> 25 |   shelves,
     | ^^^^^^^^^^
> 26 |   type AccentKey,
     | ^^^^^^^^^^^^^^^^^
> 27 |   type CanvasNodeRecord,
     | ^^^^^^^^^^^^^^^^^^^^^^^^
> 28 | } from "@/lib/site-data";
     | ^^^^^^^^^^^^^^^^^^^^^^^^^
  29 | import { cn } from "@/lib/utils";
  30 |
  31 | type SiteNodeData = Omit<CanvasNodeRecord, "id" | "canvas"> & {

Import map: aliased to relative './src/lib/site-data' inside of [project]/

Import trace:
  Server Component:
    ./src/components/site/site-canvas.tsx
    ./src/app/page.tsx

https://nextjs.org/docs/messages/module-not-found @ http://localhost:3000/_next/static/chunks/node_modules_next_dist_115brz8._.js:3318
[ 1687705ms] [ERROR] ./src/components/site/social-links.tsx:2:1
Module not found: Can't resolve '@/lib/site-data'
  1 | import { SiteIcon } from "@/components/site/site-icons";
> 2 | import { socialChannels } from "@/lib/site-data";
    | ^^^^^^^^^^^^^^^^^^^^^^^^^^^^^^^^^^^^^^^^^^^^^^^^^
  3 |
  4 | export function SocialLinks() {
  5 |   return (

Import map: aliased to relative './src/lib/site-data' inside of [project]/

Import trace:
  Server Component:
    ./src/components/site/social-links.tsx
    ./src/app/page.tsx

https://nextjs.org/docs/messages/module-not-found @ http://localhost:3000/_next/static/chunks/node_modules_next_dist_115brz8._.js:3318
[ 1687807ms] [LOG] [Fast Refresh] rebuilding @ http://localhost:3000/_next/static/chunks/node_modules_next_dist_115brz8._.js:2477
[ 1688127ms] [ERROR] ./src/app/page.tsx:7:1
Module not found: Can't resolve '@/lib/site-data'
   5 | import { Button } from "@/components/ui/button";
   6 | import { Separator } from "@/components/ui/separator";
>  7 | import { contactLink, heroCopy, shelves, socialChannels } from "@/lib/site-data";
     | ^^^^^^^^^^^^^^^^^^^^^^^^^^^^^^^^^^^^^^^^^^^^^^^^^^^^^^^^^^^^^^^^^^^^^^^^^^^^^^^^^
   8 |
   9 | const profileLinks = socialChannels.filter(
  10 |   (channel) => channel.label !== "Email",

Import map: aliased to relative './src/lib/site-data' inside of [project]/

https://nextjs.org/docs/messages/module-not-found @ http://localhost:3000/_next/static/chunks/node_modules_next_dist_115brz8._.js:3318
[ 1688127ms] [ERROR] ./src/components/site/site-canvas.tsx:23:1
Module not found: Can't resolve '@/lib/site-data'
  21 |
  22 | import { SiteIcon } from "@/components/site/site-icons";
> 23 | import {
     | ^^^^^^^
> 24 |   canvasNodes,
     | ^^^^^^^^^^^^^^
> 25 |   shelves,
     | ^^^^^^^^^^
> 26 |   type AccentKey,
     | ^^^^^^^^^^^^^^^^^
> 27 |   type CanvasNodeRecord,
     | ^^^^^^^^^^^^^^^^^^^^^^^^
> 28 | } from "@/lib/site-data";
     | ^^^^^^^^^^^^^^^^^^^^^^^^^
  29 | import { cn } from "@/lib/utils";
  30 |
  31 | type SiteNodeData = Omit<CanvasNodeRecord, "id" | "canvas"> & {

Import map: aliased to relative './src/lib/site-data' inside of [project]/

Import trace:
  Server Component:
    ./src/components/site/site-canvas.tsx
    ./src/app/page.tsx

https://nextjs.org/docs/messages/module-not-found @ http://localhost:3000/_next/static/chunks/node_modules_next_dist_115brz8._.js:3318
[ 1688127ms] [ERROR] ./src/components/site/social-links.tsx:2:1
Module not found: Can't resolve '@/lib/site-data'
  1 | import { SiteIcon } from "@/components/site/site-icons";
> 2 | import { socialChannels } from "@/lib/site-data";
    | ^^^^^^^^^^^^^^^^^^^^^^^^^^^^^^^^^^^^^^^^^^^^^^^^^
  3 |
  4 | export function SocialLinks() {
  5 |   return (

Import map: aliased to relative './src/lib/site-data' inside of [project]/

Import trace:
  Server Component:
    ./src/components/site/social-links.tsx
    ./src/app/page.tsx

https://nextjs.org/docs/messages/module-not-found @ http://localhost:3000/_next/static/chunks/node_modules_next_dist_115brz8._.js:3318
[ 1688129ms] [ERROR] Failed to load resource: the server responded with a status of 500 (Internal Server Error) @ http://localhost:3000/?_rsc=q3mOO9BClNZHexY7:0
[ 1688165ms] [ERROR] Failed to load resource: the server responded with a status of 500 (Internal Server Error) @ http://localhost:3000/?_rsc=q3mOO9BClNZHexY7:0
[ 1688175ms] [ERROR] Failed to load resource: the server responded with a status of 500 (Internal Server Error) @ http://localhost:3000/?_rsc=q3mOO9BClNZHexY7:0
[ 1688184ms] [ERROR] Failed to load resource: the server responded with a status of 500 (Internal Server Error) @ http://localhost:3000/?_rsc=q3mOO9BClNZHexY7:0
[ 1688211ms] [ERROR] ./src/app/page.tsx:7:1
Module not found: Can't resolve '@/lib/site-data'
   5 | import { Button } from "@/components/ui/button";
   6 | import { Separator } from "@/components/ui/separator";
>  7 | import { contactLink, heroCopy, shelves, socialChannels } from "@/lib/site-data";
     | ^^^^^^^^^^^^^^^^^^^^^^^^^^^^^^^^^^^^^^^^^^^^^^^^^^^^^^^^^^^^^^^^^^^^^^^^^^^^^^^^^
   8 |
   9 | const profileLinks = socialChannels.filter(
  10 |   (channel) => channel.label !== "Email",

Import map: aliased to relative './src/lib/site-data' inside of [project]/

https://nextjs.org/docs/messages/module-not-found @ http://localhost:3000/_next/static/chunks/node_modules_next_dist_115brz8._.js:3318
[ 1688211ms] [ERROR] ./src/components/site/site-canvas.tsx:23:1
Module not found: Can't resolve '@/lib/site-data'
  21 |
  22 | import { SiteIcon } from "@/components/site/site-icons";
> 23 | import {
     | ^^^^^^^
> 24 |   canvasNodes,
     | ^^^^^^^^^^^^^^
> 25 |   shelves,
     | ^^^^^^^^^^
> 26 |   type AccentKey,
     | ^^^^^^^^^^^^^^^^^
> 27 |   type CanvasNodeRecord,
     | ^^^^^^^^^^^^^^^^^^^^^^^^
> 28 | } from "@/lib/site-data";
     | ^^^^^^^^^^^^^^^^^^^^^^^^^
  29 | import { cn } from "@/lib/utils";
  30 |
  31 | type SiteNodeData = Omit<CanvasNodeRecord, "id" | "canvas"> & {

Import map: aliased to relative './src/lib/site-data' inside of [project]/

Import trace:
  Server Component:
    ./src/components/site/site-canvas.tsx
    ./src/app/page.tsx

https://nextjs.org/docs/messages/module-not-found @ http://localhost:3000/_next/static/chunks/node_modules_next_dist_115brz8._.js:3318
[ 1688211ms] [ERROR] ./src/components/site/social-links.tsx:2:1
Module not found: Can't resolve '@/lib/site-data'
  1 | import { SiteIcon } from "@/components/site/site-icons";
> 2 | import { socialChannels } from "@/lib/site-data";
    | ^^^^^^^^^^^^^^^^^^^^^^^^^^^^^^^^^^^^^^^^^^^^^^^^^
  3 |
  4 | export function SocialLinks() {
  5 |   return (

Import map: aliased to relative './src/lib/site-data' inside of [project]/

Import trace:
  Server Component:
    ./src/components/site/social-links.tsx
    ./src/app/page.tsx

https://nextjs.org/docs/messages/module-not-found @ http://localhost:3000/_next/static/chunks/node_modules_next_dist_115brz8._.js:3318
[ 1688240ms] [LOG] [Fast Refresh] rebuilding @ http://localhost:3000/_next/static/chunks/node_modules_next_dist_115brz8._.js:2477
[ 1688285ms] [ERROR] Failed to load resource: the server responded with a status of 500 (Internal Server Error) @ http://localhost:3000/:0
[ 1688360ms] [INFO] %cDownload the React DevTools for a better development experience: https://react.dev/link/react-devtools font-weight:bold @ http://localhost:3000/_next/static/chunks/node_modules_react-dom_0bruynb._.js:15305
[ 1688413ms] Error: ./src/app/page.tsx:7:1
Module not found: Can't resolve '@/lib/site-data'
   5 | import { Button } from "@/components/ui/button";
   6 | import { Separator } from "@/components/ui/separator";
>  7 | import { contactLink, heroCopy, shelves, socialChannels } from "@/lib/site-data";
     | ^^^^^^^^^^^^^^^^^^^^^^^^^^^^^^^^^^^^^^^^^^^^^^^^^^^^^^^^^^^^^^^^^^^^^^^^^^^^^^^^^
   8 |
   9 | const profileLinks = socialChannels.filter(
  10 |   (channel) => channel.label !== "Email",

Import map: aliased to relative './src/lib/site-data' inside of [project]/


https://nextjs.org/docs/messages/module-not-found


    at <unknown> (Error: ./src/app/page.tsx:7:1)
    at <unknown> (https://nextjs.org/docs/messages/module-not-found)
    at Object.getCompilationErrors (file:///Users/josephsimo/Downloads/joesimo/node_modules/next/dist/server/dev/hot-reloader-turbopack.js:1186:59)
    at DevBundlerService.getCompilationError (file:///Users/josephsimo/Downloads/joesimo/node_modules/next/dist/server/lib/dev-bundler-service.js:44:55)
    at DevServer.getCompilationError (file:///Users/josephsimo/Downloads/joesimo/node_modules/next/dist/server/dev/next-dev-server.js:720:42)
    at DevServer.findPageComponents (file:///Users/josephsimo/Downloads/joesimo/node_modules/next/dist/server/dev/next-dev-server.js:690:43)
    at async DevServer.renderErrorToResponseImpl (file:///Users/josephsimo/Downloads/joesimo/node_modules/next/dist/server/base-server.js:1753:26)
[ 1688409ms] [LOG] [HMR] connected @ http://localhost:3000/_next/static/chunks/node_modules_next_dist_0u_w_5s._.js:1226
[ 1688416ms] [ERROR] ./src/app/page.tsx:7:1
Module not found: Can't resolve '@/lib/site-data'
   5 | import { Button } from "@/components/ui/button";
   6 | import { Separator } from "@/components/ui/separator";
>  7 | import { contactLink, heroCopy, shelves, socialChannels } from "@/lib/site-data";
     | ^^^^^^^^^^^^^^^^^^^^^^^^^^^^^^^^^^^^^^^^^^^^^^^^^^^^^^^^^^^^^^^^^^^^^^^^^^^^^^^^^
   8 |
   9 | const profileLinks = socialChannels.filter(
  10 |   (channel) => channel.label !== "Email",

Import map: aliased to relative './src/lib/site-data' inside of [project]/

https://nextjs.org/docs/messages/module-not-found @ http://localhost:3000/_next/static/chunks/node_modules_next_dist_0u_w_5s._.js:1945
[ 1688416ms] [ERROR] ./src/components/site/site-canvas.tsx:23:1
Module not found: Can't resolve '@/lib/site-data'
  21 |
  22 | import { SiteIcon } from "@/components/site/site-icons";
> 23 | import {
     | ^^^^^^^
> 24 |   canvasNodes,
     | ^^^^^^^^^^^^^^
> 25 |   shelves,
     | ^^^^^^^^^^
> 26 |   type AccentKey,
     | ^^^^^^^^^^^^^^^^^
> 27 |   type CanvasNodeRecord,
     | ^^^^^^^^^^^^^^^^^^^^^^^^
> 28 | } from "@/lib/site-data";
     | ^^^^^^^^^^^^^^^^^^^^^^^^^
  29 | import { cn } from "@/lib/utils";
  30 |
  31 | type SiteNodeData = Omit<CanvasNodeRecord, "id" | "canvas"> & {

Import map: aliased to relative './src/lib/site-data' inside of [project]/

Import trace:
  Server Component:
    ./src/components/site/site-canvas.tsx
    ./src/app/page.tsx

https://nextjs.org/docs/messages/module-not-found @ http://localhost:3000/_next/static/chunks/node_modules_next_dist_0u_w_5s._.js:1945
[ 1688417ms] [ERROR] ./src/components/site/social-links.tsx:2:1
Module not found: Can't resolve '@/lib/site-data'
  1 | import { SiteIcon } from "@/components/site/site-icons";
> 2 | import { socialChannels } from "@/lib/site-data";
    | ^^^^^^^^^^^^^^^^^^^^^^^^^^^^^^^^^^^^^^^^^^^^^^^^^
  3 |
  4 | export function SocialLinks() {
  5 |   return (

Import map: aliased to relative './src/lib/site-data' inside of [project]/

Import trace:
  Server Component:
    ./src/components/site/social-links.tsx
    ./src/app/page.tsx

https://nextjs.org/docs/messages/module-not-found @ http://localhost:3000/_next/static/chunks/node_modules_next_dist_0u_w_5s._.js:1945
[ 1688473ms] [ERROR] ./src/app/page.tsx:7:1
Module not found: Can't resolve '@/lib/site-data'
   5 | import { Button } from "@/components/ui/button";
   6 | import { Separator } from "@/components/ui/separator";
>  7 | import { contactLink, heroCopy, shelves, socialChannels } from "@/lib/site-data";
     | ^^^^^^^^^^^^^^^^^^^^^^^^^^^^^^^^^^^^^^^^^^^^^^^^^^^^^^^^^^^^^^^^^^^^^^^^^^^^^^^^^
   8 |
   9 | const profileLinks = socialChannels.filter(
  10 |   (channel) => channel.label !== "Email",

Import map: aliased to relative './src/lib/site-data' inside of [project]/

https://nextjs.org/docs/messages/module-not-found @ http://localhost:3000/_next/static/chunks/node_modules_next_dist_0u_w_5s._.js:1945
[ 1688473ms] [ERROR] ./src/components/site/site-canvas.tsx:23:1
Module not found: Can't resolve '@/lib/site-data'
  21 |
  22 | import { SiteIcon } from "@/components/site/site-icons";
> 23 | import {
     | ^^^^^^^
> 24 |   canvasNodes,
     | ^^^^^^^^^^^^^^
> 25 |   shelves,
     | ^^^^^^^^^^
> 26 |   type AccentKey,
     | ^^^^^^^^^^^^^^^^^
> 27 |   type CanvasNodeRecord,
     | ^^^^^^^^^^^^^^^^^^^^^^^^
> 28 | } from "@/lib/site-data";
     | ^^^^^^^^^^^^^^^^^^^^^^^^^
  29 | import { cn } from "@/lib/utils";
  30 |
  31 | type SiteNodeData = Omit<CanvasNodeRecord, "id" | "canvas"> & {

Import map: aliased to relative './src/lib/site-data' inside of [project]/

Import trace:
  Server Component:
    ./src/components/site/site-canvas.tsx
    ./src/app/page.tsx

https://nextjs.org/docs/messages/module-not-found @ http://localhost:3000/_next/static/chunks/node_modules_next_dist_0u_w_5s._.js:1945
[ 1688473ms] [ERROR] ./src/components/site/social-links.tsx:2:1
Module not found: Can't resolve '@/lib/site-data'
  1 | import { SiteIcon } from "@/components/site/site-icons";
> 2 | import { socialChannels } from "@/lib/site-data";
    | ^^^^^^^^^^^^^^^^^^^^^^^^^^^^^^^^^^^^^^^^^^^^^^^^^
  3 |
  4 | export function SocialLinks() {
  5 |   return (

Import map: aliased to relative './src/lib/site-data' inside of [project]/

Import trace:
  Server Component:
    ./src/components/site/social-links.tsx
    ./src/app/page.tsx

https://nextjs.org/docs/messages/module-not-found @ http://localhost:3000/_next/static/chunks/node_modules_next_dist_0u_w_5s._.js:1945
[ 1688526ms] [LOG] [Fast Refresh] rebuilding @ http://localhost:3000/_next/static/chunks/node_modules_next_dist_0u_w_5s._.js:1226
[ 1711984ms] [LOG] [Fast Refresh] rebuilding @ http://localhost:3000/_next/static/chunks/node_modules_next_dist_0u_w_5s._.js:1226
[ 1712017ms] [ERROR] ./src/components/site/site-canvas.tsx:23:1
Export canvasNodes doesn't exist in target module
  21 |
  22 | import { SiteIcon } from "@/components/site/site-icons";
> 23 | import {
     | ^^^^^^^
> 24 |   canvasNodes,
     | ^^^^^^^^^^^^^^
> 25 |   shelves,
     | ^^^^^^^^^^
> 26 |   type AccentKey,
     | ^^^^^^^^^^^^^^^^^
> 27 |   type CanvasNodeRecord,
     | ^^^^^^^^^^^^^^^^^^^^^^^^
> 28 | } from "@/lib/site-data";
     | ^^^^^^^^^^^^^^^^^^^^^^^^^
  29 | import { cn } from "@/lib/utils";
  30 |
  31 | type SiteNodeData = Omit<CanvasNodeRecord, "id" | "canvas"> & {

The export canvasNodes was not found in module [project]/src/lib/site-data.ts [app-client] (ecmascript).
Did you mean to import socialChannels?
All exports of the module are statically known (It doesn't have dynamic exports). So it's known statically that the requested export doesn't exist.

Import trace:
  Server Component:
    ./src/components/site/site-canvas.tsx
    ./src/app/page.tsx @ http://localhost:3000/_next/static/chunks/node_modules_next_dist_0u_w_5s._.js:1945
[ 1712017ms] [ERROR] ./src/components/site/site-canvas.tsx:23:1
Export canvasNodes doesn't exist in target module
  21 |
  22 | import { SiteIcon } from "@/components/site/site-icons";
> 23 | import {
     | ^^^^^^^
> 24 |   canvasNodes,
     | ^^^^^^^^^^^^^^
> 25 |   shelves,
     | ^^^^^^^^^^
> 26 |   type AccentKey,
     | ^^^^^^^^^^^^^^^^^
> 27 |   type CanvasNodeRecord,
     | ^^^^^^^^^^^^^^^^^^^^^^^^
> 28 | } from "@/lib/site-data";
     | ^^^^^^^^^^^^^^^^^^^^^^^^^
  29 | import { cn } from "@/lib/utils";
  30 |
  31 | type SiteNodeData = Omit<CanvasNodeRecord, "id" | "canvas"> & {

The export canvasNodes was not found in module [project]/src/lib/site-data.ts [app-ssr] (ecmascript).
Did you mean to import socialChannels?
All exports of the module are statically known (It doesn't have dynamic exports). So it's known statically that the requested export doesn't exist.

Import trace:
  Server Component:
    ./src/components/site/site-canvas.tsx
    ./src/app/page.tsx @ http://localhost:3000/_next/static/chunks/node_modules_next_dist_0u_w_5s._.js:1945
[ 1712017ms] [ERROR] ./src/app/page.tsx:7:1
Export shelves doesn't exist in target module
   5 | import { Button } from "@/components/ui/button";
   6 | import { Separator } from "@/components/ui/separator";
>  7 | import { contactLink, heroCopy, shelves, socialChannels } from "@/lib/site-data";
     | ^^^^^^^^^^^^^^^^^^^^^^^^^^^^^^^^^^^^^^^^^^^^^^^^^^^^^^^^^^^^^^^^^^^^^^^^^^^^^^^^^
   8 |
   9 | const profileLinks = socialChannels.filter(
  10 |   (channel) => channel.label !== "Email",

The export shelves was not found in module [project]/src/lib/site-data.ts [app-rsc] (ecmascript).
Did you mean to import shelfRecords?
All exports of the module are statically known (It doesn't have dynamic exports). So it's known statically that the requested export doesn't exist. @ http://localhost:3000/_next/static/chunks/node_modules_next_dist_0u_w_5s._.js:1945
[ 1712017ms] [ERROR] ./src/components/site/site-canvas.tsx:23:1
Export shelves doesn't exist in target module
  21 |
  22 | import { SiteIcon } from "@/components/site/site-icons";
> 23 | import {
     | ^^^^^^^
> 24 |   canvasNodes,
     | ^^^^^^^^^^^^^^
> 25 |   shelves,
     | ^^^^^^^^^^
> 26 |   type AccentKey,
     | ^^^^^^^^^^^^^^^^^
> 27 |   type CanvasNodeRecord,
     | ^^^^^^^^^^^^^^^^^^^^^^^^
> 28 | } from "@/lib/site-data";
     | ^^^^^^^^^^^^^^^^^^^^^^^^^
  29 | import { cn } from "@/lib/utils";
  30 |
  31 | type SiteNodeData = Omit<CanvasNodeRecord, "id" | "canvas"> & {

The export shelves was not found in module [project]/src/lib/site-data.ts [app-client] (ecmascript).
Did you mean to import shelfRecords?
All exports of the module are statically known (It doesn't have dynamic exports). So it's known statically that the requested export doesn't exist.

Import trace:
  Server Component:
    ./src/components/site/site-canvas.tsx
    ./src/app/page.tsx @ http://localhost:3000/_next/static/chunks/node_modules_next_dist_0u_w_5s._.js:1945
[ 1712017ms] [ERROR] ./src/components/site/site-canvas.tsx:23:1
Export shelves doesn't exist in target module
  21 |
  22 | import { SiteIcon } from "@/components/site/site-icons";
> 23 | import {
     | ^^^^^^^
> 24 |   canvasNodes,
     | ^^^^^^^^^^^^^^
> 25 |   shelves,
     | ^^^^^^^^^^
> 26 |   type AccentKey,
     | ^^^^^^^^^^^^^^^^^
> 27 |   type CanvasNodeRecord,
     | ^^^^^^^^^^^^^^^^^^^^^^^^
> 28 | } from "@/lib/site-data";
     | ^^^^^^^^^^^^^^^^^^^^^^^^^
  29 | import { cn } from "@/lib/utils";
  30 |
  31 | type SiteNodeData = Omit<CanvasNodeRecord, "id" | "canvas"> & {

The export shelves was not found in module [project]/src/lib/site-data.ts [app-ssr] (ecmascript).
Did you mean to import shelfRecords?
All exports of the module are statically known (It doesn't have dynamic exports). So it's known statically that the requested export doesn't exist.

Import trace:
  Server Component:
    ./src/components/site/site-canvas.tsx
    ./src/app/page.tsx @ http://localhost:3000/_next/static/chunks/node_modules_next_dist_0u_w_5s._.js:1945
[ 1712103ms] [ERROR] ./src/components/site/site-canvas.tsx:23:1
Export canvasNodes doesn't exist in target module
  21 |
  22 | import { SiteIcon } from "@/components/site/site-icons";
> 23 | import {
     | ^^^^^^^
> 24 |   canvasNodes,
     | ^^^^^^^^^^^^^^
> 25 |   shelves,
     | ^^^^^^^^^^
> 26 |   type AccentKey,
     | ^^^^^^^^^^^^^^^^^
> 27 |   type CanvasNodeRecord,
     | ^^^^^^^^^^^^^^^^^^^^^^^^
> 28 | } from "@/lib/site-data";
     | ^^^^^^^^^^^^^^^^^^^^^^^^^
  29 | import { cn } from "@/lib/utils";
  30 |
  31 | type SiteNodeData = Omit<CanvasNodeRecord, "id" | "canvas"> & {

The export canvasNodes was not found in module [project]/src/lib/site-data.ts [app-client] (ecmascript).
Did you mean to import socialChannels?
All exports of the module are statically known (It doesn't have dynamic exports). So it's known statically that the requested export doesn't exist.

Import trace:
  Server Component:
    ./src/components/site/site-canvas.tsx
    ./src/app/page.tsx @ http://localhost:3000/_next/static/chunks/node_modules_next_dist_0u_w_5s._.js:1945
[ 1712103ms] [ERROR] ./src/components/site/site-canvas.tsx:23:1
Export canvasNodes doesn't exist in target module
  21 |
  22 | import { SiteIcon } from "@/components/site/site-icons";
> 23 | import {
     | ^^^^^^^
> 24 |   canvasNodes,
     | ^^^^^^^^^^^^^^
> 25 |   shelves,
     | ^^^^^^^^^^
> 26 |   type AccentKey,
     | ^^^^^^^^^^^^^^^^^
> 27 |   type CanvasNodeRecord,
     | ^^^^^^^^^^^^^^^^^^^^^^^^
> 28 | } from "@/lib/site-data";
     | ^^^^^^^^^^^^^^^^^^^^^^^^^
  29 | import { cn } from "@/lib/utils";
  30 |
  31 | type SiteNodeData = Omit<CanvasNodeRecord, "id" | "canvas"> & {

The export canvasNodes was not found in module [project]/src/lib/site-data.ts [app-ssr] (ecmascript).
Did you mean to import socialChannels?
All exports of the module are statically known (It doesn't have dynamic exports). So it's known statically that the requested export doesn't exist.

Import trace:
  Server Component:
    ./src/components/site/site-canvas.tsx
    ./src/app/page.tsx @ http://localhost:3000/_next/static/chunks/node_modules_next_dist_0u_w_5s._.js:1945
[ 1712103ms] [ERROR] ./src/app/page.tsx:7:1
Export shelves doesn't exist in target module
   5 | import { Button } from "@/components/ui/button";
   6 | import { Separator } from "@/components/ui/separator";
>  7 | import { contactLink, heroCopy, shelves, socialChannels } from "@/lib/site-data";
     | ^^^^^^^^^^^^^^^^^^^^^^^^^^^^^^^^^^^^^^^^^^^^^^^^^^^^^^^^^^^^^^^^^^^^^^^^^^^^^^^^^
   8 |
   9 | const profileLinks = socialChannels.filter(
  10 |   (channel) => channel.label !== "Email",

The export shelves was not found in module [project]/src/lib/site-data.ts [app-rsc] (ecmascript).
Did you mean to import shelfRecords?
All exports of the module are statically known (It doesn't have dynamic exports). So it's known statically that the requested export doesn't exist. @ http://localhost:3000/_next/static/chunks/node_modules_next_dist_0u_w_5s._.js:1945
[ 1712103ms] [ERROR] ./src/components/site/site-canvas.tsx:23:1
Export shelves doesn't exist in target module
  21 |
  22 | import { SiteIcon } from "@/components/site/site-icons";
> 23 | import {
     | ^^^^^^^
> 24 |   canvasNodes,
     | ^^^^^^^^^^^^^^
> 25 |   shelves,
     | ^^^^^^^^^^
> 26 |   type AccentKey,
     | ^^^^^^^^^^^^^^^^^
> 27 |   type CanvasNodeRecord,
     | ^^^^^^^^^^^^^^^^^^^^^^^^
> 28 | } from "@/lib/site-data";
     | ^^^^^^^^^^^^^^^^^^^^^^^^^
  29 | import { cn } from "@/lib/utils";
  30 |
  31 | type SiteNodeData = Omit<CanvasNodeRecord, "id" | "canvas"> & {

The export shelves was not found in module [project]/src/lib/site-data.ts [app-client] (ecmascript).
Did you mean to import shelfRecords?
All exports of the module are statically known (It doesn't have dynamic exports). So it's known statically that the requested export doesn't exist.

Import trace:
  Server Component:
    ./src/components/site/site-canvas.tsx
    ./src/app/page.tsx @ http://localhost:3000/_next/static/chunks/node_modules_next_dist_0u_w_5s._.js:1945
[ 1712103ms] [ERROR] ./src/components/site/site-canvas.tsx:23:1
Export shelves doesn't exist in target module
  21 |
  22 | import { SiteIcon } from "@/components/site/site-icons";
> 23 | import {
     | ^^^^^^^
> 24 |   canvasNodes,
     | ^^^^^^^^^^^^^^
> 25 |   shelves,
     | ^^^^^^^^^^
> 26 |   type AccentKey,
     | ^^^^^^^^^^^^^^^^^
> 27 |   type CanvasNodeRecord,
     | ^^^^^^^^^^^^^^^^^^^^^^^^
> 28 | } from "@/lib/site-data";
     | ^^^^^^^^^^^^^^^^^^^^^^^^^
  29 | import { cn } from "@/lib/utils";
  30 |
  31 | type SiteNodeData = Omit<CanvasNodeRecord, "id" | "canvas"> & {

The export shelves was not found in module [project]/src/lib/site-data.ts [app-ssr] (ecmascript).
Did you mean to import shelfRecords?
All exports of the module are statically known (It doesn't have dynamic exports). So it's known statically that the requested export doesn't exist.

Import trace:
  Server Component:
    ./src/components/site/site-canvas.tsx
    ./src/app/page.tsx @ http://localhost:3000/_next/static/chunks/node_modules_next_dist_0u_w_5s._.js:1945
[ 1712173ms] [ERROR] ./src/components/site/site-canvas.tsx:23:1
Export canvasNodes doesn't exist in target module
  21 |
  22 | import { SiteIcon } from "@/components/site/site-icons";
> 23 | import {
     | ^^^^^^^
> 24 |   canvasNodes,
     | ^^^^^^^^^^^^^^
> 25 |   shelves,
     | ^^^^^^^^^^
> 26 |   type AccentKey,
     | ^^^^^^^^^^^^^^^^^
> 27 |   type CanvasNodeRecord,
     | ^^^^^^^^^^^^^^^^^^^^^^^^
> 28 | } from "@/lib/site-data";
     | ^^^^^^^^^^^^^^^^^^^^^^^^^
  29 | import { cn } from "@/lib/utils";
  30 |
  31 | type SiteNodeData = Omit<CanvasNodeRecord, "id" | "canvas"> & {

The export canvasNodes was not found in module [project]/src/lib/site-data.ts [app-client] (ecmascript).
Did you mean to import socialChannels?
All exports of the module are statically known (It doesn't have dynamic exports). So it's known statically that the requested export doesn't exist.

Import trace:
  Server Component:
    ./src/components/site/site-canvas.tsx
    ./src/app/page.tsx @ http://localhost:3000/_next/static/chunks/node_modules_next_dist_0u_w_5s._.js:1945
[ 1712173ms] [ERROR] ./src/components/site/site-canvas.tsx:23:1
Export canvasNodes doesn't exist in target module
  21 |
  22 | import { SiteIcon } from "@/components/site/site-icons";
> 23 | import {
     | ^^^^^^^
> 24 |   canvasNodes,
     | ^^^^^^^^^^^^^^
> 25 |   shelves,
     | ^^^^^^^^^^
> 26 |   type AccentKey,
     | ^^^^^^^^^^^^^^^^^
> 27 |   type CanvasNodeRecord,
     | ^^^^^^^^^^^^^^^^^^^^^^^^
> 28 | } from "@/lib/site-data";
     | ^^^^^^^^^^^^^^^^^^^^^^^^^
  29 | import { cn } from "@/lib/utils";
  30 |
  31 | type SiteNodeData = Omit<CanvasNodeRecord, "id" | "canvas"> & {

The export canvasNodes was not found in module [project]/src/lib/site-data.ts [app-ssr] (ecmascript).
Did you mean to import socialChannels?
All exports of the module are statically known (It doesn't have dynamic exports). So it's known statically that the requested export doesn't exist.

Import trace:
  Server Component:
    ./src/components/site/site-canvas.tsx
    ./src/app/page.tsx @ http://localhost:3000/_next/static/chunks/node_modules_next_dist_0u_w_5s._.js:1945
[ 1712173ms] [ERROR] ./src/app/page.tsx:7:1
Export shelves doesn't exist in target module
   5 | import { Button } from "@/components/ui/button";
   6 | import { Separator } from "@/components/ui/separator";
>  7 | import { contactLink, heroCopy, shelves, socialChannels } from "@/lib/site-data";
     | ^^^^^^^^^^^^^^^^^^^^^^^^^^^^^^^^^^^^^^^^^^^^^^^^^^^^^^^^^^^^^^^^^^^^^^^^^^^^^^^^^
   8 |
   9 | const profileLinks = socialChannels.filter(
  10 |   (channel) => channel.label !== "Email",

The export shelves was not found in module [project]/src/lib/site-data.ts [app-rsc] (ecmascript).
Did you mean to import shelfRecords?
All exports of the module are statically known (It doesn't have dynamic exports). So it's known statically that the requested export doesn't exist. @ http://localhost:3000/_next/static/chunks/node_modules_next_dist_0u_w_5s._.js:1945
[ 1712173ms] [ERROR] ./src/components/site/site-canvas.tsx:23:1
Export shelves doesn't exist in target module
  21 |
  22 | import { SiteIcon } from "@/components/site/site-icons";
> 23 | import {
     | ^^^^^^^
> 24 |   canvasNodes,
     | ^^^^^^^^^^^^^^
> 25 |   shelves,
     | ^^^^^^^^^^
> 26 |   type AccentKey,
     | ^^^^^^^^^^^^^^^^^
> 27 |   type CanvasNodeRecord,
     | ^^^^^^^^^^^^^^^^^^^^^^^^
> 28 | } from "@/lib/site-data";
     | ^^^^^^^^^^^^^^^^^^^^^^^^^
  29 | import { cn } from "@/lib/utils";
  30 |
  31 | type SiteNodeData = Omit<CanvasNodeRecord, "id" | "canvas"> & {

The export shelves was not found in module [project]/src/lib/site-data.ts [app-client] (ecmascript).
Did you mean to import shelfRecords?
All exports of the module are statically known (It doesn't have dynamic exports). So it's known statically that the requested export doesn't exist.

Import trace:
  Server Component:
    ./src/components/site/site-canvas.tsx
    ./src/app/page.tsx @ http://localhost:3000/_next/static/chunks/node_modules_next_dist_0u_w_5s._.js:1945
[ 1712173ms] [ERROR] ./src/components/site/site-canvas.tsx:23:1
Export shelves doesn't exist in target module
  21 |
  22 | import { SiteIcon } from "@/components/site/site-icons";
> 23 | import {
     | ^^^^^^^
> 24 |   canvasNodes,
     | ^^^^^^^^^^^^^^
> 25 |   shelves,
     | ^^^^^^^^^^
> 26 |   type AccentKey,
     | ^^^^^^^^^^^^^^^^^
> 27 |   type CanvasNodeRecord,
     | ^^^^^^^^^^^^^^^^^^^^^^^^
> 28 | } from "@/lib/site-data";
     | ^^^^^^^^^^^^^^^^^^^^^^^^^
  29 | import { cn } from "@/lib/utils";
  30 |
  31 | type SiteNodeData = Omit<CanvasNodeRecord, "id" | "canvas"> & {

The export shelves was not found in module [project]/src/lib/site-data.ts [app-ssr] (ecmascript).
Did you mean to import shelfRecords?
All exports of the module are statically known (It doesn't have dynamic exports). So it's known statically that the requested export doesn't exist.

Import trace:
  Server Component:
    ./src/components/site/site-canvas.tsx
    ./src/app/page.tsx @ http://localhost:3000/_next/static/chunks/node_modules_next_dist_0u_w_5s._.js:1945
[ 1712209ms] [ERROR] ./src/components/site/site-canvas.tsx:23:1
Export canvasNodes doesn't exist in target module
  21 |
  22 | import { SiteIcon } from "@/components/site/site-icons";
> 23 | import {
     | ^^^^^^^
> 24 |   canvasNodes,
     | ^^^^^^^^^^^^^^
> 25 |   shelves,
     | ^^^^^^^^^^
> 26 |   type AccentKey,
     | ^^^^^^^^^^^^^^^^^
> 27 |   type CanvasNodeRecord,
     | ^^^^^^^^^^^^^^^^^^^^^^^^
> 28 | } from "@/lib/site-data";
     | ^^^^^^^^^^^^^^^^^^^^^^^^^
  29 | import { cn } from "@/lib/utils";
  30 |
  31 | type SiteNodeData = Omit<CanvasNodeRecord, "id" | "canvas"> & {

The export canvasNodes was not found in module [project]/src/lib/site-data.ts [app-client] (ecmascript).
Did you mean to import socialChannels?
All exports of the module are statically known (It doesn't have dynamic exports). So it's known statically that the requested export doesn't exist.

Import trace:
  Server Component:
    ./src/components/site/site-canvas.tsx
    ./src/app/page.tsx @ http://localhost:3000/_next/static/chunks/node_modules_next_dist_0u_w_5s._.js:1945
[ 1712209ms] [ERROR] ./src/components/site/site-canvas.tsx:23:1
Export canvasNodes doesn't exist in target module
  21 |
  22 | import { SiteIcon } from "@/components/site/site-icons";
> 23 | import {
     | ^^^^^^^
> 24 |   canvasNodes,
     | ^^^^^^^^^^^^^^
> 25 |   shelves,
     | ^^^^^^^^^^
> 26 |   type AccentKey,
     | ^^^^^^^^^^^^^^^^^
> 27 |   type CanvasNodeRecord,
     | ^^^^^^^^^^^^^^^^^^^^^^^^
> 28 | } from "@/lib/site-data";
     | ^^^^^^^^^^^^^^^^^^^^^^^^^
  29 | import { cn } from "@/lib/utils";
  30 |
  31 | type SiteNodeData = Omit<CanvasNodeRecord, "id" | "canvas"> & {

The export canvasNodes was not found in module [project]/src/lib/site-data.ts [app-ssr] (ecmascript).
Did you mean to import socialChannels?
All exports of the module are statically known (It doesn't have dynamic exports). So it's known statically that the requested export doesn't exist.

Import trace:
  Server Component:
    ./src/components/site/site-canvas.tsx
    ./src/app/page.tsx @ http://localhost:3000/_next/static/chunks/node_modules_next_dist_0u_w_5s._.js:1945
[ 1712209ms] [ERROR] ./src/app/page.tsx:7:1
Export shelves doesn't exist in target module
   5 | import { Button } from "@/components/ui/button";
   6 | import { Separator } from "@/components/ui/separator";
>  7 | import { contactLink, heroCopy, shelves, socialChannels } from "@/lib/site-data";
     | ^^^^^^^^^^^^^^^^^^^^^^^^^^^^^^^^^^^^^^^^^^^^^^^^^^^^^^^^^^^^^^^^^^^^^^^^^^^^^^^^^
   8 |
   9 | const profileLinks = socialChannels.filter(
  10 |   (channel) => channel.label !== "Email",

The export shelves was not found in module [project]/src/lib/site-data.ts [app-rsc] (ecmascript).
Did you mean to import shelfRecords?
All exports of the module are statically known (It doesn't have dynamic exports). So it's known statically that the requested export doesn't exist. @ http://localhost:3000/_next/static/chunks/node_modules_next_dist_0u_w_5s._.js:1945
[ 1712209ms] [ERROR] ./src/components/site/site-canvas.tsx:23:1
Export shelves doesn't exist in target module
  21 |
  22 | import { SiteIcon } from "@/components/site/site-icons";
> 23 | import {
     | ^^^^^^^
> 24 |   canvasNodes,
     | ^^^^^^^^^^^^^^
> 25 |   shelves,
     | ^^^^^^^^^^
> 26 |   type AccentKey,
     | ^^^^^^^^^^^^^^^^^
> 27 |   type CanvasNodeRecord,
     | ^^^^^^^^^^^^^^^^^^^^^^^^
> 28 | } from "@/lib/site-data";
     | ^^^^^^^^^^^^^^^^^^^^^^^^^
  29 | import { cn } from "@/lib/utils";
  30 |
  31 | type SiteNodeData = Omit<CanvasNodeRecord, "id" | "canvas"> & {

The export shelves was not found in module [project]/src/lib/site-data.ts [app-client] (ecmascript).
Did you mean to import shelfRecords?
All exports of the module are statically known (It doesn't have dynamic exports). So it's known statically that the requested export doesn't exist.

Import trace:
  Server Component:
    ./src/components/site/site-canvas.tsx
    ./src/app/page.tsx @ http://localhost:3000/_next/static/chunks/node_modules_next_dist_0u_w_5s._.js:1945
[ 1712210ms] [ERROR] ./src/components/site/site-canvas.tsx:23:1
Export shelves doesn't exist in target module
  21 |
  22 | import { SiteIcon } from "@/components/site/site-icons";
> 23 | import {
     | ^^^^^^^
> 24 |   canvasNodes,
     | ^^^^^^^^^^^^^^
> 25 |   shelves,
     | ^^^^^^^^^^
> 26 |   type AccentKey,
     | ^^^^^^^^^^^^^^^^^
> 27 |   type CanvasNodeRecord,
     | ^^^^^^^^^^^^^^^^^^^^^^^^
> 28 | } from "@/lib/site-data";
     | ^^^^^^^^^^^^^^^^^^^^^^^^^
  29 | import { cn } from "@/lib/utils";
  30 |
  31 | type SiteNodeData = Omit<CanvasNodeRecord, "id" | "canvas"> & {

The export shelves was not found in module [project]/src/lib/site-data.ts [app-ssr] (ecmascript).
Did you mean to import shelfRecords?
All exports of the module are statically known (It doesn't have dynamic exports). So it's known statically that the requested export doesn't exist.

Import trace:
  Server Component:
    ./src/components/site/site-canvas.tsx
    ./src/app/page.tsx @ http://localhost:3000/_next/static/chunks/node_modules_next_dist_0u_w_5s._.js:1945
[ 1712221ms] [ERROR] Failed to load resource: the server responded with a status of 500 (Internal Server Error) @ http://localhost:3000/:0
[ 1712235ms] [INFO] %cDownload the React DevTools for a better development experience: https://react.dev/link/react-devtools font-weight:bold @ http://localhost:3000/_next/static/chunks/node_modules_react-dom_0bruynb._.js:15305
[ 1712243ms] Error: ./src/components/site/site-canvas.tsx:23:1
Export canvasNodes doesn't exist in target module
  21 |
  22 | import { SiteIcon } from "@/components/site/site-icons";
> 23 | import {
     | ^^^^^^^
> 24 |   canvasNodes,
     | ^^^^^^^^^^^^^^
> 25 |   shelves,
     | ^^^^^^^^^^
> 26 |   type AccentKey,
     | ^^^^^^^^^^^^^^^^^
> 27 |   type CanvasNodeRecord,
     | ^^^^^^^^^^^^^^^^^^^^^^^^
> 28 | } from "@/lib/site-data";
     | ^^^^^^^^^^^^^^^^^^^^^^^^^
  29 | import { cn } from "@/lib/utils";
  30 |
  31 | type SiteNodeData = Omit<CanvasNodeRecord, "id" | "canvas"> & {

The export canvasNodes was not found in module [project]/src/lib/site-data.ts [app-client] (ecmascript).
Did you mean to import socialChannels?
All exports of the module are statically known (It doesn't have dynamic exports). So it's known statically that the requested export doesn't exist.

Import trace:
  Server Component:
    ./src/components/site/site-canvas.tsx
    ./src/app/page.tsx


    at <unknown> (Error: ./src/components/site/site-canvas.tsx:23:1)
    at Object.getCompilationErrors (file:///Users/josephsimo/Downloads/joesimo/node_modules/next/dist/server/dev/hot-reloader-turbopack.js:1186:59)
    at DevBundlerService.getCompilationError (file:///Users/josephsimo/Downloads/joesimo/node_modules/next/dist/server/lib/dev-bundler-service.js:44:55)
    at DevServer.getCompilationError (file:///Users/josephsimo/Downloads/joesimo/node_modules/next/dist/server/dev/next-dev-server.js:720:42)
    at DevServer.findPageComponents (file:///Users/josephsimo/Downloads/joesimo/node_modules/next/dist/server/dev/next-dev-server.js:690:43)
    at async DevServer.renderErrorToResponseImpl (file:///Users/josephsimo/Downloads/joesimo/node_modules/next/dist/server/base-server.js:1753:26)
[ 1712244ms] [LOG] [HMR] connected @ http://localhost:3000/_next/static/chunks/node_modules_next_dist_0u_w_5s._.js:1226
[ 1712245ms] [ERROR] ./src/components/site/site-canvas.tsx:23:1
Export canvasNodes doesn't exist in target module
  21 |
  22 | import { SiteIcon } from "@/components/site/site-icons";
> 23 | import {
     | ^^^^^^^
> 24 |   canvasNodes,
     | ^^^^^^^^^^^^^^
> 25 |   shelves,
     | ^^^^^^^^^^
> 26 |   type AccentKey,
     | ^^^^^^^^^^^^^^^^^
> 27 |   type CanvasNodeRecord,
     | ^^^^^^^^^^^^^^^^^^^^^^^^
> 28 | } from "@/lib/site-data";
     | ^^^^^^^^^^^^^^^^^^^^^^^^^
  29 | import { cn } from "@/lib/utils";
  30 |
  31 | type SiteNodeData = Omit<CanvasNodeRecord, "id" | "canvas"> & {

The export canvasNodes was not found in module [project]/src/lib/site-data.ts [app-client] (ecmascript).
Did you mean to import socialChannels?
All exports of the module are statically known (It doesn't have dynamic exports). So it's known statically that the requested export doesn't exist.

Import trace:
  Server Component:
    ./src/components/site/site-canvas.tsx
    ./src/app/page.tsx @ http://localhost:3000/_next/static/chunks/node_modules_next_dist_0u_w_5s._.js:1945
[ 1712245ms] [ERROR] ./src/components/site/site-canvas.tsx:23:1
Export canvasNodes doesn't exist in target module
  21 |
  22 | import { SiteIcon } from "@/components/site/site-icons";
> 23 | import {
     | ^^^^^^^
> 24 |   canvasNodes,
     | ^^^^^^^^^^^^^^
> 25 |   shelves,
     | ^^^^^^^^^^
> 26 |   type AccentKey,
     | ^^^^^^^^^^^^^^^^^
> 27 |   type CanvasNodeRecord,
     | ^^^^^^^^^^^^^^^^^^^^^^^^
> 28 | } from "@/lib/site-data";
     | ^^^^^^^^^^^^^^^^^^^^^^^^^
  29 | import { cn } from "@/lib/utils";
  30 |
  31 | type SiteNodeData = Omit<CanvasNodeRecord, "id" | "canvas"> & {

The export canvasNodes was not found in module [project]/src/lib/site-data.ts [app-ssr] (ecmascript).
Did you mean to import socialChannels?
All exports of the module are statically known (It doesn't have dynamic exports). So it's known statically that the requested export doesn't exist.

Import trace:
  Server Component:
    ./src/components/site/site-canvas.tsx
    ./src/app/page.tsx @ http://localhost:3000/_next/static/chunks/node_modules_next_dist_0u_w_5s._.js:1945
[ 1712245ms] [ERROR] ./src/app/page.tsx:7:1
Export shelves doesn't exist in target module
   5 | import { Button } from "@/components/ui/button";
   6 | import { Separator } from "@/components/ui/separator";
>  7 | import { contactLink, heroCopy, shelves, socialChannels } from "@/lib/site-data";
     | ^^^^^^^^^^^^^^^^^^^^^^^^^^^^^^^^^^^^^^^^^^^^^^^^^^^^^^^^^^^^^^^^^^^^^^^^^^^^^^^^^
   8 |
   9 | const profileLinks = socialChannels.filter(
  10 |   (channel) => channel.label !== "Email",

The export shelves was not found in module [project]/src/lib/site-data.ts [app-rsc] (ecmascript).
Did you mean to import shelfRecords?
All exports of the module are statically known (It doesn't have dynamic exports). So it's known statically that the requested export doesn't exist. @ http://localhost:3000/_next/static/chunks/node_modules_next_dist_0u_w_5s._.js:1945
[ 1712245ms] [ERROR] ./src/components/site/site-canvas.tsx:23:1
Export shelves doesn't exist in target module
  21 |
  22 | import { SiteIcon } from "@/components/site/site-icons";
> 23 | import {
     | ^^^^^^^
> 24 |   canvasNodes,
     | ^^^^^^^^^^^^^^
> 25 |   shelves,
     | ^^^^^^^^^^
> 26 |   type AccentKey,
     | ^^^^^^^^^^^^^^^^^
> 27 |   type CanvasNodeRecord,
     | ^^^^^^^^^^^^^^^^^^^^^^^^
> 28 | } from "@/lib/site-data";
     | ^^^^^^^^^^^^^^^^^^^^^^^^^
  29 | import { cn } from "@/lib/utils";
  30 |
  31 | type SiteNodeData = Omit<CanvasNodeRecord, "id" | "canvas"> & {

The export shelves was not found in module [project]/src/lib/site-data.ts [app-client] (ecmascript).
Did you mean to import shelfRecords?
All exports of the module are statically known (It doesn't have dynamic exports). So it's known statically that the requested export doesn't exist.

Import trace:
  Server Component:
    ./src/components/site/site-canvas.tsx
    ./src/app/page.tsx @ http://localhost:3000/_next/static/chunks/node_modules_next_dist_0u_w_5s._.js:1945
[ 1712245ms] [ERROR] ./src/components/site/site-canvas.tsx:23:1
Export shelves doesn't exist in target module
  21 |
  22 | import { SiteIcon } from "@/components/site/site-icons";
> 23 | import {
     | ^^^^^^^
> 24 |   canvasNodes,
     | ^^^^^^^^^^^^^^
> 25 |   shelves,
     | ^^^^^^^^^^
> 26 |   type AccentKey,
     | ^^^^^^^^^^^^^^^^^
> 27 |   type CanvasNodeRecord,
     | ^^^^^^^^^^^^^^^^^^^^^^^^
> 28 | } from "@/lib/site-data";
     | ^^^^^^^^^^^^^^^^^^^^^^^^^
  29 | import { cn } from "@/lib/utils";
  30 |
  31 | type SiteNodeData = Omit<CanvasNodeRecord, "id" | "canvas"> & {

The export shelves was not found in module [project]/src/lib/site-data.ts [app-ssr] (ecmascript).
Did you mean to import shelfRecords?
All exports of the module are statically known (It doesn't have dynamic exports). So it's known statically that the requested export doesn't exist.

Import trace:
  Server Component:
    ./src/components/site/site-canvas.tsx
    ./src/app/page.tsx @ http://localhost:3000/_next/static/chunks/node_modules_next_dist_0u_w_5s._.js:1945
[ 1712248ms] [ERROR] ./src/components/site/site-canvas.tsx:23:1
Export canvasNodes doesn't exist in target module
  21 |
  22 | import { SiteIcon } from "@/components/site/site-icons";
> 23 | import {
     | ^^^^^^^
> 24 |   canvasNodes,
     | ^^^^^^^^^^^^^^
> 25 |   shelves,
     | ^^^^^^^^^^
> 26 |   type AccentKey,
     | ^^^^^^^^^^^^^^^^^
> 27 |   type CanvasNodeRecord,
     | ^^^^^^^^^^^^^^^^^^^^^^^^
> 28 | } from "@/lib/site-data";
     | ^^^^^^^^^^^^^^^^^^^^^^^^^
  29 | import { cn } from "@/lib/utils";
  30 |
  31 | type SiteNodeData = Omit<CanvasNodeRecord, "id" | "canvas"> & {

The export canvasNodes was not found in module [project]/src/lib/site-data.ts [app-client] (ecmascript).
Did you mean to import socialChannels?
All exports of the module are statically known (It doesn't have dynamic exports). So it's known statically that the requested export doesn't exist.

Import trace:
  Server Component:
    ./src/components/site/site-canvas.tsx
    ./src/app/page.tsx @ http://localhost:3000/_next/static/chunks/node_modules_next_dist_0u_w_5s._.js:1945
[ 1712248ms] [ERROR] ./src/components/site/site-canvas.tsx:23:1
Export canvasNodes doesn't exist in target module
  21 |
  22 | import { SiteIcon } from "@/components/site/site-icons";
> 23 | import {
     | ^^^^^^^
> 24 |   canvasNodes,
     | ^^^^^^^^^^^^^^
> 25 |   shelves,
     | ^^^^^^^^^^
> 26 |   type AccentKey,
     | ^^^^^^^^^^^^^^^^^
> 27 |   type CanvasNodeRecord,
     | ^^^^^^^^^^^^^^^^^^^^^^^^
> 28 | } from "@/lib/site-data";
     | ^^^^^^^^^^^^^^^^^^^^^^^^^
  29 | import { cn } from "@/lib/utils";
  30 |
  31 | type SiteNodeData = Omit<CanvasNodeRecord, "id" | "canvas"> & {

The export canvasNodes was not found in module [project]/src/lib/site-data.ts [app-ssr] (ecmascript).
Did you mean to import socialChannels?
All exports of the module are statically known (It doesn't have dynamic exports). So it's known statically that the requested export doesn't exist.

Import trace:
  Server Component:
    ./src/components/site/site-canvas.tsx
    ./src/app/page.tsx @ http://localhost:3000/_next/static/chunks/node_modules_next_dist_0u_w_5s._.js:1945
[ 1712248ms] [ERROR] ./src/app/page.tsx:7:1
Export shelves doesn't exist in target module
   5 | import { Button } from "@/components/ui/button";
   6 | import { Separator } from "@/components/ui/separator";
>  7 | import { contactLink, heroCopy, shelves, socialChannels } from "@/lib/site-data";
     | ^^^^^^^^^^^^^^^^^^^^^^^^^^^^^^^^^^^^^^^^^^^^^^^^^^^^^^^^^^^^^^^^^^^^^^^^^^^^^^^^^
   8 |
   9 | const profileLinks = socialChannels.filter(
  10 |   (channel) => channel.label !== "Email",

The export shelves was not found in module [project]/src/lib/site-data.ts [app-rsc] (ecmascript).
Did you mean to import shelfRecords?
All exports of the module are statically known (It doesn't have dynamic exports). So it's known statically that the requested export doesn't exist. @ http://localhost:3000/_next/static/chunks/node_modules_next_dist_0u_w_5s._.js:1945
[ 1712248ms] [ERROR] ./src/components/site/site-canvas.tsx:23:1
Export shelves doesn't exist in target module
  21 |
  22 | import { SiteIcon } from "@/components/site/site-icons";
> 23 | import {
     | ^^^^^^^
> 24 |   canvasNodes,
     | ^^^^^^^^^^^^^^
> 25 |   shelves,
     | ^^^^^^^^^^
> 26 |   type AccentKey,
     | ^^^^^^^^^^^^^^^^^
> 27 |   type CanvasNodeRecord,
     | ^^^^^^^^^^^^^^^^^^^^^^^^
> 28 | } from "@/lib/site-data";
     | ^^^^^^^^^^^^^^^^^^^^^^^^^
  29 | import { cn } from "@/lib/utils";
  30 |
  31 | type SiteNodeData = Omit<CanvasNodeRecord, "id" | "canvas"> & {

The export shelves was not found in module [project]/src/lib/site-data.ts [app-client] (ecmascript).
Did you mean to import shelfRecords?
All exports of the module are statically known (It doesn't have dynamic exports). So it's known statically that the requested export doesn't exist.

Import trace:
  Server Component:
    ./src/components/site/site-canvas.tsx
    ./src/app/page.tsx @ http://localhost:3000/_next/static/chunks/node_modules_next_dist_0u_w_5s._.js:1945
[ 1712248ms] [ERROR] ./src/components/site/site-canvas.tsx:23:1
Export shelves doesn't exist in target module
  21 |
  22 | import { SiteIcon } from "@/components/site/site-icons";
> 23 | import {
     | ^^^^^^^
> 24 |   canvasNodes,
     | ^^^^^^^^^^^^^^
> 25 |   shelves,
     | ^^^^^^^^^^
> 26 |   type AccentKey,
     | ^^^^^^^^^^^^^^^^^
> 27 |   type CanvasNodeRecord,
     | ^^^^^^^^^^^^^^^^^^^^^^^^
> 28 | } from "@/lib/site-data";
     | ^^^^^^^^^^^^^^^^^^^^^^^^^
  29 | import { cn } from "@/lib/utils";
  30 |
  31 | type SiteNodeData = Omit<CanvasNodeRecord, "id" | "canvas"> & {

The export shelves was not found in module [project]/src/lib/site-data.ts [app-ssr] (ecmascript).
Did you mean to import shelfRecords?
All exports of the module are statically known (It doesn't have dynamic exports). So it's known statically that the requested export doesn't exist.

Import trace:
  Server Component:
    ./src/components/site/site-canvas.tsx
    ./src/app/page.tsx @ http://localhost:3000/_next/static/chunks/node_modules_next_dist_0u_w_5s._.js:1945
[ 1712280ms] [ERROR] ./src/components/site/site-canvas.tsx:23:1
Export canvasNodes doesn't exist in target module
  21 |
  22 | import { SiteIcon } from "@/components/site/site-icons";
> 23 | import {
     | ^^^^^^^
> 24 |   canvasNodes,
     | ^^^^^^^^^^^^^^
> 25 |   shelves,
     | ^^^^^^^^^^
> 26 |   type AccentKey,
     | ^^^^^^^^^^^^^^^^^
> 27 |   type CanvasNodeRecord,
     | ^^^^^^^^^^^^^^^^^^^^^^^^
> 28 | } from "@/lib/site-data";
     | ^^^^^^^^^^^^^^^^^^^^^^^^^
  29 | import { cn } from "@/lib/utils";
  30 |
  31 | type SiteNodeData = Omit<CanvasNodeRecord, "id" | "canvas"> & {

The export canvasNodes was not found in module [project]/src/lib/site-data.ts [app-client] (ecmascript).
Did you mean to import socialChannels?
All exports of the module are statically known (It doesn't have dynamic exports). So it's known statically that the requested export doesn't exist.

Import trace:
  Server Component:
    ./src/components/site/site-canvas.tsx
    ./src/app/page.tsx @ http://localhost:3000/_next/static/chunks/node_modules_next_dist_0u_w_5s._.js:1945
[ 1712280ms] [ERROR] ./src/components/site/site-canvas.tsx:23:1
Export canvasNodes doesn't exist in target module
  21 |
  22 | import { SiteIcon } from "@/components/site/site-icons";
> 23 | import {
     | ^^^^^^^
> 24 |   canvasNodes,
     | ^^^^^^^^^^^^^^
> 25 |   shelves,
     | ^^^^^^^^^^
> 26 |   type AccentKey,
     | ^^^^^^^^^^^^^^^^^
> 27 |   type CanvasNodeRecord,
     | ^^^^^^^^^^^^^^^^^^^^^^^^
> 28 | } from "@/lib/site-data";
     | ^^^^^^^^^^^^^^^^^^^^^^^^^
  29 | import { cn } from "@/lib/utils";
  30 |
  31 | type SiteNodeData = Omit<CanvasNodeRecord, "id" | "canvas"> & {

The export canvasNodes was not found in module [project]/src/lib/site-data.ts [app-ssr] (ecmascript).
Did you mean to import socialChannels?
All exports of the module are statically known (It doesn't have dynamic exports). So it's known statically that the requested export doesn't exist.

Import trace:
  Server Component:
    ./src/components/site/site-canvas.tsx
    ./src/app/page.tsx @ http://localhost:3000/_next/static/chunks/node_modules_next_dist_0u_w_5s._.js:1945
[ 1712280ms] [ERROR] ./src/app/page.tsx:7:1
Export shelves doesn't exist in target module
   5 | import { Button } from "@/components/ui/button";
   6 | import { Separator } from "@/components/ui/separator";
>  7 | import { contactLink, heroCopy, shelves, socialChannels } from "@/lib/site-data";
     | ^^^^^^^^^^^^^^^^^^^^^^^^^^^^^^^^^^^^^^^^^^^^^^^^^^^^^^^^^^^^^^^^^^^^^^^^^^^^^^^^^
   8 |
   9 | const profileLinks = socialChannels.filter(
  10 |   (channel) => channel.label !== "Email",

The export shelves was not found in module [project]/src/lib/site-data.ts [app-rsc] (ecmascript).
Did you mean to import shelfRecords?
All exports of the module are statically known (It doesn't have dynamic exports). So it's known statically that the requested export doesn't exist. @ http://localhost:3000/_next/static/chunks/node_modules_next_dist_0u_w_5s._.js:1945
[ 1712280ms] [ERROR] ./src/components/site/site-canvas.tsx:23:1
Export shelves doesn't exist in target module
  21 |
  22 | import { SiteIcon } from "@/components/site/site-icons";
> 23 | import {
     | ^^^^^^^
> 24 |   canvasNodes,
     | ^^^^^^^^^^^^^^
> 25 |   shelves,
     | ^^^^^^^^^^
> 26 |   type AccentKey,
     | ^^^^^^^^^^^^^^^^^
> 27 |   type CanvasNodeRecord,
     | ^^^^^^^^^^^^^^^^^^^^^^^^
> 28 | } from "@/lib/site-data";
     | ^^^^^^^^^^^^^^^^^^^^^^^^^
  29 | import { cn } from "@/lib/utils";
  30 |
  31 | type SiteNodeData = Omit<CanvasNodeRecord, "id" | "canvas"> & {

The export shelves was not found in module [project]/src/lib/site-data.ts [app-client] (ecmascript).
Did you mean to import shelfRecords?
All exports of the module are statically known (It doesn't have dynamic exports). So it's known statically that the requested export doesn't exist.

Import trace:
  Server Component:
    ./src/components/site/site-canvas.tsx
    ./src/app/page.tsx @ http://localhost:3000/_next/static/chunks/node_modules_next_dist_0u_w_5s._.js:1945
[ 1712280ms] [ERROR] ./src/components/site/site-canvas.tsx:23:1
Export shelves doesn't exist in target module
  21 |
  22 | import { SiteIcon } from "@/components/site/site-icons";
> 23 | import {
     | ^^^^^^^
> 24 |   canvasNodes,
     | ^^^^^^^^^^^^^^
> 25 |   shelves,
     | ^^^^^^^^^^
> 26 |   type AccentKey,
     | ^^^^^^^^^^^^^^^^^
> 27 |   type CanvasNodeRecord,
     | ^^^^^^^^^^^^^^^^^^^^^^^^
> 28 | } from "@/lib/site-data";
     | ^^^^^^^^^^^^^^^^^^^^^^^^^
  29 | import { cn } from "@/lib/utils";
  30 |
  31 | type SiteNodeData = Omit<CanvasNodeRecord, "id" | "canvas"> & {

The export shelves was not found in module [project]/src/lib/site-data.ts [app-ssr] (ecmascript).
Did you mean to import shelfRecords?
All exports of the module are statically known (It doesn't have dynamic exports). So it's known statically that the requested export doesn't exist.

Import trace:
  Server Component:
    ./src/components/site/site-canvas.tsx
    ./src/app/page.tsx @ http://localhost:3000/_next/static/chunks/node_modules_next_dist_0u_w_5s._.js:1945
[ 1712349ms] [LOG] [Fast Refresh] rebuilding @ http://localhost:3000/_next/static/chunks/node_modules_next_dist_0u_w_5s._.js:1226
[ 1716704ms] [LOG] [Fast Refresh] rebuilding @ http://localhost:3000/_next/static/chunks/node_modules_next_dist_0u_w_5s._.js:1226
[ 1720171ms] [ERROR] Failed to load resource: the server responded with a status of 500 (Internal Server Error) @ http://localhost:3000/:0
[ 1720183ms] [INFO] %cDownload the React DevTools for a better development experience: https://react.dev/link/react-devtools font-weight:bold @ http://localhost:3000/_next/static/chunks/node_modules_react-dom_0bruynb._.js:15305
[ 1720190ms] Error: ./src/components/site/site-icons.tsx:2:1
Export Github doesn't exist in target module
   1 | import type { SVGProps } from "react";
>  2 | import {
     | ^^^^^^^
>  3 |   AppWindow,
     | ^^^^^^^^^^^^
>  4 |   ArrowUpRight,
     | ^^^^^^^^^^^^^^^
>  5 |   BookOpen,
     | ^^^^^^^^^^^
>  6 |   BriefcaseBusiness,
     | ^^^^^^^^^^^^^^^^^^^^
>  7 |   Camera,
     | ^^^^^^^^^
>  8 |   Code2,
     | ^^^^^^^^
>  9 |   Github,
     | ^^^^^^^^^
> 10 |   Home,
     | ^^^^^^^
> 11 |   Linkedin,
     | ^^^^^^^^^^^
> 12 |   Mail,
     | ^^^^^^^
> 13 |   Menu,
     | ^^^^^^^
> 14 |   Palette,
     | ^^^^^^^^^^
> 15 |   Video,
     | ^^^^^^^^
> 16 |   X,
     | ^^^^
> 17 |   type LucideIcon,
     | ^^^^^^^^^^^^^^^^^^
> 18 | } from "lucide-react";
     | ^^^^^^^^^^^^^^^^^^^^^^
  19 |
  20 | import type { IconKey } from "@/lib/site-data";
  21 |

The export Github was not found in module [project]/node_modules/lucide-react/dist/esm/lucide-react.mjs [app-client] (ecmascript).
Did you mean to import Gift?
All exports of the module are statically known (It doesn't have dynamic exports). So it's known statically that the requested export doesn't exist.

Import traces:
  Server Component:
    ./src/components/site/site-icons.tsx
    ./src/app/page.tsx

  Client Component Browser:
    ./src/components/site/site-icons.tsx [Client Component Browser]
    ./src/components/site/site-canvas.tsx [Client Component Browser]
    ./src/components/site/site-canvas.tsx [Server Component]
    ./src/app/page.tsx [Server Component]

  Client Component SSR:
    ./src/components/site/site-icons.tsx [Client Component SSR]
    ./src/components/site/site-canvas.tsx [Client Component SSR]
    ./src/components/site/site-canvas.tsx [Server Component]
    ./src/app/page.tsx [Server Component]


    at <unknown> (Error: ./src/components/site/site-icons.tsx:2:1)
    at Object.getCompilationErrors (file:///Users/josephsimo/Downloads/joesimo/node_modules/next/dist/server/dev/hot-reloader-turbopack.js:1186:59)
    at DevBundlerService.getCompilationError (file:///Users/josephsimo/Downloads/joesimo/node_modules/next/dist/server/lib/dev-bundler-service.js:44:55)
    at DevServer.getCompilationError (file:///Users/josephsimo/Downloads/joesimo/node_modules/next/dist/server/dev/next-dev-server.js:720:42)
    at DevServer.findPageComponents (file:///Users/josephsimo/Downloads/joesimo/node_modules/next/dist/server/dev/next-dev-server.js:690:43)
    at async DevServer.renderErrorToResponseImpl (file:///Users/josephsimo/Downloads/joesimo/node_modules/next/dist/server/base-server.js:1753:26)
[ 1720190ms] [LOG] [HMR] connected @ http://localhost:3000/_next/static/chunks/node_modules_next_dist_0u_w_5s._.js:1226
[ 1720196ms] [ERROR] ./src/components/site/site-icons.tsx:2:1
Export Github doesn't exist in target module
   1 | import type { SVGProps } from "react";
>  2 | import {
     | ^^^^^^^
>  3 |   AppWindow,
     | ^^^^^^^^^^^^
>  4 |   ArrowUpRight,
     | ^^^^^^^^^^^^^^^
>  5 |   BookOpen,
     | ^^^^^^^^^^^
>  6 |   BriefcaseBusiness,
     | ^^^^^^^^^^^^^^^^^^^^
>  7 |   Camera,
     | ^^^^^^^^^
>  8 |   Code2,
     | ^^^^^^^^
>  9 |   Github,
     | ^^^^^^^^^
> 10 |   Home,
     | ^^^^^^^
> 11 |   Linkedin,
     | ^^^^^^^^^^^
> 12 |   Mail,
     | ^^^^^^^
> 13 |   Menu,
     | ^^^^^^^
> 14 |   Palette,
     | ^^^^^^^^^^
> 15 |   Video,
     | ^^^^^^^^
> 16 |   X,
     | ^^^^
> 17 |   type LucideIcon,
     | ^^^^^^^^^^^^^^^^^^
> 18 | } from "lucide-react";
     | ^^^^^^^^^^^^^^^^^^^^^^
  19 |
  20 | import type { IconKey } from "@/lib/site-data";
  21 |

The export Github was not found in module [project]/node_modules/lucide-react/dist/esm/lucide-react.mjs [app-client] (ecmascript).
Did you mean to import Gift?
All exports of the module are statically known (It doesn't have dynamic exports). So it's known statically that the requested export doesn't exist.

Import traces:
  Server Component:
    ./src/components/site/site-icons.tsx
    ./src/app/page.tsx

  Client Component Browser:
    ./src/components/site/site-icons.tsx [Client Component Browser]
    ./src/components/site/site-canvas.tsx [Client Component Browser]
    ./src/components/site/site-canvas.tsx [Server Component]
    ./src/app/page.tsx [Server Component]

  Client Component SSR:
    ./src/components/site/site-icons.tsx [Client Component SSR]
    ./src/components/site/site-canvas.tsx [Client Component SSR]
    ./src/components/site/site-canvas.tsx [Server Component]
    ./src/app/page.tsx [Server Component] @ http://localhost:3000/_next/static/chunks/node_modules_next_dist_0u_w_5s._.js:1945
[ 1720196ms] [ERROR] ./src/components/site/site-icons.tsx:2:1
Export Github doesn't exist in target module
   1 | import type { SVGProps } from "react";
>  2 | import {
     | ^^^^^^^
>  3 |   AppWindow,
     | ^^^^^^^^^^^^
>  4 |   ArrowUpRight,
     | ^^^^^^^^^^^^^^^
>  5 |   BookOpen,
     | ^^^^^^^^^^^
>  6 |   BriefcaseBusiness,
     | ^^^^^^^^^^^^^^^^^^^^
>  7 |   Camera,
     | ^^^^^^^^^
>  8 |   Code2,
     | ^^^^^^^^
>  9 |   Github,
     | ^^^^^^^^^
> 10 |   Home,
     | ^^^^^^^
> 11 |   Linkedin,
     | ^^^^^^^^^^^
> 12 |   Mail,
     | ^^^^^^^
> 13 |   Menu,
     | ^^^^^^^
> 14 |   Palette,
     | ^^^^^^^^^^
> 15 |   Video,
     | ^^^^^^^^
> 16 |   X,
     | ^^^^
> 17 |   type LucideIcon,
     | ^^^^^^^^^^^^^^^^^^
> 18 | } from "lucide-react";
     | ^^^^^^^^^^^^^^^^^^^^^^
  19 |
  20 | import type { IconKey } from "@/lib/site-data";
  21 |

The export Github was not found in module [project]/node_modules/lucide-react/dist/esm/lucide-react.mjs [app-rsc] (ecmascript).
Did you mean to import Gift?
All exports of the module are statically known (It doesn't have dynamic exports). So it's known statically that the requested export doesn't exist.

Import traces:
  Server Component:
    ./src/components/site/site-icons.tsx
    ./src/app/page.tsx

  Client Component Browser:
    ./src/components/site/site-icons.tsx [Client Component Browser]
    ./src/components/site/site-canvas.tsx [Client Component Browser]
    ./src/components/site/site-canvas.tsx [Server Component]
    ./src/app/page.tsx [Server Component]

  Client Component SSR:
    ./src/components/site/site-icons.tsx [Client Component SSR]
    ./src/components/site/site-canvas.tsx [Client Component SSR]
    ./src/components/site/site-canvas.tsx [Server Component]
    ./src/app/page.tsx [Server Component] @ http://localhost:3000/_next/static/chunks/node_modules_next_dist_0u_w_5s._.js:1945
[ 1720196ms] [ERROR] ./src/components/site/site-icons.tsx:2:1
Export Github doesn't exist in target module
   1 | import type { SVGProps } from "react";
>  2 | import {
     | ^^^^^^^
>  3 |   AppWindow,
     | ^^^^^^^^^^^^
>  4 |   ArrowUpRight,
     | ^^^^^^^^^^^^^^^
>  5 |   BookOpen,
     | ^^^^^^^^^^^
>  6 |   BriefcaseBusiness,
     | ^^^^^^^^^^^^^^^^^^^^
>  7 |   Camera,
     | ^^^^^^^^^
>  8 |   Code2,
     | ^^^^^^^^
>  9 |   Github,
     | ^^^^^^^^^
> 10 |   Home,
     | ^^^^^^^
> 11 |   Linkedin,
     | ^^^^^^^^^^^
> 12 |   Mail,
     | ^^^^^^^
> 13 |   Menu,
     | ^^^^^^^
> 14 |   Palette,
     | ^^^^^^^^^^
> 15 |   Video,
     | ^^^^^^^^
> 16 |   X,
     | ^^^^
> 17 |   type LucideIcon,
     | ^^^^^^^^^^^^^^^^^^
> 18 | } from "lucide-react";
     | ^^^^^^^^^^^^^^^^^^^^^^
  19 |
  20 | import type { IconKey } from "@/lib/site-data";
  21 |

The export Github was not found in module [project]/node_modules/lucide-react/dist/esm/lucide-react.mjs [app-ssr] (ecmascript).
Did you mean to import Gift?
All exports of the module are statically known (It doesn't have dynamic exports). So it's known statically that the requested export doesn't exist.

Import traces:
  Server Component:
    ./src/components/site/site-icons.tsx
    ./src/app/page.tsx

  Client Component Browser:
    ./src/components/site/site-icons.tsx [Client Component Browser]
    ./src/components/site/site-canvas.tsx [Client Component Browser]
    ./src/components/site/site-canvas.tsx [Server Component]
    ./src/app/page.tsx [Server Component]

  Client Component SSR:
    ./src/components/site/site-icons.tsx [Client Component SSR]
    ./src/components/site/site-canvas.tsx [Client Component SSR]
    ./src/components/site/site-canvas.tsx [Server Component]
    ./src/app/page.tsx [Server Component] @ http://localhost:3000/_next/static/chunks/node_modules_next_dist_0u_w_5s._.js:1945
[ 1720196ms] [ERROR] ./src/components/site/site-icons.tsx:2:1
Export Linkedin doesn't exist in target module
   1 | import type { SVGProps } from "react";
>  2 | import {
     | ^^^^^^^
>  3 |   AppWindow,
     | ^^^^^^^^^^^^
>  4 |   ArrowUpRight,
     | ^^^^^^^^^^^^^^^
>  5 |   BookOpen,
     | ^^^^^^^^^^^
>  6 |   BriefcaseBusiness,
     | ^^^^^^^^^^^^^^^^^^^^
>  7 |   Camera,
     | ^^^^^^^^^
>  8 |   Code2,
     | ^^^^^^^^
>  9 |   Github,
     | ^^^^^^^^^
> 10 |   Home,
     | ^^^^^^^
> 11 |   Linkedin,
     | ^^^^^^^^^^^
> 12 |   Mail,
     | ^^^^^^^
> 13 |   Menu,
     | ^^^^^^^
> 14 |   Palette,
     | ^^^^^^^^^^
> 15 |   Video,
     | ^^^^^^^^
> 16 |   X,
     | ^^^^
> 17 |   type LucideIcon,
     | ^^^^^^^^^^^^^^^^^^
> 18 | } from "lucide-react";
     | ^^^^^^^^^^^^^^^^^^^^^^
  19 |
  20 | import type { IconKey } from "@/lib/site-data";
  21 |

The export Linkedin was not found in module [project]/node_modules/lucide-react/dist/esm/lucide-react.mjs [app-client] (ecmascript).
Did you mean to import Link?
All exports of the module are statically known (It doesn't have dynamic exports). So it's known statically that the requested export doesn't exist.

Import traces:
  Server Component:
    ./src/components/site/site-icons.tsx
    ./src/app/page.tsx

  Client Component Browser:
    ./src/components/site/site-icons.tsx [Client Component Browser]
    ./src/components/site/site-canvas.tsx [Client Component Browser]
    ./src/components/site/site-canvas.tsx [Server Component]
    ./src/app/page.tsx [Server Component]

  Client Component SSR:
    ./src/components/site/site-icons.tsx [Client Component SSR]
    ./src/components/site/site-canvas.tsx [Client Component SSR]
    ./src/components/site/site-canvas.tsx [Server Component]
    ./src/app/page.tsx [Server Component] @ http://localhost:3000/_next/static/chunks/node_modules_next_dist_0u_w_5s._.js:1945
[ 1720196ms] [ERROR] ./src/components/site/site-icons.tsx:2:1
Export Linkedin doesn't exist in target module
   1 | import type { SVGProps } from "react";
>  2 | import {
     | ^^^^^^^
>  3 |   AppWindow,
     | ^^^^^^^^^^^^
>  4 |   ArrowUpRight,
     | ^^^^^^^^^^^^^^^
>  5 |   BookOpen,
     | ^^^^^^^^^^^
>  6 |   BriefcaseBusiness,
     | ^^^^^^^^^^^^^^^^^^^^
>  7 |   Camera,
     | ^^^^^^^^^
>  8 |   Code2,
     | ^^^^^^^^
>  9 |   Github,
     | ^^^^^^^^^
> 10 |   Home,
     | ^^^^^^^
> 11 |   Linkedin,
     | ^^^^^^^^^^^
> 12 |   Mail,
     | ^^^^^^^
> 13 |   Menu,
     | ^^^^^^^
> 14 |   Palette,
     | ^^^^^^^^^^
> 15 |   Video,
     | ^^^^^^^^
> 16 |   X,
     | ^^^^
> 17 |   type LucideIcon,
     | ^^^^^^^^^^^^^^^^^^
> 18 | } from "lucide-react";
     | ^^^^^^^^^^^^^^^^^^^^^^
  19 |
  20 | import type { IconKey } from "@/lib/site-data";
  21 |

The export Linkedin was not found in module [project]/node_modules/lucide-react/dist/esm/lucide-react.mjs [app-rsc] (ecmascript).
Did you mean to import Link?
All exports of the module are statically known (It doesn't have dynamic exports). So it's known statically that the requested export doesn't exist.

Import traces:
  Server Component:
    ./src/components/site/site-icons.tsx
    ./src/app/page.tsx

  Client Component Browser:
    ./src/components/site/site-icons.tsx [Client Component Browser]
    ./src/components/site/site-canvas.tsx [Client Component Browser]
    ./src/components/site/site-canvas.tsx [Server Component]
    ./src/app/page.tsx [Server Component]

  Client Component SSR:
    ./src/components/site/site-icons.tsx [Client Component SSR]
    ./src/components/site/site-canvas.tsx [Client Component SSR]
    ./src/components/site/site-canvas.tsx [Server Component]
    ./src/app/page.tsx [Server Component] @ http://localhost:3000/_next/static/chunks/node_modules_next_dist_0u_w_5s._.js:1945
[ 1720196ms] [ERROR] ./src/components/site/site-icons.tsx:2:1
Export Linkedin doesn't exist in target module
   1 | import type { SVGProps } from "react";
>  2 | import {
     | ^^^^^^^
>  3 |   AppWindow,
     | ^^^^^^^^^^^^
>  4 |   ArrowUpRight,
     | ^^^^^^^^^^^^^^^
>  5 |   BookOpen,
     | ^^^^^^^^^^^
>  6 |   BriefcaseBusiness,
     | ^^^^^^^^^^^^^^^^^^^^
>  7 |   Camera,
     | ^^^^^^^^^
>  8 |   Code2,
     | ^^^^^^^^
>  9 |   Github,
     | ^^^^^^^^^
> 10 |   Home,
     | ^^^^^^^
> 11 |   Linkedin,
     | ^^^^^^^^^^^
> 12 |   Mail,
     | ^^^^^^^
> 13 |   Menu,
     | ^^^^^^^
> 14 |   Palette,
     | ^^^^^^^^^^
> 15 |   Video,
     | ^^^^^^^^
> 16 |   X,
     | ^^^^
> 17 |   type LucideIcon,
     | ^^^^^^^^^^^^^^^^^^
> 18 | } from "lucide-react";
     | ^^^^^^^^^^^^^^^^^^^^^^
  19 |
  20 | import type { IconKey } from "@/lib/site-data";
  21 |

The export Linkedin was not found in module [project]/node_modules/lucide-react/dist/esm/lucide-react.mjs [app-ssr] (ecmascript).
Did you mean to import Link?
All exports of the module are statically known (It doesn't have dynamic exports). So it's known statically that the requested export doesn't exist.

Import traces:
  Server Component:
    ./src/components/site/site-icons.tsx
    ./src/app/page.tsx

  Client Component Browser:
    ./src/components/site/site-icons.tsx [Client Component Browser]
    ./src/components/site/site-canvas.tsx [Client Component Browser]
    ./src/components/site/site-canvas.tsx [Server Component]
    ./src/app/page.tsx [Server Component]

  Client Component SSR:
    ./src/components/site/site-icons.tsx [Client Component SSR]
    ./src/components/site/site-canvas.tsx [Client Component SSR]
    ./src/components/site/site-canvas.tsx [Server Component]
    ./src/app/page.tsx [Server Component] @ http://localhost:3000/_next/static/chunks/node_modules_next_dist_0u_w_5s._.js:1945
[ 1720196ms] [ERROR] ./src/components/site/site-canvas.tsx:23:1
Export canvasNodes doesn't exist in target module
  21 |
  22 | import { SiteIcon } from "@/components/site/site-icons";
> 23 | import {
     | ^^^^^^^
> 24 |   canvasNodes,
     | ^^^^^^^^^^^^^^
> 25 |   shelves,
     | ^^^^^^^^^^
> 26 |   type AccentKey,
     | ^^^^^^^^^^^^^^^^^
> 27 |   type CanvasNodeRecord,
     | ^^^^^^^^^^^^^^^^^^^^^^^^
> 28 | } from "@/lib/site-data";
     | ^^^^^^^^^^^^^^^^^^^^^^^^^
  29 | import { cn } from "@/lib/utils";
  30 |
  31 | type SiteNodeData = Omit<CanvasNodeRecord, "id" | "canvas"> & {

The export canvasNodes was not found in module [project]/src/lib/site-data.ts [app-client] (ecmascript).
Did you mean to import socialChannels?
All exports of the module are statically known (It doesn't have dynamic exports). So it's known statically that the requested export doesn't exist.

Import trace:
  Server Component:
    ./src/components/site/site-canvas.tsx
    ./src/app/page.tsx @ http://localhost:3000/_next/static/chunks/node_modules_next_dist_0u_w_5s._.js:1945
[ 1720196ms] [ERROR] ./src/components/site/site-canvas.tsx:23:1
Export canvasNodes doesn't exist in target module
  21 |
  22 | import { SiteIcon } from "@/components/site/site-icons";
> 23 | import {
     | ^^^^^^^
> 24 |   canvasNodes,
     | ^^^^^^^^^^^^^^
> 25 |   shelves,
     | ^^^^^^^^^^
> 26 |   type AccentKey,
     | ^^^^^^^^^^^^^^^^^
> 27 |   type CanvasNodeRecord,
     | ^^^^^^^^^^^^^^^^^^^^^^^^
> 28 | } from "@/lib/site-data";
     | ^^^^^^^^^^^^^^^^^^^^^^^^^
  29 | import { cn } from "@/lib/utils";
  30 |
  31 | type SiteNodeData = Omit<CanvasNodeRecord, "id" | "canvas"> & {

The export canvasNodes was not found in module [project]/src/lib/site-data.ts [app-ssr] (ecmascript).
Did you mean to import socialChannels?
All exports of the module are statically known (It doesn't have dynamic exports). So it's known statically that the requested export doesn't exist.

Import trace:
  Server Component:
    ./src/components/site/site-canvas.tsx
    ./src/app/page.tsx @ http://localhost:3000/_next/static/chunks/node_modules_next_dist_0u_w_5s._.js:1945
[ 1720196ms] [ERROR] ./src/app/page.tsx:7:1
Export shelves doesn't exist in target module
   5 | import { Button } from "@/components/ui/button";
   6 | import { Separator } from "@/components/ui/separator";
>  7 | import { contactLink, heroCopy, shelves, socialChannels } from "@/lib/site-data";
     | ^^^^^^^^^^^^^^^^^^^^^^^^^^^^^^^^^^^^^^^^^^^^^^^^^^^^^^^^^^^^^^^^^^^^^^^^^^^^^^^^^
   8 |
   9 | const profileLinks = socialChannels.filter(
  10 |   (channel) => channel.label !== "Email",

The export shelves was not found in module [project]/src/lib/site-data.ts [app-rsc] (ecmascript).
Did you mean to import shelfRecords?
All exports of the module are statically known (It doesn't have dynamic exports). So it's known statically that the requested export doesn't exist. @ http://localhost:3000/_next/static/chunks/node_modules_next_dist_0u_w_5s._.js:1945
[ 1720196ms] [ERROR] ./src/components/site/site-canvas.tsx:23:1
Export shelves doesn't exist in target module
  21 |
  22 | import { SiteIcon } from "@/components/site/site-icons";
> 23 | import {
     | ^^^^^^^
> 24 |   canvasNodes,
     | ^^^^^^^^^^^^^^
> 25 |   shelves,
     | ^^^^^^^^^^
> 26 |   type AccentKey,
     | ^^^^^^^^^^^^^^^^^
> 27 |   type CanvasNodeRecord,
     | ^^^^^^^^^^^^^^^^^^^^^^^^
> 28 | } from "@/lib/site-data";
     | ^^^^^^^^^^^^^^^^^^^^^^^^^
  29 | import { cn } from "@/lib/utils";
  30 |
  31 | type SiteNodeData = Omit<CanvasNodeRecord, "id" | "canvas"> & {

The export shelves was not found in module [project]/src/lib/site-data.ts [app-client] (ecmascript).
Did you mean to import shelfRecords?
All exports of the module are statically known (It doesn't have dynamic exports). So it's known statically that the requested export doesn't exist.

Import trace:
  Server Component:
    ./src/components/site/site-canvas.tsx
    ./src/app/page.tsx @ http://localhost:3000/_next/static/chunks/node_modules_next_dist_0u_w_5s._.js:1945
[ 1720196ms] [ERROR] ./src/components/site/site-canvas.tsx:23:1
Export shelves doesn't exist in target module
  21 |
  22 | import { SiteIcon } from "@/components/site/site-icons";
> 23 | import {
     | ^^^^^^^
> 24 |   canvasNodes,
     | ^^^^^^^^^^^^^^
> 25 |   shelves,
     | ^^^^^^^^^^
> 26 |   type AccentKey,
     | ^^^^^^^^^^^^^^^^^
> 27 |   type CanvasNodeRecord,
     | ^^^^^^^^^^^^^^^^^^^^^^^^
> 28 | } from "@/lib/site-data";
     | ^^^^^^^^^^^^^^^^^^^^^^^^^
  29 | import { cn } from "@/lib/utils";
  30 |
  31 | type SiteNodeData = Omit<CanvasNodeRecord, "id" | "canvas"> & {

The export shelves was not found in module [project]/src/lib/site-data.ts [app-ssr] (ecmascript).
Did you mean to import shelfRecords?
All exports of the module are statically known (It doesn't have dynamic exports). So it's known statically that the requested export doesn't exist.

Import trace:
  Server Component:
    ./src/components/site/site-canvas.tsx
    ./src/app/page.tsx @ http://localhost:3000/_next/static/chunks/node_modules_next_dist_0u_w_5s._.js:1945
[ 1720232ms] [ERROR] ./src/components/site/site-icons.tsx:2:1
Export Github doesn't exist in target module
   1 | import type { SVGProps } from "react";
>  2 | import {
     | ^^^^^^^
>  3 |   AppWindow,
     | ^^^^^^^^^^^^
>  4 |   ArrowUpRight,
     | ^^^^^^^^^^^^^^^
>  5 |   BookOpen,
     | ^^^^^^^^^^^
>  6 |   BriefcaseBusiness,
     | ^^^^^^^^^^^^^^^^^^^^
>  7 |   Camera,
     | ^^^^^^^^^
>  8 |   Code2,
     | ^^^^^^^^
>  9 |   Github,
     | ^^^^^^^^^
> 10 |   Home,
     | ^^^^^^^
> 11 |   Linkedin,
     | ^^^^^^^^^^^
> 12 |   Mail,
     | ^^^^^^^
> 13 |   Menu,
     | ^^^^^^^
> 14 |   Palette,
     | ^^^^^^^^^^
> 15 |   Video,
     | ^^^^^^^^
> 16 |   X,
     | ^^^^
> 17 |   type LucideIcon,
     | ^^^^^^^^^^^^^^^^^^
> 18 | } from "lucide-react";
     | ^^^^^^^^^^^^^^^^^^^^^^
  19 |
  20 | import type { IconKey } from "@/lib/site-data";
  21 |

The export Github was not found in module [project]/node_modules/lucide-react/dist/esm/lucide-react.mjs [app-client] (ecmascript).
Did you mean to import Gift?
All exports of the module are statically known (It doesn't have dynamic exports). So it's known statically that the requested export doesn't exist.

Import traces:
  Server Component:
    ./src/components/site/site-icons.tsx
    ./src/app/page.tsx

  Client Component Browser:
    ./src/components/site/site-icons.tsx [Client Component Browser]
    ./src/components/site/site-canvas.tsx [Client Component Browser]
    ./src/components/site/site-canvas.tsx [Server Component]
    ./src/app/page.tsx [Server Component]

  Client Component SSR:
    ./src/components/site/site-icons.tsx [Client Component SSR]
    ./src/components/site/site-canvas.tsx [Client Component SSR]
    ./src/components/site/site-canvas.tsx [Server Component]
    ./src/app/page.tsx [Server Component] @ http://localhost:3000/_next/static/chunks/node_modules_next_dist_0u_w_5s._.js:1945
[ 1720232ms] [ERROR] ./src/components/site/site-icons.tsx:2:1
Export Github doesn't exist in target module
   1 | import type { SVGProps } from "react";
>  2 | import {
     | ^^^^^^^
>  3 |   AppWindow,
     | ^^^^^^^^^^^^
>  4 |   ArrowUpRight,
     | ^^^^^^^^^^^^^^^
>  5 |   BookOpen,
     | ^^^^^^^^^^^
>  6 |   BriefcaseBusiness,
     | ^^^^^^^^^^^^^^^^^^^^
>  7 |   Camera,
     | ^^^^^^^^^
>  8 |   Code2,
     | ^^^^^^^^
>  9 |   Github,
     | ^^^^^^^^^
> 10 |   Home,
     | ^^^^^^^
> 11 |   Linkedin,
     | ^^^^^^^^^^^
> 12 |   Mail,
     | ^^^^^^^
> 13 |   Menu,
     | ^^^^^^^
> 14 |   Palette,
     | ^^^^^^^^^^
> 15 |   Video,
     | ^^^^^^^^
> 16 |   X,
     | ^^^^
> 17 |   type LucideIcon,
     | ^^^^^^^^^^^^^^^^^^
> 18 | } from "lucide-react";
     | ^^^^^^^^^^^^^^^^^^^^^^
  19 |
  20 | import type { IconKey } from "@/lib/site-data";
  21 |

The export Github was not found in module [project]/node_modules/lucide-react/dist/esm/lucide-react.mjs [app-rsc] (ecmascript).
Did you mean to import Gift?
All exports of the module are statically known (It doesn't have dynamic exports). So it's known statically that the requested export doesn't exist.

Import traces:
  Server Component:
    ./src/components/site/site-icons.tsx
    ./src/app/page.tsx

  Client Component Browser:
    ./src/components/site/site-icons.tsx [Client Component Browser]
    ./src/components/site/site-canvas.tsx [Client Component Browser]
    ./src/components/site/site-canvas.tsx [Server Component]
    ./src/app/page.tsx [Server Component]

  Client Component SSR:
    ./src/components/site/site-icons.tsx [Client Component SSR]
    ./src/components/site/site-canvas.tsx [Client Component SSR]
    ./src/components/site/site-canvas.tsx [Server Component]
    ./src/app/page.tsx [Server Component] @ http://localhost:3000/_next/static/chunks/node_modules_next_dist_0u_w_5s._.js:1945
[ 1720233ms] [ERROR] ./src/components/site/site-icons.tsx:2:1
Export Github doesn't exist in target module
   1 | import type { SVGProps } from "react";
>  2 | import {
     | ^^^^^^^
>  3 |   AppWindow,
     | ^^^^^^^^^^^^
>  4 |   ArrowUpRight,
     | ^^^^^^^^^^^^^^^
>  5 |   BookOpen,
     | ^^^^^^^^^^^
>  6 |   BriefcaseBusiness,
     | ^^^^^^^^^^^^^^^^^^^^
>  7 |   Camera,
     | ^^^^^^^^^
>  8 |   Code2,
     | ^^^^^^^^
>  9 |   Github,
     | ^^^^^^^^^
> 10 |   Home,
     | ^^^^^^^
> 11 |   Linkedin,
     | ^^^^^^^^^^^
> 12 |   Mail,
     | ^^^^^^^
> 13 |   Menu,
     | ^^^^^^^
> 14 |   Palette,
     | ^^^^^^^^^^
> 15 |   Video,
     | ^^^^^^^^
> 16 |   X,
     | ^^^^
> 17 |   type LucideIcon,
     | ^^^^^^^^^^^^^^^^^^
> 18 | } from "lucide-react";
     | ^^^^^^^^^^^^^^^^^^^^^^
  19 |
  20 | import type { IconKey } from "@/lib/site-data";
  21 |

The export Github was not found in module [project]/node_modules/lucide-react/dist/esm/lucide-react.mjs [app-ssr] (ecmascript).
Did you mean to import Gift?
All exports of the module are statically known (It doesn't have dynamic exports). So it's known statically that the requested export doesn't exist.

Import traces:
  Server Component:
    ./src/components/site/site-icons.tsx
    ./src/app/page.tsx

  Client Component Browser:
    ./src/components/site/site-icons.tsx [Client Component Browser]
    ./src/components/site/site-canvas.tsx [Client Component Browser]
    ./src/components/site/site-canvas.tsx [Server Component]
    ./src/app/page.tsx [Server Component]

  Client Component SSR:
    ./src/components/site/site-icons.tsx [Client Component SSR]
    ./src/components/site/site-canvas.tsx [Client Component SSR]
    ./src/components/site/site-canvas.tsx [Server Component]
    ./src/app/page.tsx [Server Component] @ http://localhost:3000/_next/static/chunks/node_modules_next_dist_0u_w_5s._.js:1945
[ 1720233ms] [ERROR] ./src/components/site/site-icons.tsx:2:1
Export Linkedin doesn't exist in target module
   1 | import type { SVGProps } from "react";
>  2 | import {
     | ^^^^^^^
>  3 |   AppWindow,
     | ^^^^^^^^^^^^
>  4 |   ArrowUpRight,
     | ^^^^^^^^^^^^^^^
>  5 |   BookOpen,
     | ^^^^^^^^^^^
>  6 |   BriefcaseBusiness,
     | ^^^^^^^^^^^^^^^^^^^^
>  7 |   Camera,
     | ^^^^^^^^^
>  8 |   Code2,
     | ^^^^^^^^
>  9 |   Github,
     | ^^^^^^^^^
> 10 |   Home,
     | ^^^^^^^
> 11 |   Linkedin,
     | ^^^^^^^^^^^
> 12 |   Mail,
     | ^^^^^^^
> 13 |   Menu,
     | ^^^^^^^
> 14 |   Palette,
     | ^^^^^^^^^^
> 15 |   Video,
     | ^^^^^^^^
> 16 |   X,
     | ^^^^
> 17 |   type LucideIcon,
     | ^^^^^^^^^^^^^^^^^^
> 18 | } from "lucide-react";
     | ^^^^^^^^^^^^^^^^^^^^^^
  19 |
  20 | import type { IconKey } from "@/lib/site-data";
  21 |

The export Linkedin was not found in module [project]/node_modules/lucide-react/dist/esm/lucide-react.mjs [app-client] (ecmascript).
Did you mean to import Link?
All exports of the module are statically known (It doesn't have dynamic exports). So it's known statically that the requested export doesn't exist.

Import traces:
  Server Component:
    ./src/components/site/site-icons.tsx
    ./src/app/page.tsx

  Client Component Browser:
    ./src/components/site/site-icons.tsx [Client Component Browser]
    ./src/components/site/site-canvas.tsx [Client Component Browser]
    ./src/components/site/site-canvas.tsx [Server Component]
    ./src/app/page.tsx [Server Component]

  Client Component SSR:
    ./src/components/site/site-icons.tsx [Client Component SSR]
    ./src/components/site/site-canvas.tsx [Client Component SSR]
    ./src/components/site/site-canvas.tsx [Server Component]
    ./src/app/page.tsx [Server Component] @ http://localhost:3000/_next/static/chunks/node_modules_next_dist_0u_w_5s._.js:1945
[ 1720233ms] [ERROR] ./src/components/site/site-icons.tsx:2:1
Export Linkedin doesn't exist in target module
   1 | import type { SVGProps } from "react";
>  2 | import {
     | ^^^^^^^
>  3 |   AppWindow,
     | ^^^^^^^^^^^^
>  4 |   ArrowUpRight,
     | ^^^^^^^^^^^^^^^
>  5 |   BookOpen,
     | ^^^^^^^^^^^
>  6 |   BriefcaseBusiness,
     | ^^^^^^^^^^^^^^^^^^^^
>  7 |   Camera,
     | ^^^^^^^^^
>  8 |   Code2,
     | ^^^^^^^^
>  9 |   Github,
     | ^^^^^^^^^
> 10 |   Home,
     | ^^^^^^^
> 11 |   Linkedin,
     | ^^^^^^^^^^^
> 12 |   Mail,
     | ^^^^^^^
> 13 |   Menu,
     | ^^^^^^^
> 14 |   Palette,
     | ^^^^^^^^^^
> 15 |   Video,
     | ^^^^^^^^
> 16 |   X,
     | ^^^^
> 17 |   type LucideIcon,
     | ^^^^^^^^^^^^^^^^^^
> 18 | } from "lucide-react";
     | ^^^^^^^^^^^^^^^^^^^^^^
  19 |
  20 | import type { IconKey } from "@/lib/site-data";
  21 |

The export Linkedin was not found in module [project]/node_modules/lucide-react/dist/esm/lucide-react.mjs [app-rsc] (ecmascript).
Did you mean to import Link?
All exports of the module are statically known (It doesn't have dynamic exports). So it's known statically that the requested export doesn't exist.

Import traces:
  Server Component:
    ./src/components/site/site-icons.tsx
    ./src/app/page.tsx

  Client Component Browser:
    ./src/components/site/site-icons.tsx [Client Component Browser]
    ./src/components/site/site-canvas.tsx [Client Component Browser]
    ./src/components/site/site-canvas.tsx [Server Component]
    ./src/app/page.tsx [Server Component]

  Client Component SSR:
    ./src/components/site/site-icons.tsx [Client Component SSR]
    ./src/components/site/site-canvas.tsx [Client Component SSR]
    ./src/components/site/site-canvas.tsx [Server Component]
    ./src/app/page.tsx [Server Component] @ http://localhost:3000/_next/static/chunks/node_modules_next_dist_0u_w_5s._.js:1945
[ 1720233ms] [ERROR] ./src/components/site/site-icons.tsx:2:1
Export Linkedin doesn't exist in target module
   1 | import type { SVGProps } from "react";
>  2 | import {
     | ^^^^^^^
>  3 |   AppWindow,
     | ^^^^^^^^^^^^
>  4 |   ArrowUpRight,
     | ^^^^^^^^^^^^^^^
>  5 |   BookOpen,
     | ^^^^^^^^^^^
>  6 |   BriefcaseBusiness,
     | ^^^^^^^^^^^^^^^^^^^^
>  7 |   Camera,
     | ^^^^^^^^^
>  8 |   Code2,
     | ^^^^^^^^
>  9 |   Github,
     | ^^^^^^^^^
> 10 |   Home,
     | ^^^^^^^
> 11 |   Linkedin,
     | ^^^^^^^^^^^
> 12 |   Mail,
     | ^^^^^^^
> 13 |   Menu,
     | ^^^^^^^
> 14 |   Palette,
     | ^^^^^^^^^^
> 15 |   Video,
     | ^^^^^^^^
> 16 |   X,
     | ^^^^
> 17 |   type LucideIcon,
     | ^^^^^^^^^^^^^^^^^^
> 18 | } from "lucide-react";
     | ^^^^^^^^^^^^^^^^^^^^^^
  19 |
  20 | import type { IconKey } from "@/lib/site-data";
  21 |

The export Linkedin was not found in module [project]/node_modules/lucide-react/dist/esm/lucide-react.mjs [app-ssr] (ecmascript).
Did you mean to import Link?
All exports of the module are statically known (It doesn't have dynamic exports). So it's known statically that the requested export doesn't exist.

Import traces:
  Server Component:
    ./src/components/site/site-icons.tsx
    ./src/app/page.tsx

  Client Component Browser:
    ./src/components/site/site-icons.tsx [Client Component Browser]
    ./src/components/site/site-canvas.tsx [Client Component Browser]
    ./src/components/site/site-canvas.tsx [Server Component]
    ./src/app/page.tsx [Server Component]

  Client Component SSR:
    ./src/components/site/site-icons.tsx [Client Component SSR]
    ./src/components/site/site-canvas.tsx [Client Component SSR]
    ./src/components/site/site-canvas.tsx [Server Component]
    ./src/app/page.tsx [Server Component] @ http://localhost:3000/_next/static/chunks/node_modules_next_dist_0u_w_5s._.js:1945
[ 1720233ms] [ERROR] ./src/components/site/site-canvas.tsx:23:1
Export canvasNodes doesn't exist in target module
  21 |
  22 | import { SiteIcon } from "@/components/site/site-icons";
> 23 | import {
     | ^^^^^^^
> 24 |   canvasNodes,
     | ^^^^^^^^^^^^^^
> 25 |   shelves,
     | ^^^^^^^^^^
> 26 |   type AccentKey,
     | ^^^^^^^^^^^^^^^^^
> 27 |   type CanvasNodeRecord,
     | ^^^^^^^^^^^^^^^^^^^^^^^^
> 28 | } from "@/lib/site-data";
     | ^^^^^^^^^^^^^^^^^^^^^^^^^
  29 | import { cn } from "@/lib/utils";
  30 |
  31 | type SiteNodeData = Omit<CanvasNodeRecord, "id" | "canvas"> & {

The export canvasNodes was not found in module [project]/src/lib/site-data.ts [app-client] (ecmascript).
Did you mean to import socialChannels?
All exports of the module are statically known (It doesn't have dynamic exports). So it's known statically that the requested export doesn't exist.

Import trace:
  Server Component:
    ./src/components/site/site-canvas.tsx
    ./src/app/page.tsx @ http://localhost:3000/_next/static/chunks/node_modules_next_dist_0u_w_5s._.js:1945
[ 1720233ms] [ERROR] ./src/components/site/site-canvas.tsx:23:1
Export canvasNodes doesn't exist in target module
  21 |
  22 | import { SiteIcon } from "@/components/site/site-icons";
> 23 | import {
     | ^^^^^^^
> 24 |   canvasNodes,
     | ^^^^^^^^^^^^^^
> 25 |   shelves,
     | ^^^^^^^^^^
> 26 |   type AccentKey,
     | ^^^^^^^^^^^^^^^^^
> 27 |   type CanvasNodeRecord,
     | ^^^^^^^^^^^^^^^^^^^^^^^^
> 28 | } from "@/lib/site-data";
     | ^^^^^^^^^^^^^^^^^^^^^^^^^
  29 | import { cn } from "@/lib/utils";
  30 |
  31 | type SiteNodeData = Omit<CanvasNodeRecord, "id" | "canvas"> & {

The export canvasNodes was not found in module [project]/src/lib/site-data.ts [app-ssr] (ecmascript).
Did you mean to import socialChannels?
All exports of the module are statically known (It doesn't have dynamic exports). So it's known statically that the requested export doesn't exist.

Import trace:
  Server Component:
    ./src/components/site/site-canvas.tsx
    ./src/app/page.tsx @ http://localhost:3000/_next/static/chunks/node_modules_next_dist_0u_w_5s._.js:1945
[ 1720233ms] [ERROR] ./src/app/page.tsx:7:1
Export shelves doesn't exist in target module
   5 | import { Button } from "@/components/ui/button";
   6 | import { Separator } from "@/components/ui/separator";
>  7 | import { contactLink, heroCopy, shelves, socialChannels } from "@/lib/site-data";
     | ^^^^^^^^^^^^^^^^^^^^^^^^^^^^^^^^^^^^^^^^^^^^^^^^^^^^^^^^^^^^^^^^^^^^^^^^^^^^^^^^^
   8 |
   9 | const profileLinks = socialChannels.filter(
  10 |   (channel) => channel.label !== "Email",

The export shelves was not found in module [project]/src/lib/site-data.ts [app-rsc] (ecmascript).
Did you mean to import shelfRecords?
All exports of the module are statically known (It doesn't have dynamic exports). So it's known statically that the requested export doesn't exist. @ http://localhost:3000/_next/static/chunks/node_modules_next_dist_0u_w_5s._.js:1945
[ 1720233ms] [ERROR] ./src/components/site/site-canvas.tsx:23:1
Export shelves doesn't exist in target module
  21 |
  22 | import { SiteIcon } from "@/components/site/site-icons";
> 23 | import {
     | ^^^^^^^
> 24 |   canvasNodes,
     | ^^^^^^^^^^^^^^
> 25 |   shelves,
     | ^^^^^^^^^^
> 26 |   type AccentKey,
     | ^^^^^^^^^^^^^^^^^
> 27 |   type CanvasNodeRecord,
     | ^^^^^^^^^^^^^^^^^^^^^^^^
> 28 | } from "@/lib/site-data";
     | ^^^^^^^^^^^^^^^^^^^^^^^^^
  29 | import { cn } from "@/lib/utils";
  30 |
  31 | type SiteNodeData = Omit<CanvasNodeRecord, "id" | "canvas"> & {

The export shelves was not found in module [project]/src/lib/site-data.ts [app-client] (ecmascript).
Did you mean to import shelfRecords?
All exports of the module are statically known (It doesn't have dynamic exports). So it's known statically that the requested export doesn't exist.

Import trace:
  Server Component:
    ./src/components/site/site-canvas.tsx
    ./src/app/page.tsx @ http://localhost:3000/_next/static/chunks/node_modules_next_dist_0u_w_5s._.js:1945
[ 1720233ms] [ERROR] ./src/components/site/site-canvas.tsx:23:1
Export shelves doesn't exist in target module
  21 |
  22 | import { SiteIcon } from "@/components/site/site-icons";
> 23 | import {
     | ^^^^^^^
> 24 |   canvasNodes,
     | ^^^^^^^^^^^^^^
> 25 |   shelves,
     | ^^^^^^^^^^
> 26 |   type AccentKey,
     | ^^^^^^^^^^^^^^^^^
> 27 |   type CanvasNodeRecord,
     | ^^^^^^^^^^^^^^^^^^^^^^^^
> 28 | } from "@/lib/site-data";
     | ^^^^^^^^^^^^^^^^^^^^^^^^^
  29 | import { cn } from "@/lib/utils";
  30 |
  31 | type SiteNodeData = Omit<CanvasNodeRecord, "id" | "canvas"> & {

The export shelves was not found in module [project]/src/lib/site-data.ts [app-ssr] (ecmascript).
Did you mean to import shelfRecords?
All exports of the module are statically known (It doesn't have dynamic exports). So it's known statically that the requested export doesn't exist.

Import trace:
  Server Component:
    ./src/components/site/site-canvas.tsx
    ./src/app/page.tsx @ http://localhost:3000/_next/static/chunks/node_modules_next_dist_0u_w_5s._.js:1945
[ 1738233ms] [LOG] [Fast Refresh] rebuilding @ http://localhost:3000/_next/static/chunks/node_modules_next_dist_0u_w_5s._.js:1226
[ 1739886ms] [ERROR] ./src/app/page.tsx:1:1
Module not found: Can't resolve '@/components/site/site-canvas'
> 1 | import { SiteCanvas } from "@/components/site/site-canvas";
    | ^^^^^^^^^^^^^^^^^^^^^^^^^^^^^^^^^^^^^^^^^^^^^^^^^^^^^^^^^^^
  2 | import { SiteIcon } from "@/components/site/site-icons";
  3 | import { SocialLinks } from "@/components/site/social-links";
  4 | import { ThemeToggle } from "@/components/site/theme-toggle";

Import map: aliased to relative './src/components/site/site-canvas' inside of [project]/

https://nextjs.org/docs/messages/module-not-found @ http://localhost:3000/_next/static/chunks/node_modules_next_dist_0u_w_5s._.js:1945
[ 1739886ms] [ERROR] ./src/components/site/site-icons.tsx:2:1
Export Github doesn't exist in target module
   1 | import type { SVGProps } from "react";
>  2 | import {
     | ^^^^^^^
>  3 |   AppWindow,
     | ^^^^^^^^^^^^
>  4 |   ArrowUpRight,
     | ^^^^^^^^^^^^^^^
>  5 |   BookOpen,
     | ^^^^^^^^^^^
>  6 |   BriefcaseBusiness,
     | ^^^^^^^^^^^^^^^^^^^^
>  7 |   Camera,
     | ^^^^^^^^^
>  8 |   Code2,
     | ^^^^^^^^
>  9 |   Github,
     | ^^^^^^^^^
> 10 |   Home,
     | ^^^^^^^
> 11 |   Linkedin,
     | ^^^^^^^^^^^
> 12 |   Mail,
     | ^^^^^^^
> 13 |   Menu,
     | ^^^^^^^
> 14 |   Palette,
     | ^^^^^^^^^^
> 15 |   Video,
     | ^^^^^^^^
> 16 |   X,
     | ^^^^
> 17 |   type LucideIcon,
     | ^^^^^^^^^^^^^^^^^^
> 18 | } from "lucide-react";
     | ^^^^^^^^^^^^^^^^^^^^^^
  19 |
  20 | import type { IconKey } from "@/lib/site-data";
  21 |

The export Github was not found in module [project]/node_modules/lucide-react/dist/esm/lucide-react.mjs [app-rsc] (ecmascript).
Did you mean to import Gift?
All exports of the module are statically known (It doesn't have dynamic exports). So it's known statically that the requested export doesn't exist.

Import trace:
  Server Component:
    ./src/components/site/site-icons.tsx
    ./src/app/page.tsx @ http://localhost:3000/_next/static/chunks/node_modules_next_dist_0u_w_5s._.js:1945
[ 1739887ms] [ERROR] ./src/components/site/site-icons.tsx:2:1
Export Linkedin doesn't exist in target module
   1 | import type { SVGProps } from "react";
>  2 | import {
     | ^^^^^^^
>  3 |   AppWindow,
     | ^^^^^^^^^^^^
>  4 |   ArrowUpRight,
     | ^^^^^^^^^^^^^^^
>  5 |   BookOpen,
     | ^^^^^^^^^^^
>  6 |   BriefcaseBusiness,
     | ^^^^^^^^^^^^^^^^^^^^
>  7 |   Camera,
     | ^^^^^^^^^
>  8 |   Code2,
     | ^^^^^^^^
>  9 |   Github,
     | ^^^^^^^^^
> 10 |   Home,
     | ^^^^^^^
> 11 |   Linkedin,
     | ^^^^^^^^^^^
> 12 |   Mail,
     | ^^^^^^^
> 13 |   Menu,
     | ^^^^^^^
> 14 |   Palette,
     | ^^^^^^^^^^
> 15 |   Video,
     | ^^^^^^^^
> 16 |   X,
     | ^^^^
> 17 |   type LucideIcon,
     | ^^^^^^^^^^^^^^^^^^
> 18 | } from "lucide-react";
     | ^^^^^^^^^^^^^^^^^^^^^^
  19 |
  20 | import type { IconKey } from "@/lib/site-data";
  21 |

The export Linkedin was not found in module [project]/node_modules/lucide-react/dist/esm/lucide-react.mjs [app-rsc] (ecmascript).
Did you mean to import Link?
All exports of the module are statically known (It doesn't have dynamic exports). So it's known statically that the requested export doesn't exist.

Import trace:
  Server Component:
    ./src/components/site/site-icons.tsx
    ./src/app/page.tsx @ http://localhost:3000/_next/static/chunks/node_modules_next_dist_0u_w_5s._.js:1945
[ 1739887ms] [ERROR] ./src/app/page.tsx:7:1
Export shelves doesn't exist in target module
   5 | import { Button } from "@/components/ui/button";
   6 | import { Separator } from "@/components/ui/separator";
>  7 | import { contactLink, heroCopy, shelves, socialChannels } from "@/lib/site-data";
     | ^^^^^^^^^^^^^^^^^^^^^^^^^^^^^^^^^^^^^^^^^^^^^^^^^^^^^^^^^^^^^^^^^^^^^^^^^^^^^^^^^
   8 |
   9 | const profileLinks = socialChannels.filter(
  10 |   (channel) => channel.label !== "Email",

The export shelves was not found in module [project]/src/lib/site-data.ts [app-rsc] (ecmascript).
Did you mean to import shelfRecords?
All exports of the module are statically known (It doesn't have dynamic exports). So it's known statically that the requested export doesn't exist. @ http://localhost:3000/_next/static/chunks/node_modules_next_dist_0u_w_5s._.js:1945
[ 1739945ms] [ERROR] ./src/app/page.tsx:1:1
Module not found: Can't resolve '@/components/site/site-canvas'
> 1 | import { SiteCanvas } from "@/components/site/site-canvas";
    | ^^^^^^^^^^^^^^^^^^^^^^^^^^^^^^^^^^^^^^^^^^^^^^^^^^^^^^^^^^^
  2 | import { SiteIcon } from "@/components/site/site-icons";
  3 | import { SocialLinks } from "@/components/site/social-links";
  4 | import { ThemeToggle } from "@/components/site/theme-toggle";

Import map: aliased to relative './src/components/site/site-canvas' inside of [project]/

https://nextjs.org/docs/messages/module-not-found @ http://localhost:3000/_next/static/chunks/node_modules_next_dist_0u_w_5s._.js:1945
[ 1739945ms] [ERROR] ./src/components/site/site-icons.tsx:2:1
Export Github doesn't exist in target module
   1 | import type { SVGProps } from "react";
>  2 | import {
     | ^^^^^^^
>  3 |   AppWindow,
     | ^^^^^^^^^^^^
>  4 |   ArrowUpRight,
     | ^^^^^^^^^^^^^^^
>  5 |   BookOpen,
     | ^^^^^^^^^^^
>  6 |   BriefcaseBusiness,
     | ^^^^^^^^^^^^^^^^^^^^
>  7 |   Camera,
     | ^^^^^^^^^
>  8 |   Code2,
     | ^^^^^^^^
>  9 |   Github,
     | ^^^^^^^^^
> 10 |   Home,
     | ^^^^^^^
> 11 |   Linkedin,
     | ^^^^^^^^^^^
> 12 |   Mail,
     | ^^^^^^^
> 13 |   Menu,
     | ^^^^^^^
> 14 |   Palette,
     | ^^^^^^^^^^
> 15 |   Video,
     | ^^^^^^^^
> 16 |   X,
     | ^^^^
> 17 |   type LucideIcon,
     | ^^^^^^^^^^^^^^^^^^
> 18 | } from "lucide-react";
     | ^^^^^^^^^^^^^^^^^^^^^^
  19 |
  20 | import type { IconKey } from "@/lib/site-data";
  21 |

The export Github was not found in module [project]/node_modules/lucide-react/dist/esm/lucide-react.mjs [app-rsc] (ecmascript).
Did you mean to import Gift?
All exports of the module are statically known (It doesn't have dynamic exports). So it's known statically that the requested export doesn't exist.

Import trace:
  Server Component:
    ./src/components/site/site-icons.tsx
    ./src/app/page.tsx @ http://localhost:3000/_next/static/chunks/node_modules_next_dist_0u_w_5s._.js:1945
[ 1739945ms] [ERROR] ./src/components/site/site-icons.tsx:2:1
Export Linkedin doesn't exist in target module
   1 | import type { SVGProps } from "react";
>  2 | import {
     | ^^^^^^^
>  3 |   AppWindow,
     | ^^^^^^^^^^^^
>  4 |   ArrowUpRight,
     | ^^^^^^^^^^^^^^^
>  5 |   BookOpen,
     | ^^^^^^^^^^^
>  6 |   BriefcaseBusiness,
     | ^^^^^^^^^^^^^^^^^^^^
>  7 |   Camera,
     | ^^^^^^^^^
>  8 |   Code2,
     | ^^^^^^^^
>  9 |   Github,
     | ^^^^^^^^^
> 10 |   Home,
     | ^^^^^^^
> 11 |   Linkedin,
     | ^^^^^^^^^^^
> 12 |   Mail,
     | ^^^^^^^
> 13 |   Menu,
     | ^^^^^^^
> 14 |   Palette,
     | ^^^^^^^^^^
> 15 |   Video,
     | ^^^^^^^^
> 16 |   X,
     | ^^^^
> 17 |   type LucideIcon,
     | ^^^^^^^^^^^^^^^^^^
> 18 | } from "lucide-react";
     | ^^^^^^^^^^^^^^^^^^^^^^
  19 |
  20 | import type { IconKey } from "@/lib/site-data";
  21 |

The export Linkedin was not found in module [project]/node_modules/lucide-react/dist/esm/lucide-react.mjs [app-rsc] (ecmascript).
Did you mean to import Link?
All exports of the module are statically known (It doesn't have dynamic exports). So it's known statically that the requested export doesn't exist.

Import trace:
  Server Component:
    ./src/components/site/site-icons.tsx
    ./src/app/page.tsx @ http://localhost:3000/_next/static/chunks/node_modules_next_dist_0u_w_5s._.js:1945
[ 1739946ms] [ERROR] ./src/app/page.tsx:7:1
Export shelves doesn't exist in target module
   5 | import { Button } from "@/components/ui/button";
   6 | import { Separator } from "@/components/ui/separator";
>  7 | import { contactLink, heroCopy, shelves, socialChannels } from "@/lib/site-data";
     | ^^^^^^^^^^^^^^^^^^^^^^^^^^^^^^^^^^^^^^^^^^^^^^^^^^^^^^^^^^^^^^^^^^^^^^^^^^^^^^^^^
   8 |
   9 | const profileLinks = socialChannels.filter(
  10 |   (channel) => channel.label !== "Email",

The export shelves was not found in module [project]/src/lib/site-data.ts [app-rsc] (ecmascript).
Did you mean to import shelfRecords?
All exports of the module are statically known (It doesn't have dynamic exports). So it's known statically that the requested export doesn't exist. @ http://localhost:3000/_next/static/chunks/node_modules_next_dist_0u_w_5s._.js:1945
[ 1740002ms] [ERROR] ./src/app/page.tsx:1:1
Module not found: Can't resolve '@/components/site/site-canvas'
> 1 | import { SiteCanvas } from "@/components/site/site-canvas";
    | ^^^^^^^^^^^^^^^^^^^^^^^^^^^^^^^^^^^^^^^^^^^^^^^^^^^^^^^^^^^
  2 | import { SiteIcon } from "@/components/site/site-icons";
  3 | import { SocialLinks } from "@/components/site/social-links";
  4 | import { ThemeToggle } from "@/components/site/theme-toggle";

Import map: aliased to relative './src/components/site/site-canvas' inside of [project]/

https://nextjs.org/docs/messages/module-not-found @ http://localhost:3000/_next/static/chunks/node_modules_next_dist_0u_w_5s._.js:1945
[ 1740002ms] [ERROR] ./src/components/site/site-icons.tsx:2:1
Export Github doesn't exist in target module
   1 | import type { SVGProps } from "react";
>  2 | import {
     | ^^^^^^^
>  3 |   AppWindow,
     | ^^^^^^^^^^^^
>  4 |   ArrowUpRight,
     | ^^^^^^^^^^^^^^^
>  5 |   BookOpen,
     | ^^^^^^^^^^^
>  6 |   BriefcaseBusiness,
     | ^^^^^^^^^^^^^^^^^^^^
>  7 |   Camera,
     | ^^^^^^^^^
>  8 |   Code2,
     | ^^^^^^^^
>  9 |   Github,
     | ^^^^^^^^^
> 10 |   Home,
     | ^^^^^^^
> 11 |   Linkedin,
     | ^^^^^^^^^^^
> 12 |   Mail,
     | ^^^^^^^
> 13 |   Menu,
     | ^^^^^^^
> 14 |   Palette,
     | ^^^^^^^^^^
> 15 |   Video,
     | ^^^^^^^^
> 16 |   X,
     | ^^^^
> 17 |   type LucideIcon,
     | ^^^^^^^^^^^^^^^^^^
> 18 | } from "lucide-react";
     | ^^^^^^^^^^^^^^^^^^^^^^
  19 |
  20 | import type { IconKey } from "@/lib/site-data";
  21 |

The export Github was not found in module [project]/node_modules/lucide-react/dist/esm/lucide-react.mjs [app-rsc] (ecmascript).
Did you mean to import Gift?
All exports of the module are statically known (It doesn't have dynamic exports). So it's known statically that the requested export doesn't exist.

Import trace:
  Server Component:
    ./src/components/site/site-icons.tsx
    ./src/app/page.tsx @ http://localhost:3000/_next/static/chunks/node_modules_next_dist_0u_w_5s._.js:1945
[ 1740002ms] [ERROR] ./src/components/site/site-icons.tsx:2:1
Export Linkedin doesn't exist in target module
   1 | import type { SVGProps } from "react";
>  2 | import {
     | ^^^^^^^
>  3 |   AppWindow,
     | ^^^^^^^^^^^^
>  4 |   ArrowUpRight,
     | ^^^^^^^^^^^^^^^
>  5 |   BookOpen,
     | ^^^^^^^^^^^
>  6 |   BriefcaseBusiness,
     | ^^^^^^^^^^^^^^^^^^^^
>  7 |   Camera,
     | ^^^^^^^^^
>  8 |   Code2,
     | ^^^^^^^^
>  9 |   Github,
     | ^^^^^^^^^
> 10 |   Home,
     | ^^^^^^^
> 11 |   Linkedin,
     | ^^^^^^^^^^^
> 12 |   Mail,
     | ^^^^^^^
> 13 |   Menu,
     | ^^^^^^^
> 14 |   Palette,
     | ^^^^^^^^^^
> 15 |   Video,
     | ^^^^^^^^
> 16 |   X,
     | ^^^^
> 17 |   type LucideIcon,
     | ^^^^^^^^^^^^^^^^^^
> 18 | } from "lucide-react";
     | ^^^^^^^^^^^^^^^^^^^^^^
  19 |
  20 | import type { IconKey } from "@/lib/site-data";
  21 |

The export Linkedin was not found in module [project]/node_modules/lucide-react/dist/esm/lucide-react.mjs [app-rsc] (ecmascript).
Did you mean to import Link?
All exports of the module are statically known (It doesn't have dynamic exports). So it's known statically that the requested export doesn't exist.

Import trace:
  Server Component:
    ./src/components/site/site-icons.tsx
    ./src/app/page.tsx @ http://localhost:3000/_next/static/chunks/node_modules_next_dist_0u_w_5s._.js:1945
[ 1740002ms] [ERROR] ./src/app/page.tsx:7:1
Export shelves doesn't exist in target module
   5 | import { Button } from "@/components/ui/button";
   6 | import { Separator } from "@/components/ui/separator";
>  7 | import { contactLink, heroCopy, shelves, socialChannels } from "@/lib/site-data";
     | ^^^^^^^^^^^^^^^^^^^^^^^^^^^^^^^^^^^^^^^^^^^^^^^^^^^^^^^^^^^^^^^^^^^^^^^^^^^^^^^^^
   8 |
   9 | const profileLinks = socialChannels.filter(
  10 |   (channel) => channel.label !== "Email",

The export shelves was not found in module [project]/src/lib/site-data.ts [app-rsc] (ecmascript).
Did you mean to import shelfRecords?
All exports of the module are statically known (It doesn't have dynamic exports). So it's known statically that the requested export doesn't exist. @ http://localhost:3000/_next/static/chunks/node_modules_next_dist_0u_w_5s._.js:1945
[ 1740047ms] [ERROR] ./src/app/page.tsx:1:1
Module not found: Can't resolve '@/components/site/site-canvas'
> 1 | import { SiteCanvas } from "@/components/site/site-canvas";
    | ^^^^^^^^^^^^^^^^^^^^^^^^^^^^^^^^^^^^^^^^^^^^^^^^^^^^^^^^^^^
  2 | import { SiteIcon } from "@/components/site/site-icons";
  3 | import { SocialLinks } from "@/components/site/social-links";
  4 | import { ThemeToggle } from "@/components/site/theme-toggle";

Import map: aliased to relative './src/components/site/site-canvas' inside of [project]/

https://nextjs.org/docs/messages/module-not-found @ http://localhost:3000/_next/static/chunks/node_modules_next_dist_0u_w_5s._.js:1945
[ 1740047ms] [ERROR] ./src/components/site/site-icons.tsx:2:1
Export Github doesn't exist in target module
   1 | import type { SVGProps } from "react";
>  2 | import {
     | ^^^^^^^
>  3 |   AppWindow,
     | ^^^^^^^^^^^^
>  4 |   ArrowUpRight,
     | ^^^^^^^^^^^^^^^
>  5 |   BookOpen,
     | ^^^^^^^^^^^
>  6 |   BriefcaseBusiness,
     | ^^^^^^^^^^^^^^^^^^^^
>  7 |   Camera,
     | ^^^^^^^^^
>  8 |   Code2,
     | ^^^^^^^^
>  9 |   Github,
     | ^^^^^^^^^
> 10 |   Home,
     | ^^^^^^^
> 11 |   Linkedin,
     | ^^^^^^^^^^^
> 12 |   Mail,
     | ^^^^^^^
> 13 |   Menu,
     | ^^^^^^^
> 14 |   Palette,
     | ^^^^^^^^^^
> 15 |   Video,
     | ^^^^^^^^
> 16 |   X,
     | ^^^^
> 17 |   type LucideIcon,
     | ^^^^^^^^^^^^^^^^^^
> 18 | } from "lucide-react";
     | ^^^^^^^^^^^^^^^^^^^^^^
  19 |
  20 | import type { IconKey } from "@/lib/site-data";
  21 |

The export Github was not found in module [project]/node_modules/lucide-react/dist/esm/lucide-react.mjs [app-rsc] (ecmascript).
Did you mean to import Gift?
All exports of the module are statically known (It doesn't have dynamic exports). So it's known statically that the requested export doesn't exist.

Import trace:
  Server Component:
    ./src/components/site/site-icons.tsx
    ./src/app/page.tsx @ http://localhost:3000/_next/static/chunks/node_modules_next_dist_0u_w_5s._.js:1945
[ 1740047ms] [ERROR] ./src/components/site/site-icons.tsx:2:1
Export Linkedin doesn't exist in target module
   1 | import type { SVGProps } from "react";
>  2 | import {
     | ^^^^^^^
>  3 |   AppWindow,
     | ^^^^^^^^^^^^
>  4 |   ArrowUpRight,
     | ^^^^^^^^^^^^^^^
>  5 |   BookOpen,
     | ^^^^^^^^^^^
>  6 |   BriefcaseBusiness,
     | ^^^^^^^^^^^^^^^^^^^^
>  7 |   Camera,
     | ^^^^^^^^^
>  8 |   Code2,
     | ^^^^^^^^
>  9 |   Github,
     | ^^^^^^^^^
> 10 |   Home,
     | ^^^^^^^
> 11 |   Linkedin,
     | ^^^^^^^^^^^
> 12 |   Mail,
     | ^^^^^^^
> 13 |   Menu,
     | ^^^^^^^
> 14 |   Palette,
     | ^^^^^^^^^^
> 15 |   Video,
     | ^^^^^^^^
> 16 |   X,
     | ^^^^
> 17 |   type LucideIcon,
     | ^^^^^^^^^^^^^^^^^^
> 18 | } from "lucide-react";
     | ^^^^^^^^^^^^^^^^^^^^^^
  19 |
  20 | import type { IconKey } from "@/lib/site-data";
  21 |

The export Linkedin was not found in module [project]/node_modules/lucide-react/dist/esm/lucide-react.mjs [app-rsc] (ecmascript).
Did you mean to import Link?
All exports of the module are statically known (It doesn't have dynamic exports). So it's known statically that the requested export doesn't exist.

Import trace:
  Server Component:
    ./src/components/site/site-icons.tsx
    ./src/app/page.tsx @ http://localhost:3000/_next/static/chunks/node_modules_next_dist_0u_w_5s._.js:1945
[ 1740048ms] [ERROR] ./src/app/page.tsx:7:1
Export shelves doesn't exist in target module
   5 | import { Button } from "@/components/ui/button";
   6 | import { Separator } from "@/components/ui/separator";
>  7 | import { contactLink, heroCopy, shelves, socialChannels } from "@/lib/site-data";
     | ^^^^^^^^^^^^^^^^^^^^^^^^^^^^^^^^^^^^^^^^^^^^^^^^^^^^^^^^^^^^^^^^^^^^^^^^^^^^^^^^^
   8 |
   9 | const profileLinks = socialChannels.filter(
  10 |   (channel) => channel.label !== "Email",

The export shelves was not found in module [project]/src/lib/site-data.ts [app-rsc] (ecmascript).
Did you mean to import shelfRecords?
All exports of the module are statically known (It doesn't have dynamic exports). So it's known statically that the requested export doesn't exist. @ http://localhost:3000/_next/static/chunks/node_modules_next_dist_0u_w_5s._.js:1945
[ 1740171ms] [ERROR] ./src/app/page.tsx:1:1
Module not found: Can't resolve '@/components/site/site-canvas'
> 1 | import { SiteCanvas } from "@/components/site/site-canvas";
    | ^^^^^^^^^^^^^^^^^^^^^^^^^^^^^^^^^^^^^^^^^^^^^^^^^^^^^^^^^^^
  2 | import { SiteIcon } from "@/components/site/site-icons";
  3 | import { SocialLinks } from "@/components/site/social-links";
  4 | import { ThemeToggle } from "@/components/site/theme-toggle";

Import map: aliased to relative './src/components/site/site-canvas' inside of [project]/

https://nextjs.org/docs/messages/module-not-found @ http://localhost:3000/_next/static/chunks/node_modules_next_dist_0u_w_5s._.js:1945
[ 1740172ms] [ERROR] ./src/components/site/site-icons.tsx:2:1
Export Github doesn't exist in target module
   1 | import type { SVGProps } from "react";
>  2 | import {
     | ^^^^^^^
>  3 |   AppWindow,
     | ^^^^^^^^^^^^
>  4 |   ArrowUpRight,
     | ^^^^^^^^^^^^^^^
>  5 |   BookOpen,
     | ^^^^^^^^^^^
>  6 |   BriefcaseBusiness,
     | ^^^^^^^^^^^^^^^^^^^^
>  7 |   Camera,
     | ^^^^^^^^^
>  8 |   Code2,
     | ^^^^^^^^
>  9 |   Github,
     | ^^^^^^^^^
> 10 |   Home,
     | ^^^^^^^
> 11 |   Linkedin,
     | ^^^^^^^^^^^
> 12 |   Mail,
     | ^^^^^^^
> 13 |   Menu,
     | ^^^^^^^
> 14 |   Palette,
     | ^^^^^^^^^^
> 15 |   Video,
     | ^^^^^^^^
> 16 |   X,
     | ^^^^
> 17 |   type LucideIcon,
     | ^^^^^^^^^^^^^^^^^^
> 18 | } from "lucide-react";
     | ^^^^^^^^^^^^^^^^^^^^^^
  19 |
  20 | import type { IconKey } from "@/lib/site-data";
  21 |

The export Github was not found in module [project]/node_modules/lucide-react/dist/esm/lucide-react.mjs [app-rsc] (ecmascript).
Did you mean to import Gift?
All exports of the module are statically known (It doesn't have dynamic exports). So it's known statically that the requested export doesn't exist.

Import trace:
  Server Component:
    ./src/components/site/site-icons.tsx
    ./src/app/page.tsx @ http://localhost:3000/_next/static/chunks/node_modules_next_dist_0u_w_5s._.js:1945
[ 1740172ms] [ERROR] ./src/components/site/site-icons.tsx:2:1
Export Linkedin doesn't exist in target module
   1 | import type { SVGProps } from "react";
>  2 | import {
     | ^^^^^^^
>  3 |   AppWindow,
     | ^^^^^^^^^^^^
>  4 |   ArrowUpRight,
     | ^^^^^^^^^^^^^^^
>  5 |   BookOpen,
     | ^^^^^^^^^^^
>  6 |   BriefcaseBusiness,
     | ^^^^^^^^^^^^^^^^^^^^
>  7 |   Camera,
     | ^^^^^^^^^
>  8 |   Code2,
     | ^^^^^^^^
>  9 |   Github,
     | ^^^^^^^^^
> 10 |   Home,
     | ^^^^^^^
> 11 |   Linkedin,
     | ^^^^^^^^^^^
> 12 |   Mail,
     | ^^^^^^^
> 13 |   Menu,
     | ^^^^^^^
> 14 |   Palette,
     | ^^^^^^^^^^
> 15 |   Video,
     | ^^^^^^^^
> 16 |   X,
     | ^^^^
> 17 |   type LucideIcon,
     | ^^^^^^^^^^^^^^^^^^
> 18 | } from "lucide-react";
     | ^^^^^^^^^^^^^^^^^^^^^^
  19 |
  20 | import type { IconKey } from "@/lib/site-data";
  21 |

The export Linkedin was not found in module [project]/node_modules/lucide-react/dist/esm/lucide-react.mjs [app-rsc] (ecmascript).
Did you mean to import Link?
All exports of the module are statically known (It doesn't have dynamic exports). So it's known statically that the requested export doesn't exist.

Import trace:
  Server Component:
    ./src/components/site/site-icons.tsx
    ./src/app/page.tsx @ http://localhost:3000/_next/static/chunks/node_modules_next_dist_0u_w_5s._.js:1945
[ 1740173ms] [ERROR] ./src/app/page.tsx:7:1
Export shelves doesn't exist in target module
   5 | import { Button } from "@/components/ui/button";
   6 | import { Separator } from "@/components/ui/separator";
>  7 | import { contactLink, heroCopy, shelves, socialChannels } from "@/lib/site-data";
     | ^^^^^^^^^^^^^^^^^^^^^^^^^^^^^^^^^^^^^^^^^^^^^^^^^^^^^^^^^^^^^^^^^^^^^^^^^^^^^^^^^
   8 |
   9 | const profileLinks = socialChannels.filter(
  10 |   (channel) => channel.label !== "Email",

The export shelves was not found in module [project]/src/lib/site-data.ts [app-rsc] (ecmascript).
Did you mean to import shelfRecords?
All exports of the module are statically known (It doesn't have dynamic exports). So it's known statically that the requested export doesn't exist. @ http://localhost:3000/_next/static/chunks/node_modules_next_dist_0u_w_5s._.js:1945
[ 1740173ms] [LOG] [Fast Refresh] rebuilding @ http://localhost:3000/_next/static/chunks/node_modules_next_dist_0u_w_5s._.js:1226
[ 1740250ms] [ERROR] ./src/app/page.tsx:1:1
Module not found: Can't resolve '@/components/site/site-canvas'
> 1 | import { SiteCanvas } from "@/components/site/site-canvas";
    | ^^^^^^^^^^^^^^^^^^^^^^^^^^^^^^^^^^^^^^^^^^^^^^^^^^^^^^^^^^^
  2 | import { SiteIcon } from "@/components/site/site-icons";
  3 | import { SocialLinks } from "@/components/site/social-links";
  4 | import { ThemeToggle } from "@/components/site/theme-toggle";

Import map: aliased to relative './src/components/site/site-canvas' inside of [project]/

https://nextjs.org/docs/messages/module-not-found @ http://localhost:3000/_next/static/chunks/node_modules_next_dist_0u_w_5s._.js:1945
[ 1740251ms] [ERROR] ./src/components/site/site-icons.tsx:2:1
Export Github doesn't exist in target module
   1 | import type { SVGProps } from "react";
>  2 | import {
     | ^^^^^^^
>  3 |   AppWindow,
     | ^^^^^^^^^^^^
>  4 |   ArrowUpRight,
     | ^^^^^^^^^^^^^^^
>  5 |   BookOpen,
     | ^^^^^^^^^^^
>  6 |   BriefcaseBusiness,
     | ^^^^^^^^^^^^^^^^^^^^
>  7 |   Camera,
     | ^^^^^^^^^
>  8 |   Code2,
     | ^^^^^^^^
>  9 |   Github,
     | ^^^^^^^^^
> 10 |   Home,
     | ^^^^^^^
> 11 |   Linkedin,
     | ^^^^^^^^^^^
> 12 |   Mail,
     | ^^^^^^^
> 13 |   Menu,
     | ^^^^^^^
> 14 |   Palette,
     | ^^^^^^^^^^
> 15 |   Video,
     | ^^^^^^^^
> 16 |   X,
     | ^^^^
> 17 |   type LucideIcon,
     | ^^^^^^^^^^^^^^^^^^
> 18 | } from "lucide-react";
     | ^^^^^^^^^^^^^^^^^^^^^^
  19 |
  20 | import type { IconKey } from "@/lib/site-data";
  21 |

The export Github was not found in module [project]/node_modules/lucide-react/dist/esm/lucide-react.mjs [app-rsc] (ecmascript).
Did you mean to import Gift?
All exports of the module are statically known (It doesn't have dynamic exports). So it's known statically that the requested export doesn't exist.

Import trace:
  Server Component:
    ./src/components/site/site-icons.tsx
    ./src/app/page.tsx @ http://localhost:3000/_next/static/chunks/node_modules_next_dist_0u_w_5s._.js:1945
[ 1740251ms] [ERROR] ./src/components/site/site-icons.tsx:2:1
Export Linkedin doesn't exist in target module
   1 | import type { SVGProps } from "react";
>  2 | import {
     | ^^^^^^^
>  3 |   AppWindow,
     | ^^^^^^^^^^^^
>  4 |   ArrowUpRight,
     | ^^^^^^^^^^^^^^^
>  5 |   BookOpen,
     | ^^^^^^^^^^^
>  6 |   BriefcaseBusiness,
     | ^^^^^^^^^^^^^^^^^^^^
>  7 |   Camera,
     | ^^^^^^^^^
>  8 |   Code2,
     | ^^^^^^^^
>  9 |   Github,
     | ^^^^^^^^^
> 10 |   Home,
     | ^^^^^^^
> 11 |   Linkedin,
     | ^^^^^^^^^^^
> 12 |   Mail,
     | ^^^^^^^
> 13 |   Menu,
     | ^^^^^^^
> 14 |   Palette,
     | ^^^^^^^^^^
> 15 |   Video,
     | ^^^^^^^^
> 16 |   X,
     | ^^^^
> 17 |   type LucideIcon,
     | ^^^^^^^^^^^^^^^^^^
> 18 | } from "lucide-react";
     | ^^^^^^^^^^^^^^^^^^^^^^
  19 |
  20 | import type { IconKey } from "@/lib/site-data";
  21 |

The export Linkedin was not found in module [project]/node_modules/lucide-react/dist/esm/lucide-react.mjs [app-rsc] (ecmascript).
Did you mean to import Link?
All exports of the module are statically known (It doesn't have dynamic exports). So it's known statically that the requested export doesn't exist.

Import trace:
  Server Component:
    ./src/components/site/site-icons.tsx
    ./src/app/page.tsx @ http://localhost:3000/_next/static/chunks/node_modules_next_dist_0u_w_5s._.js:1945
[ 1740251ms] [ERROR] ./src/app/page.tsx:7:1
Export shelves doesn't exist in target module
   5 | import { Button } from "@/components/ui/button";
   6 | import { Separator } from "@/components/ui/separator";
>  7 | import { contactLink, heroCopy, shelves, socialChannels } from "@/lib/site-data";
     | ^^^^^^^^^^^^^^^^^^^^^^^^^^^^^^^^^^^^^^^^^^^^^^^^^^^^^^^^^^^^^^^^^^^^^^^^^^^^^^^^^
   8 |
   9 | const profileLinks = socialChannels.filter(
  10 |   (channel) => channel.label !== "Email",

The export shelves was not found in module [project]/src/lib/site-data.ts [app-rsc] (ecmascript).
Did you mean to import shelfRecords?
All exports of the module are statically known (It doesn't have dynamic exports). So it's known statically that the requested export doesn't exist. @ http://localhost:3000/_next/static/chunks/node_modules_next_dist_0u_w_5s._.js:1945
[ 1740309ms] [LOG] [Fast Refresh] rebuilding @ http://localhost:3000/_next/static/chunks/node_modules_next_dist_0u_w_5s._.js:1226
[ 1740431ms] [ERROR] ./src/app/page.tsx:1:1
Module not found: Can't resolve '@/components/site/site-canvas'
> 1 | import { SiteCanvas } from "@/components/site/site-canvas";
    | ^^^^^^^^^^^^^^^^^^^^^^^^^^^^^^^^^^^^^^^^^^^^^^^^^^^^^^^^^^^
  2 | import { SiteIcon } from "@/components/site/site-icons";
  3 | import { SocialLinks } from "@/components/site/social-links";
  4 | import { ThemeToggle } from "@/components/site/theme-toggle";

Import map: aliased to relative './src/components/site/site-canvas' inside of [project]/

https://nextjs.org/docs/messages/module-not-found @ http://localhost:3000/_next/static/chunks/node_modules_next_dist_0u_w_5s._.js:1945
[ 1740432ms] [ERROR] ./src/components/site/site-icons.tsx:2:1
Export Github doesn't exist in target module
   1 | import type { SVGProps } from "react";
>  2 | import {
     | ^^^^^^^
>  3 |   AppWindow,
     | ^^^^^^^^^^^^
>  4 |   ArrowUpRight,
     | ^^^^^^^^^^^^^^^
>  5 |   BookOpen,
     | ^^^^^^^^^^^
>  6 |   BriefcaseBusiness,
     | ^^^^^^^^^^^^^^^^^^^^
>  7 |   Camera,
     | ^^^^^^^^^
>  8 |   Code2,
     | ^^^^^^^^
>  9 |   Github,
     | ^^^^^^^^^
> 10 |   Home,
     | ^^^^^^^
> 11 |   Linkedin,
     | ^^^^^^^^^^^
> 12 |   Mail,
     | ^^^^^^^
> 13 |   Menu,
     | ^^^^^^^
> 14 |   Palette,
     | ^^^^^^^^^^
> 15 |   Video,
     | ^^^^^^^^
> 16 |   X,
     | ^^^^
> 17 |   type LucideIcon,
     | ^^^^^^^^^^^^^^^^^^
> 18 | } from "lucide-react";
     | ^^^^^^^^^^^^^^^^^^^^^^
  19 |
  20 | import type { IconKey } from "@/lib/site-data";
  21 |

The export Github was not found in module [project]/node_modules/lucide-react/dist/esm/lucide-react.mjs [app-rsc] (ecmascript).
Did you mean to import Gift?
All exports of the module are statically known (It doesn't have dynamic exports). So it's known statically that the requested export doesn't exist.

Import trace:
  Server Component:
    ./src/components/site/site-icons.tsx
    ./src/app/page.tsx @ http://localhost:3000/_next/static/chunks/node_modules_next_dist_0u_w_5s._.js:1945
[ 1740432ms] [ERROR] ./src/components/site/site-icons.tsx:2:1
Export Linkedin doesn't exist in target module
   1 | import type { SVGProps } from "react";
>  2 | import {
     | ^^^^^^^
>  3 |   AppWindow,
     | ^^^^^^^^^^^^
>  4 |   ArrowUpRight,
     | ^^^^^^^^^^^^^^^
>  5 |   BookOpen,
     | ^^^^^^^^^^^
>  6 |   BriefcaseBusiness,
     | ^^^^^^^^^^^^^^^^^^^^
>  7 |   Camera,
     | ^^^^^^^^^
>  8 |   Code2,
     | ^^^^^^^^
>  9 |   Github,
     | ^^^^^^^^^
> 10 |   Home,
     | ^^^^^^^
> 11 |   Linkedin,
     | ^^^^^^^^^^^
> 12 |   Mail,
     | ^^^^^^^
> 13 |   Menu,
     | ^^^^^^^
> 14 |   Palette,
     | ^^^^^^^^^^
> 15 |   Video,
     | ^^^^^^^^
> 16 |   X,
     | ^^^^
> 17 |   type LucideIcon,
     | ^^^^^^^^^^^^^^^^^^
> 18 | } from "lucide-react";
     | ^^^^^^^^^^^^^^^^^^^^^^
  19 |
  20 | import type { IconKey } from "@/lib/site-data";
  21 |

The export Linkedin was not found in module [project]/node_modules/lucide-react/dist/esm/lucide-react.mjs [app-rsc] (ecmascript).
Did you mean to import Link?
All exports of the module are statically known (It doesn't have dynamic exports). So it's known statically that the requested export doesn't exist.

Import trace:
  Server Component:
    ./src/components/site/site-icons.tsx
    ./src/app/page.tsx @ http://localhost:3000/_next/static/chunks/node_modules_next_dist_0u_w_5s._.js:1945
[ 1740432ms] [ERROR] ./src/app/page.tsx:7:1
Export shelves doesn't exist in target module
   5 | import { Button } from "@/components/ui/button";
   6 | import { Separator } from "@/components/ui/separator";
>  7 | import { contactLink, heroCopy, shelves, socialChannels } from "@/lib/site-data";
     | ^^^^^^^^^^^^^^^^^^^^^^^^^^^^^^^^^^^^^^^^^^^^^^^^^^^^^^^^^^^^^^^^^^^^^^^^^^^^^^^^^
   8 |
   9 | const profileLinks = socialChannels.filter(
  10 |   (channel) => channel.label !== "Email",

The export shelves was not found in module [project]/src/lib/site-data.ts [app-rsc] (ecmascript).
Did you mean to import shelfRecords?
All exports of the module are statically known (It doesn't have dynamic exports). So it's known statically that the requested export doesn't exist. @ http://localhost:3000/_next/static/chunks/node_modules_next_dist_0u_w_5s._.js:1945
[ 1740485ms] [ERROR] ./src/app/page.tsx:1:1
Module not found: Can't resolve '@/components/site/site-canvas'
> 1 | import { SiteCanvas } from "@/components/site/site-canvas";
    | ^^^^^^^^^^^^^^^^^^^^^^^^^^^^^^^^^^^^^^^^^^^^^^^^^^^^^^^^^^^
  2 | import { SiteIcon } from "@/components/site/site-icons";
  3 | import { SocialLinks } from "@/components/site/social-links";
  4 | import { ThemeToggle } from "@/components/site/theme-toggle";

Import map: aliased to relative './src/components/site/site-canvas' inside of [project]/

https://nextjs.org/docs/messages/module-not-found @ http://localhost:3000/_next/static/chunks/node_modules_next_dist_0u_w_5s._.js:1945
[ 1740486ms] [ERROR] ./src/components/site/site-icons.tsx:2:1
Export Github doesn't exist in target module
   1 | import type { SVGProps } from "react";
>  2 | import {
     | ^^^^^^^
>  3 |   AppWindow,
     | ^^^^^^^^^^^^
>  4 |   ArrowUpRight,
     | ^^^^^^^^^^^^^^^
>  5 |   BookOpen,
     | ^^^^^^^^^^^
>  6 |   BriefcaseBusiness,
     | ^^^^^^^^^^^^^^^^^^^^
>  7 |   Camera,
     | ^^^^^^^^^
>  8 |   Code2,
     | ^^^^^^^^
>  9 |   Github,
     | ^^^^^^^^^
> 10 |   Home,
     | ^^^^^^^
> 11 |   Linkedin,
     | ^^^^^^^^^^^
> 12 |   Mail,
     | ^^^^^^^
> 13 |   Menu,
     | ^^^^^^^
> 14 |   Palette,
     | ^^^^^^^^^^
> 15 |   Video,
     | ^^^^^^^^
> 16 |   X,
     | ^^^^
> 17 |   type LucideIcon,
     | ^^^^^^^^^^^^^^^^^^
> 18 | } from "lucide-react";
     | ^^^^^^^^^^^^^^^^^^^^^^
  19 |
  20 | import type { IconKey } from "@/lib/site-data";
  21 |

The export Github was not found in module [project]/node_modules/lucide-react/dist/esm/lucide-react.mjs [app-rsc] (ecmascript).
Did you mean to import Gift?
All exports of the module are statically known (It doesn't have dynamic exports). So it's known statically that the requested export doesn't exist.

Import trace:
  Server Component:
    ./src/components/site/site-icons.tsx
    ./src/app/page.tsx @ http://localhost:3000/_next/static/chunks/node_modules_next_dist_0u_w_5s._.js:1945
[ 1740486ms] [ERROR] ./src/components/site/site-icons.tsx:2:1
Export Linkedin doesn't exist in target module
   1 | import type { SVGProps } from "react";
>  2 | import {
     | ^^^^^^^
>  3 |   AppWindow,
     | ^^^^^^^^^^^^
>  4 |   ArrowUpRight,
     | ^^^^^^^^^^^^^^^
>  5 |   BookOpen,
     | ^^^^^^^^^^^
>  6 |   BriefcaseBusiness,
     | ^^^^^^^^^^^^^^^^^^^^
>  7 |   Camera,
     | ^^^^^^^^^
>  8 |   Code2,
     | ^^^^^^^^
>  9 |   Github,
     | ^^^^^^^^^
> 10 |   Home,
     | ^^^^^^^
> 11 |   Linkedin,
     | ^^^^^^^^^^^
> 12 |   Mail,
     | ^^^^^^^
> 13 |   Menu,
     | ^^^^^^^
> 14 |   Palette,
     | ^^^^^^^^^^
> 15 |   Video,
     | ^^^^^^^^
> 16 |   X,
     | ^^^^
> 17 |   type LucideIcon,
     | ^^^^^^^^^^^^^^^^^^
> 18 | } from "lucide-react";
     | ^^^^^^^^^^^^^^^^^^^^^^
  19 |
  20 | import type { IconKey } from "@/lib/site-data";
  21 |

The export Linkedin was not found in module [project]/node_modules/lucide-react/dist/esm/lucide-react.mjs [app-rsc] (ecmascript).
Did you mean to import Link?
All exports of the module are statically known (It doesn't have dynamic exports). So it's known statically that the requested export doesn't exist.

Import trace:
  Server Component:
    ./src/components/site/site-icons.tsx
    ./src/app/page.tsx @ http://localhost:3000/_next/static/chunks/node_modules_next_dist_0u_w_5s._.js:1945
[ 1740486ms] [ERROR] ./src/app/page.tsx:7:1
Export shelves doesn't exist in target module
   5 | import { Button } from "@/components/ui/button";
   6 | import { Separator } from "@/components/ui/separator";
>  7 | import { contactLink, heroCopy, shelves, socialChannels } from "@/lib/site-data";
     | ^^^^^^^^^^^^^^^^^^^^^^^^^^^^^^^^^^^^^^^^^^^^^^^^^^^^^^^^^^^^^^^^^^^^^^^^^^^^^^^^^
   8 |
   9 | const profileLinks = socialChannels.filter(
  10 |   (channel) => channel.label !== "Email",

The export shelves was not found in module [project]/src/lib/site-data.ts [app-rsc] (ecmascript).
Did you mean to import shelfRecords?
All exports of the module are statically known (It doesn't have dynamic exports). So it's known statically that the requested export doesn't exist. @ http://localhost:3000/_next/static/chunks/node_modules_next_dist_0u_w_5s._.js:1945
[ 1740577ms] [ERROR] ./src/app/page.tsx:1:1
Module not found: Can't resolve '@/components/site/site-canvas'
> 1 | import { SiteCanvas } from "@/components/site/site-canvas";
    | ^^^^^^^^^^^^^^^^^^^^^^^^^^^^^^^^^^^^^^^^^^^^^^^^^^^^^^^^^^^
  2 | import { SiteIcon } from "@/components/site/site-icons";
  3 | import { SocialLinks } from "@/components/site/social-links";
  4 | import { ThemeToggle } from "@/components/site/theme-toggle";

Import map: aliased to relative './src/components/site/site-canvas' inside of [project]/

https://nextjs.org/docs/messages/module-not-found @ http://localhost:3000/_next/static/chunks/node_modules_next_dist_0u_w_5s._.js:1945
[ 1740578ms] [ERROR] ./src/components/site/site-icons.tsx:2:1
Export Github doesn't exist in target module
   1 | import type { SVGProps } from "react";
>  2 | import {
     | ^^^^^^^
>  3 |   AppWindow,
     | ^^^^^^^^^^^^
>  4 |   ArrowUpRight,
     | ^^^^^^^^^^^^^^^
>  5 |   BookOpen,
     | ^^^^^^^^^^^
>  6 |   BriefcaseBusiness,
     | ^^^^^^^^^^^^^^^^^^^^
>  7 |   Camera,
     | ^^^^^^^^^
>  8 |   Code2,
     | ^^^^^^^^
>  9 |   Github,
     | ^^^^^^^^^
> 10 |   Home,
     | ^^^^^^^
> 11 |   Linkedin,
     | ^^^^^^^^^^^
> 12 |   Mail,
     | ^^^^^^^
> 13 |   Menu,
     | ^^^^^^^
> 14 |   Palette,
     | ^^^^^^^^^^
> 15 |   Video,
     | ^^^^^^^^
> 16 |   X,
     | ^^^^
> 17 |   type LucideIcon,
     | ^^^^^^^^^^^^^^^^^^
> 18 | } from "lucide-react";
     | ^^^^^^^^^^^^^^^^^^^^^^
  19 |
  20 | import type { IconKey } from "@/lib/site-data";
  21 |

The export Github was not found in module [project]/node_modules/lucide-react/dist/esm/lucide-react.mjs [app-rsc] (ecmascript).
Did you mean to import Gift?
All exports of the module are statically known (It doesn't have dynamic exports). So it's known statically that the requested export doesn't exist.

Import trace:
  Server Component:
    ./src/components/site/site-icons.tsx
    ./src/app/page.tsx @ http://localhost:3000/_next/static/chunks/node_modules_next_dist_0u_w_5s._.js:1945
[ 1740578ms] [ERROR] ./src/components/site/site-icons.tsx:2:1
Export Linkedin doesn't exist in target module
   1 | import type { SVGProps } from "react";
>  2 | import {
     | ^^^^^^^
>  3 |   AppWindow,
     | ^^^^^^^^^^^^
>  4 |   ArrowUpRight,
     | ^^^^^^^^^^^^^^^
>  5 |   BookOpen,
     | ^^^^^^^^^^^
>  6 |   BriefcaseBusiness,
     | ^^^^^^^^^^^^^^^^^^^^
>  7 |   Camera,
     | ^^^^^^^^^
>  8 |   Code2,
     | ^^^^^^^^
>  9 |   Github,
     | ^^^^^^^^^
> 10 |   Home,
     | ^^^^^^^
> 11 |   Linkedin,
     | ^^^^^^^^^^^
> 12 |   Mail,
     | ^^^^^^^
> 13 |   Menu,
     | ^^^^^^^
> 14 |   Palette,
     | ^^^^^^^^^^
> 15 |   Video,
     | ^^^^^^^^
> 16 |   X,
     | ^^^^
> 17 |   type LucideIcon,
     | ^^^^^^^^^^^^^^^^^^
> 18 | } from "lucide-react";
     | ^^^^^^^^^^^^^^^^^^^^^^
  19 |
  20 | import type { IconKey } from "@/lib/site-data";
  21 |

The export Linkedin was not found in module [project]/node_modules/lucide-react/dist/esm/lucide-react.mjs [app-rsc] (ecmascript).
Did you mean to import Link?
All exports of the module are statically known (It doesn't have dynamic exports). So it's known statically that the requested export doesn't exist.

Import trace:
  Server Component:
    ./src/components/site/site-icons.tsx
    ./src/app/page.tsx @ http://localhost:3000/_next/static/chunks/node_modules_next_dist_0u_w_5s._.js:1945
[ 1740578ms] [ERROR] ./src/app/page.tsx:7:1
Export shelves doesn't exist in target module
   5 | import { Button } from "@/components/ui/button";
   6 | import { Separator } from "@/components/ui/separator";
>  7 | import { contactLink, heroCopy, shelves, socialChannels } from "@/lib/site-data";
     | ^^^^^^^^^^^^^^^^^^^^^^^^^^^^^^^^^^^^^^^^^^^^^^^^^^^^^^^^^^^^^^^^^^^^^^^^^^^^^^^^^
   8 |
   9 | const profileLinks = socialChannels.filter(
  10 |   (channel) => channel.label !== "Email",

The export shelves was not found in module [project]/src/lib/site-data.ts [app-rsc] (ecmascript).
Did you mean to import shelfRecords?
All exports of the module are statically known (It doesn't have dynamic exports). So it's known statically that the requested export doesn't exist. @ http://localhost:3000/_next/static/chunks/node_modules_next_dist_0u_w_5s._.js:1945
[ 1740628ms] [LOG] [Fast Refresh] rebuilding @ http://localhost:3000/_next/static/chunks/node_modules_next_dist_0u_w_5s._.js:1226
[ 1740710ms] [ERROR] ./src/app/page.tsx:1:1
Module not found: Can't resolve '@/components/site/site-canvas'
> 1 | import { SiteCanvas } from "@/components/site/site-canvas";
    | ^^^^^^^^^^^^^^^^^^^^^^^^^^^^^^^^^^^^^^^^^^^^^^^^^^^^^^^^^^^
  2 | import { SiteIcon } from "@/components/site/site-icons";
  3 | import { SocialLinks } from "@/components/site/social-links";
  4 | import { ThemeToggle } from "@/components/site/theme-toggle";

Import map: aliased to relative './src/components/site/site-canvas' inside of [project]/

https://nextjs.org/docs/messages/module-not-found @ http://localhost:3000/_next/static/chunks/node_modules_next_dist_0u_w_5s._.js:1945
[ 1740710ms] [ERROR] ./src/components/site/site-icons.tsx:2:1
Export Github doesn't exist in target module
   1 | import type { SVGProps } from "react";
>  2 | import {
     | ^^^^^^^
>  3 |   AppWindow,
     | ^^^^^^^^^^^^
>  4 |   ArrowUpRight,
     | ^^^^^^^^^^^^^^^
>  5 |   BookOpen,
     | ^^^^^^^^^^^
>  6 |   BriefcaseBusiness,
     | ^^^^^^^^^^^^^^^^^^^^
>  7 |   Camera,
     | ^^^^^^^^^
>  8 |   Code2,
     | ^^^^^^^^
>  9 |   Github,
     | ^^^^^^^^^
> 10 |   Home,
     | ^^^^^^^
> 11 |   Linkedin,
     | ^^^^^^^^^^^
> 12 |   Mail,
     | ^^^^^^^
> 13 |   Menu,
     | ^^^^^^^
> 14 |   Palette,
     | ^^^^^^^^^^
> 15 |   Video,
     | ^^^^^^^^
> 16 |   X,
     | ^^^^
> 17 |   type LucideIcon,
     | ^^^^^^^^^^^^^^^^^^
> 18 | } from "lucide-react";
     | ^^^^^^^^^^^^^^^^^^^^^^
  19 |
  20 | import type { IconKey } from "@/lib/site-data";
  21 |

The export Github was not found in module [project]/node_modules/lucide-react/dist/esm/lucide-react.mjs [app-rsc] (ecmascript).
Did you mean to import Gift?
All exports of the module are statically known (It doesn't have dynamic exports). So it's known statically that the requested export doesn't exist.

Import trace:
  Server Component:
    ./src/components/site/site-icons.tsx
    ./src/app/page.tsx @ http://localhost:3000/_next/static/chunks/node_modules_next_dist_0u_w_5s._.js:1945
[ 1740711ms] [ERROR] ./src/components/site/site-icons.tsx:2:1
Export Linkedin doesn't exist in target module
   1 | import type { SVGProps } from "react";
>  2 | import {
     | ^^^^^^^
>  3 |   AppWindow,
     | ^^^^^^^^^^^^
>  4 |   ArrowUpRight,
     | ^^^^^^^^^^^^^^^
>  5 |   BookOpen,
     | ^^^^^^^^^^^
>  6 |   BriefcaseBusiness,
     | ^^^^^^^^^^^^^^^^^^^^
>  7 |   Camera,
     | ^^^^^^^^^
>  8 |   Code2,
     | ^^^^^^^^
>  9 |   Github,
     | ^^^^^^^^^
> 10 |   Home,
     | ^^^^^^^
> 11 |   Linkedin,
     | ^^^^^^^^^^^
> 12 |   Mail,
     | ^^^^^^^
> 13 |   Menu,
     | ^^^^^^^
> 14 |   Palette,
     | ^^^^^^^^^^
> 15 |   Video,
     | ^^^^^^^^
> 16 |   X,
     | ^^^^
> 17 |   type LucideIcon,
     | ^^^^^^^^^^^^^^^^^^
> 18 | } from "lucide-react";
     | ^^^^^^^^^^^^^^^^^^^^^^
  19 |
  20 | import type { IconKey } from "@/lib/site-data";
  21 |

The export Linkedin was not found in module [project]/node_modules/lucide-react/dist/esm/lucide-react.mjs [app-rsc] (ecmascript).
Did you mean to import Link?
All exports of the module are statically known (It doesn't have dynamic exports). So it's known statically that the requested export doesn't exist.

Import trace:
  Server Component:
    ./src/components/site/site-icons.tsx
    ./src/app/page.tsx @ http://localhost:3000/_next/static/chunks/node_modules_next_dist_0u_w_5s._.js:1945
[ 1740711ms] [ERROR] ./src/app/page.tsx:7:1
Export shelves doesn't exist in target module
   5 | import { Button } from "@/components/ui/button";
   6 | import { Separator } from "@/components/ui/separator";
>  7 | import { contactLink, heroCopy, shelves, socialChannels } from "@/lib/site-data";
     | ^^^^^^^^^^^^^^^^^^^^^^^^^^^^^^^^^^^^^^^^^^^^^^^^^^^^^^^^^^^^^^^^^^^^^^^^^^^^^^^^^
   8 |
   9 | const profileLinks = socialChannels.filter(
  10 |   (channel) => channel.label !== "Email",

The export shelves was not found in module [project]/src/lib/site-data.ts [app-rsc] (ecmascript).
Did you mean to import shelfRecords?
All exports of the module are statically known (It doesn't have dynamic exports). So it's known statically that the requested export doesn't exist. @ http://localhost:3000/_next/static/chunks/node_modules_next_dist_0u_w_5s._.js:1945
[ 1740762ms] [LOG] [Fast Refresh] rebuilding @ http://localhost:3000/_next/static/chunks/node_modules_next_dist_0u_w_5s._.js:1226
[ 1740894ms] [ERROR] ./src/app/page.tsx:1:1
Module not found: Can't resolve '@/components/site/site-canvas'
> 1 | import { SiteCanvas } from "@/components/site/site-canvas";
    | ^^^^^^^^^^^^^^^^^^^^^^^^^^^^^^^^^^^^^^^^^^^^^^^^^^^^^^^^^^^
  2 | import { SiteIcon } from "@/components/site/site-icons";
  3 | import { SocialLinks } from "@/components/site/social-links";
  4 | import { ThemeToggle } from "@/components/site/theme-toggle";

Import map: aliased to relative './src/components/site/site-canvas' inside of [project]/

https://nextjs.org/docs/messages/module-not-found @ http://localhost:3000/_next/static/chunks/node_modules_next_dist_0u_w_5s._.js:1945
[ 1740894ms] [ERROR] ./src/components/site/site-icons.tsx:2:1
Export Github doesn't exist in target module
   1 | import type { SVGProps } from "react";
>  2 | import {
     | ^^^^^^^
>  3 |   AppWindow,
     | ^^^^^^^^^^^^
>  4 |   ArrowUpRight,
     | ^^^^^^^^^^^^^^^
>  5 |   BookOpen,
     | ^^^^^^^^^^^
>  6 |   BriefcaseBusiness,
     | ^^^^^^^^^^^^^^^^^^^^
>  7 |   Camera,
     | ^^^^^^^^^
>  8 |   Code2,
     | ^^^^^^^^
>  9 |   Github,
     | ^^^^^^^^^
> 10 |   Home,
     | ^^^^^^^
> 11 |   Linkedin,
     | ^^^^^^^^^^^
> 12 |   Mail,
     | ^^^^^^^
> 13 |   Menu,
     | ^^^^^^^
> 14 |   Palette,
     | ^^^^^^^^^^
> 15 |   Video,
     | ^^^^^^^^
> 16 |   X,
     | ^^^^
> 17 |   type LucideIcon,
     | ^^^^^^^^^^^^^^^^^^
> 18 | } from "lucide-react";
     | ^^^^^^^^^^^^^^^^^^^^^^
  19 |
  20 | import type { IconKey } from "@/lib/site-data";
  21 |

The export Github was not found in module [project]/node_modules/lucide-react/dist/esm/lucide-react.mjs [app-rsc] (ecmascript).
Did you mean to import Gift?
All exports of the module are statically known (It doesn't have dynamic exports). So it's known statically that the requested export doesn't exist.

Import trace:
  Server Component:
    ./src/components/site/site-icons.tsx
    ./src/app/page.tsx @ http://localhost:3000/_next/static/chunks/node_modules_next_dist_0u_w_5s._.js:1945
[ 1740894ms] [ERROR] ./src/components/site/site-icons.tsx:2:1
Export Linkedin doesn't exist in target module
   1 | import type { SVGProps } from "react";
>  2 | import {
     | ^^^^^^^
>  3 |   AppWindow,
     | ^^^^^^^^^^^^
>  4 |   ArrowUpRight,
     | ^^^^^^^^^^^^^^^
>  5 |   BookOpen,
     | ^^^^^^^^^^^
>  6 |   BriefcaseBusiness,
     | ^^^^^^^^^^^^^^^^^^^^
>  7 |   Camera,
     | ^^^^^^^^^
>  8 |   Code2,
     | ^^^^^^^^
>  9 |   Github,
     | ^^^^^^^^^
> 10 |   Home,
     | ^^^^^^^
> 11 |   Linkedin,
     | ^^^^^^^^^^^
> 12 |   Mail,
     | ^^^^^^^
> 13 |   Menu,
     | ^^^^^^^
> 14 |   Palette,
     | ^^^^^^^^^^
> 15 |   Video,
     | ^^^^^^^^
> 16 |   X,
     | ^^^^
> 17 |   type LucideIcon,
     | ^^^^^^^^^^^^^^^^^^
> 18 | } from "lucide-react";
     | ^^^^^^^^^^^^^^^^^^^^^^
  19 |
  20 | import type { IconKey } from "@/lib/site-data";
  21 |

The export Linkedin was not found in module [project]/node_modules/lucide-react/dist/esm/lucide-react.mjs [app-rsc] (ecmascript).
Did you mean to import Link?
All exports of the module are statically known (It doesn't have dynamic exports). So it's known statically that the requested export doesn't exist.

Import trace:
  Server Component:
    ./src/components/site/site-icons.tsx
    ./src/app/page.tsx @ http://localhost:3000/_next/static/chunks/node_modules_next_dist_0u_w_5s._.js:1945
[ 1740894ms] [ERROR] ./src/app/page.tsx:7:1
Export shelves doesn't exist in target module
   5 | import { Button } from "@/components/ui/button";
   6 | import { Separator } from "@/components/ui/separator";
>  7 | import { contactLink, heroCopy, shelves, socialChannels } from "@/lib/site-data";
     | ^^^^^^^^^^^^^^^^^^^^^^^^^^^^^^^^^^^^^^^^^^^^^^^^^^^^^^^^^^^^^^^^^^^^^^^^^^^^^^^^^
   8 |
   9 | const profileLinks = socialChannels.filter(
  10 |   (channel) => channel.label !== "Email",

The export shelves was not found in module [project]/src/lib/site-data.ts [app-rsc] (ecmascript).
Did you mean to import shelfRecords?
All exports of the module are statically known (It doesn't have dynamic exports). So it's known statically that the requested export doesn't exist. @ http://localhost:3000/_next/static/chunks/node_modules_next_dist_0u_w_5s._.js:1945
[ 1740918ms] [LOG] [Fast Refresh] rebuilding @ http://localhost:3000/_next/static/chunks/node_modules_next_dist_0u_w_5s._.js:1226
[ 1740997ms] [ERROR] ./src/app/page.tsx:1:1
Module not found: Can't resolve '@/components/site/site-canvas'
> 1 | import { SiteCanvas } from "@/components/site/site-canvas";
    | ^^^^^^^^^^^^^^^^^^^^^^^^^^^^^^^^^^^^^^^^^^^^^^^^^^^^^^^^^^^
  2 | import { SiteIcon } from "@/components/site/site-icons";
  3 | import { SocialLinks } from "@/components/site/social-links";
  4 | import { ThemeToggle } from "@/components/site/theme-toggle";

Import map: aliased to relative './src/components/site/site-canvas' inside of [project]/

https://nextjs.org/docs/messages/module-not-found @ http://localhost:3000/_next/static/chunks/node_modules_next_dist_0u_w_5s._.js:1945
[ 1740998ms] [ERROR] ./src/components/site/site-icons.tsx:2:1
Export Github doesn't exist in target module
   1 | import type { SVGProps } from "react";
>  2 | import {
     | ^^^^^^^
>  3 |   AppWindow,
     | ^^^^^^^^^^^^
>  4 |   ArrowUpRight,
     | ^^^^^^^^^^^^^^^
>  5 |   BookOpen,
     | ^^^^^^^^^^^
>  6 |   BriefcaseBusiness,
     | ^^^^^^^^^^^^^^^^^^^^
>  7 |   Camera,
     | ^^^^^^^^^
>  8 |   Code2,
     | ^^^^^^^^
>  9 |   Github,
     | ^^^^^^^^^
> 10 |   Home,
     | ^^^^^^^
> 11 |   Linkedin,
     | ^^^^^^^^^^^
> 12 |   Mail,
     | ^^^^^^^
> 13 |   Menu,
     | ^^^^^^^
> 14 |   Palette,
     | ^^^^^^^^^^
> 15 |   Video,
     | ^^^^^^^^
> 16 |   X,
     | ^^^^
> 17 |   type LucideIcon,
     | ^^^^^^^^^^^^^^^^^^
> 18 | } from "lucide-react";
     | ^^^^^^^^^^^^^^^^^^^^^^
  19 |
  20 | import type { IconKey } from "@/lib/site-data";
  21 |

The export Github was not found in module [project]/node_modules/lucide-react/dist/esm/lucide-react.mjs [app-rsc] (ecmascript).
Did you mean to import Gift?
All exports of the module are statically known (It doesn't have dynamic exports). So it's known statically that the requested export doesn't exist.

Import trace:
  Server Component:
    ./src/components/site/site-icons.tsx
    ./src/app/page.tsx @ http://localhost:3000/_next/static/chunks/node_modules_next_dist_0u_w_5s._.js:1945
[ 1740998ms] [ERROR] ./src/components/site/site-icons.tsx:2:1
Export Linkedin doesn't exist in target module
   1 | import type { SVGProps } from "react";
>  2 | import {
     | ^^^^^^^
>  3 |   AppWindow,
     | ^^^^^^^^^^^^
>  4 |   ArrowUpRight,
     | ^^^^^^^^^^^^^^^
>  5 |   BookOpen,
     | ^^^^^^^^^^^
>  6 |   BriefcaseBusiness,
     | ^^^^^^^^^^^^^^^^^^^^
>  7 |   Camera,
     | ^^^^^^^^^
>  8 |   Code2,
     | ^^^^^^^^
>  9 |   Github,
     | ^^^^^^^^^
> 10 |   Home,
     | ^^^^^^^
> 11 |   Linkedin,
     | ^^^^^^^^^^^
> 12 |   Mail,
     | ^^^^^^^
> 13 |   Menu,
     | ^^^^^^^
> 14 |   Palette,
     | ^^^^^^^^^^
> 15 |   Video,
     | ^^^^^^^^
> 16 |   X,
     | ^^^^
> 17 |   type LucideIcon,
     | ^^^^^^^^^^^^^^^^^^
> 18 | } from "lucide-react";
     | ^^^^^^^^^^^^^^^^^^^^^^
  19 |
  20 | import type { IconKey } from "@/lib/site-data";
  21 |

The export Linkedin was not found in module [project]/node_modules/lucide-react/dist/esm/lucide-react.mjs [app-rsc] (ecmascript).
Did you mean to import Link?
All exports of the module are statically known (It doesn't have dynamic exports). So it's known statically that the requested export doesn't exist.

Import trace:
  Server Component:
    ./src/components/site/site-icons.tsx
    ./src/app/page.tsx @ http://localhost:3000/_next/static/chunks/node_modules_next_dist_0u_w_5s._.js:1945
[ 1740998ms] [ERROR] ./src/app/page.tsx:7:1
Export shelves doesn't exist in target module
   5 | import { Button } from "@/components/ui/button";
   6 | import { Separator } from "@/components/ui/separator";
>  7 | import { contactLink, heroCopy, shelves, socialChannels } from "@/lib/site-data";
     | ^^^^^^^^^^^^^^^^^^^^^^^^^^^^^^^^^^^^^^^^^^^^^^^^^^^^^^^^^^^^^^^^^^^^^^^^^^^^^^^^^
   8 |
   9 | const profileLinks = socialChannels.filter(
  10 |   (channel) => channel.label !== "Email",

The export shelves was not found in module [project]/src/lib/site-data.ts [app-rsc] (ecmascript).
Did you mean to import shelfRecords?
All exports of the module are statically known (It doesn't have dynamic exports). So it's known statically that the requested export doesn't exist. @ http://localhost:3000/_next/static/chunks/node_modules_next_dist_0u_w_5s._.js:1945
[ 1741047ms] [LOG] [Fast Refresh] rebuilding @ http://localhost:3000/_next/static/chunks/node_modules_next_dist_0u_w_5s._.js:1226
[ 1741212ms] [ERROR] ./src/app/page.tsx:1:1
Module not found: Can't resolve '@/components/site/site-canvas'
> 1 | import { SiteCanvas } from "@/components/site/site-canvas";
    | ^^^^^^^^^^^^^^^^^^^^^^^^^^^^^^^^^^^^^^^^^^^^^^^^^^^^^^^^^^^
  2 | import { SiteIcon } from "@/components/site/site-icons";
  3 | import { SocialLinks } from "@/components/site/social-links";
  4 | import { ThemeToggle } from "@/components/site/theme-toggle";

Import map: aliased to relative './src/components/site/site-canvas' inside of [project]/

https://nextjs.org/docs/messages/module-not-found @ http://localhost:3000/_next/static/chunks/node_modules_next_dist_0u_w_5s._.js:1945
[ 1741213ms] [ERROR] ./src/components/site/site-icons.tsx:2:1
Export Github doesn't exist in target module
   1 | import type { SVGProps } from "react";
>  2 | import {
     | ^^^^^^^
>  3 |   AppWindow,
     | ^^^^^^^^^^^^
>  4 |   ArrowUpRight,
     | ^^^^^^^^^^^^^^^
>  5 |   BookOpen,
     | ^^^^^^^^^^^
>  6 |   BriefcaseBusiness,
     | ^^^^^^^^^^^^^^^^^^^^
>  7 |   Camera,
     | ^^^^^^^^^
>  8 |   Code2,
     | ^^^^^^^^
>  9 |   Github,
     | ^^^^^^^^^
> 10 |   Home,
     | ^^^^^^^
> 11 |   Linkedin,
     | ^^^^^^^^^^^
> 12 |   Mail,
     | ^^^^^^^
> 13 |   Menu,
     | ^^^^^^^
> 14 |   Palette,
     | ^^^^^^^^^^
> 15 |   Video,
     | ^^^^^^^^
> 16 |   X,
     | ^^^^
> 17 |   type LucideIcon,
     | ^^^^^^^^^^^^^^^^^^
> 18 | } from "lucide-react";
     | ^^^^^^^^^^^^^^^^^^^^^^
  19 |
  20 | import type { IconKey } from "@/lib/site-data";
  21 |

The export Github was not found in module [project]/node_modules/lucide-react/dist/esm/lucide-react.mjs [app-rsc] (ecmascript).
Did you mean to import Gift?
All exports of the module are statically known (It doesn't have dynamic exports). So it's known statically that the requested export doesn't exist.

Import trace:
  Server Component:
    ./src/components/site/site-icons.tsx
    ./src/app/page.tsx @ http://localhost:3000/_next/static/chunks/node_modules_next_dist_0u_w_5s._.js:1945
[ 1741213ms] [ERROR] ./src/components/site/site-icons.tsx:2:1
Export Linkedin doesn't exist in target module
   1 | import type { SVGProps } from "react";
>  2 | import {
     | ^^^^^^^
>  3 |   AppWindow,
     | ^^^^^^^^^^^^
>  4 |   ArrowUpRight,
     | ^^^^^^^^^^^^^^^
>  5 |   BookOpen,
     | ^^^^^^^^^^^
>  6 |   BriefcaseBusiness,
     | ^^^^^^^^^^^^^^^^^^^^
>  7 |   Camera,
     | ^^^^^^^^^
>  8 |   Code2,
     | ^^^^^^^^
>  9 |   Github,
     | ^^^^^^^^^
> 10 |   Home,
     | ^^^^^^^
> 11 |   Linkedin,
     | ^^^^^^^^^^^
> 12 |   Mail,
     | ^^^^^^^
> 13 |   Menu,
     | ^^^^^^^
> 14 |   Palette,
     | ^^^^^^^^^^
> 15 |   Video,
     | ^^^^^^^^
> 16 |   X,
     | ^^^^
> 17 |   type LucideIcon,
     | ^^^^^^^^^^^^^^^^^^
> 18 | } from "lucide-react";
     | ^^^^^^^^^^^^^^^^^^^^^^
  19 |
  20 | import type { IconKey } from "@/lib/site-data";
  21 |

The export Linkedin was not found in module [project]/node_modules/lucide-react/dist/esm/lucide-react.mjs [app-rsc] (ecmascript).
Did you mean to import Link?
All exports of the module are statically known (It doesn't have dynamic exports). So it's known statically that the requested export doesn't exist.

Import trace:
  Server Component:
    ./src/components/site/site-icons.tsx
    ./src/app/page.tsx @ http://localhost:3000/_next/static/chunks/node_modules_next_dist_0u_w_5s._.js:1945
[ 1741213ms] [ERROR] ./src/app/page.tsx:7:1
Export shelves doesn't exist in target module
   5 | import { Button } from "@/components/ui/button";
   6 | import { Separator } from "@/components/ui/separator";
>  7 | import { contactLink, heroCopy, shelves, socialChannels } from "@/lib/site-data";
     | ^^^^^^^^^^^^^^^^^^^^^^^^^^^^^^^^^^^^^^^^^^^^^^^^^^^^^^^^^^^^^^^^^^^^^^^^^^^^^^^^^
   8 |
   9 | const profileLinks = socialChannels.filter(
  10 |   (channel) => channel.label !== "Email",

The export shelves was not found in module [project]/src/lib/site-data.ts [app-rsc] (ecmascript).
Did you mean to import shelfRecords?
All exports of the module are statically known (It doesn't have dynamic exports). So it's known statically that the requested export doesn't exist. @ http://localhost:3000/_next/static/chunks/node_modules_next_dist_0u_w_5s._.js:1945
[ 1741214ms] [LOG] [Fast Refresh] rebuilding @ http://localhost:3000/_next/static/chunks/node_modules_next_dist_0u_w_5s._.js:1226
[ 1741325ms] [LOG] [Fast Refresh] rebuilding @ http://localhost:3000/_next/static/chunks/node_modules_next_dist_0u_w_5s._.js:1226
[ 1741344ms] [ERROR] ./src/app/page.tsx:1:1
Module not found: Can't resolve '@/components/site/site-canvas'
> 1 | import { SiteCanvas } from "@/components/site/site-canvas";
    | ^^^^^^^^^^^^^^^^^^^^^^^^^^^^^^^^^^^^^^^^^^^^^^^^^^^^^^^^^^^
  2 | import { SiteIcon } from "@/components/site/site-icons";
  3 | import { SocialLinks } from "@/components/site/social-links";
  4 | import { ThemeToggle } from "@/components/site/theme-toggle";

Import map: aliased to relative './src/components/site/site-canvas' inside of [project]/

https://nextjs.org/docs/messages/module-not-found @ http://localhost:3000/_next/static/chunks/node_modules_next_dist_0u_w_5s._.js:1945
[ 1741344ms] [ERROR] ./src/components/site/site-icons.tsx:2:1
Export Github doesn't exist in target module
   1 | import type { SVGProps } from "react";
>  2 | import {
     | ^^^^^^^
>  3 |   AppWindow,
     | ^^^^^^^^^^^^
>  4 |   ArrowUpRight,
     | ^^^^^^^^^^^^^^^
>  5 |   BookOpen,
     | ^^^^^^^^^^^
>  6 |   BriefcaseBusiness,
     | ^^^^^^^^^^^^^^^^^^^^
>  7 |   Camera,
     | ^^^^^^^^^
>  8 |   Code2,
     | ^^^^^^^^
>  9 |   Github,
     | ^^^^^^^^^
> 10 |   Home,
     | ^^^^^^^
> 11 |   Linkedin,
     | ^^^^^^^^^^^
> 12 |   Mail,
     | ^^^^^^^
> 13 |   Menu,
     | ^^^^^^^
> 14 |   Palette,
     | ^^^^^^^^^^
> 15 |   Video,
     | ^^^^^^^^
> 16 |   X,
     | ^^^^
> 17 |   type LucideIcon,
     | ^^^^^^^^^^^^^^^^^^
> 18 | } from "lucide-react";
     | ^^^^^^^^^^^^^^^^^^^^^^
  19 |
  20 | import type { IconKey } from "@/lib/site-data";
  21 |

The export Github was not found in module [project]/node_modules/lucide-react/dist/esm/lucide-react.mjs [app-rsc] (ecmascript).
Did you mean to import Gift?
All exports of the module are statically known (It doesn't have dynamic exports). So it's known statically that the requested export doesn't exist.

Import trace:
  Server Component:
    ./src/components/site/site-icons.tsx
    ./src/app/page.tsx @ http://localhost:3000/_next/static/chunks/node_modules_next_dist_0u_w_5s._.js:1945
[ 1741344ms] [ERROR] ./src/components/site/site-icons.tsx:2:1
Export Linkedin doesn't exist in target module
   1 | import type { SVGProps } from "react";
>  2 | import {
     | ^^^^^^^
>  3 |   AppWindow,
     | ^^^^^^^^^^^^
>  4 |   ArrowUpRight,
     | ^^^^^^^^^^^^^^^
>  5 |   BookOpen,
     | ^^^^^^^^^^^
>  6 |   BriefcaseBusiness,
     | ^^^^^^^^^^^^^^^^^^^^
>  7 |   Camera,
     | ^^^^^^^^^
>  8 |   Code2,
     | ^^^^^^^^
>  9 |   Github,
     | ^^^^^^^^^
> 10 |   Home,
     | ^^^^^^^
> 11 |   Linkedin,
     | ^^^^^^^^^^^
> 12 |   Mail,
     | ^^^^^^^
> 13 |   Menu,
     | ^^^^^^^
> 14 |   Palette,
     | ^^^^^^^^^^
> 15 |   Video,
     | ^^^^^^^^
> 16 |   X,
     | ^^^^
> 17 |   type LucideIcon,
     | ^^^^^^^^^^^^^^^^^^
> 18 | } from "lucide-react";
     | ^^^^^^^^^^^^^^^^^^^^^^
  19 |
  20 | import type { IconKey } from "@/lib/site-data";
  21 |

The export Linkedin was not found in module [project]/node_modules/lucide-react/dist/esm/lucide-react.mjs [app-rsc] (ecmascript).
Did you mean to import Link?
All exports of the module are statically known (It doesn't have dynamic exports). So it's known statically that the requested export doesn't exist.

Import trace:
  Server Component:
    ./src/components/site/site-icons.tsx
    ./src/app/page.tsx @ http://localhost:3000/_next/static/chunks/node_modules_next_dist_0u_w_5s._.js:1945
[ 1741345ms] [ERROR] ./src/app/page.tsx:7:1
Export shelves doesn't exist in target module
   5 | import { Button } from "@/components/ui/button";
   6 | import { Separator } from "@/components/ui/separator";
>  7 | import { contactLink, heroCopy, shelves, socialChannels } from "@/lib/site-data";
     | ^^^^^^^^^^^^^^^^^^^^^^^^^^^^^^^^^^^^^^^^^^^^^^^^^^^^^^^^^^^^^^^^^^^^^^^^^^^^^^^^^
   8 |
   9 | const profileLinks = socialChannels.filter(
  10 |   (channel) => channel.label !== "Email",

The export shelves was not found in module [project]/src/lib/site-data.ts [app-rsc] (ecmascript).
Did you mean to import shelfRecords?
All exports of the module are statically known (It doesn't have dynamic exports). So it's known statically that the requested export doesn't exist. @ http://localhost:3000/_next/static/chunks/node_modules_next_dist_0u_w_5s._.js:1945
[ 1741468ms] [LOG] [Fast Refresh] rebuilding @ http://localhost:3000/_next/static/chunks/node_modules_next_dist_0u_w_5s._.js:1226
[ 1741565ms] [ERROR] ./src/app/page.tsx:1:1
Module not found: Can't resolve '@/components/site/site-canvas'
> 1 | import { SiteCanvas } from "@/components/site/site-canvas";
    | ^^^^^^^^^^^^^^^^^^^^^^^^^^^^^^^^^^^^^^^^^^^^^^^^^^^^^^^^^^^
  2 | import { SiteIcon } from "@/components/site/site-icons";
  3 | import { SocialLinks } from "@/components/site/social-links";
  4 | import { ThemeToggle } from "@/components/site/theme-toggle";

Import map: aliased to relative './src/components/site/site-canvas' inside of [project]/

https://nextjs.org/docs/messages/module-not-found @ http://localhost:3000/_next/static/chunks/node_modules_next_dist_0u_w_5s._.js:1945
[ 1741566ms] [ERROR] ./src/components/site/site-icons.tsx:2:1
Export Github doesn't exist in target module
   1 | import type { SVGProps } from "react";
>  2 | import {
     | ^^^^^^^
>  3 |   AppWindow,
     | ^^^^^^^^^^^^
>  4 |   ArrowUpRight,
     | ^^^^^^^^^^^^^^^
>  5 |   BookOpen,
     | ^^^^^^^^^^^
>  6 |   BriefcaseBusiness,
     | ^^^^^^^^^^^^^^^^^^^^
>  7 |   Camera,
     | ^^^^^^^^^
>  8 |   Code2,
     | ^^^^^^^^
>  9 |   Github,
     | ^^^^^^^^^
> 10 |   Home,
     | ^^^^^^^
> 11 |   Linkedin,
     | ^^^^^^^^^^^
> 12 |   Mail,
     | ^^^^^^^
> 13 |   Menu,
     | ^^^^^^^
> 14 |   Palette,
     | ^^^^^^^^^^
> 15 |   Video,
     | ^^^^^^^^
> 16 |   X,
     | ^^^^
> 17 |   type LucideIcon,
     | ^^^^^^^^^^^^^^^^^^
> 18 | } from "lucide-react";
     | ^^^^^^^^^^^^^^^^^^^^^^
  19 |
  20 | import type { IconKey } from "@/lib/site-data";
  21 |

The export Github was not found in module [project]/node_modules/lucide-react/dist/esm/lucide-react.mjs [app-rsc] (ecmascript).
Did you mean to import Gift?
All exports of the module are statically known (It doesn't have dynamic exports). So it's known statically that the requested export doesn't exist.

Import trace:
  Server Component:
    ./src/components/site/site-icons.tsx
    ./src/app/page.tsx @ http://localhost:3000/_next/static/chunks/node_modules_next_dist_0u_w_5s._.js:1945
[ 1741566ms] [ERROR] ./src/components/site/site-icons.tsx:2:1
Export Linkedin doesn't exist in target module
   1 | import type { SVGProps } from "react";
>  2 | import {
     | ^^^^^^^
>  3 |   AppWindow,
     | ^^^^^^^^^^^^
>  4 |   ArrowUpRight,
     | ^^^^^^^^^^^^^^^
>  5 |   BookOpen,
     | ^^^^^^^^^^^
>  6 |   BriefcaseBusiness,
     | ^^^^^^^^^^^^^^^^^^^^
>  7 |   Camera,
     | ^^^^^^^^^
>  8 |   Code2,
     | ^^^^^^^^
>  9 |   Github,
     | ^^^^^^^^^
> 10 |   Home,
     | ^^^^^^^
> 11 |   Linkedin,
     | ^^^^^^^^^^^
> 12 |   Mail,
     | ^^^^^^^
> 13 |   Menu,
     | ^^^^^^^
> 14 |   Palette,
     | ^^^^^^^^^^
> 15 |   Video,
     | ^^^^^^^^
> 16 |   X,
     | ^^^^
> 17 |   type LucideIcon,
     | ^^^^^^^^^^^^^^^^^^
> 18 | } from "lucide-react";
     | ^^^^^^^^^^^^^^^^^^^^^^
  19 |
  20 | import type { IconKey } from "@/lib/site-data";
  21 |

The export Linkedin was not found in module [project]/node_modules/lucide-react/dist/esm/lucide-react.mjs [app-rsc] (ecmascript).
Did you mean to import Link?
All exports of the module are statically known (It doesn't have dynamic exports). So it's known statically that the requested export doesn't exist.

Import trace:
  Server Component:
    ./src/components/site/site-icons.tsx
    ./src/app/page.tsx @ http://localhost:3000/_next/static/chunks/node_modules_next_dist_0u_w_5s._.js:1945
[ 1741566ms] [ERROR] ./src/app/page.tsx:7:1
Export shelves doesn't exist in target module
   5 | import { Button } from "@/components/ui/button";
   6 | import { Separator } from "@/components/ui/separator";
>  7 | import { contactLink, heroCopy, shelves, socialChannels } from "@/lib/site-data";
     | ^^^^^^^^^^^^^^^^^^^^^^^^^^^^^^^^^^^^^^^^^^^^^^^^^^^^^^^^^^^^^^^^^^^^^^^^^^^^^^^^^
   8 |
   9 | const profileLinks = socialChannels.filter(
  10 |   (channel) => channel.label !== "Email",

The export shelves was not found in module [project]/src/lib/site-data.ts [app-rsc] (ecmascript).
Did you mean to import shelfRecords?
All exports of the module are statically known (It doesn't have dynamic exports). So it's known statically that the requested export doesn't exist. @ http://localhost:3000/_next/static/chunks/node_modules_next_dist_0u_w_5s._.js:1945
[ 1741684ms] [ERROR] ./src/app/page.tsx:1:1
Module not found: Can't resolve '@/components/site/site-canvas'
> 1 | import { SiteCanvas } from "@/components/site/site-canvas";
    | ^^^^^^^^^^^^^^^^^^^^^^^^^^^^^^^^^^^^^^^^^^^^^^^^^^^^^^^^^^^
  2 | import { SiteIcon } from "@/components/site/site-icons";
  3 | import { SocialLinks } from "@/components/site/social-links";
  4 | import { ThemeToggle } from "@/components/site/theme-toggle";

Import map: aliased to relative './src/components/site/site-canvas' inside of [project]/

https://nextjs.org/docs/messages/module-not-found @ http://localhost:3000/_next/static/chunks/node_modules_next_dist_0u_w_5s._.js:1945
[ 1741685ms] [ERROR] ./src/components/site/site-icons.tsx:2:1
Export Github doesn't exist in target module
   1 | import type { SVGProps } from "react";
>  2 | import {
     | ^^^^^^^
>  3 |   AppWindow,
     | ^^^^^^^^^^^^
>  4 |   ArrowUpRight,
     | ^^^^^^^^^^^^^^^
>  5 |   BookOpen,
     | ^^^^^^^^^^^
>  6 |   BriefcaseBusiness,
     | ^^^^^^^^^^^^^^^^^^^^
>  7 |   Camera,
     | ^^^^^^^^^
>  8 |   Code2,
     | ^^^^^^^^
>  9 |   Github,
     | ^^^^^^^^^
> 10 |   Home,
     | ^^^^^^^
> 11 |   Linkedin,
     | ^^^^^^^^^^^
> 12 |   Mail,
     | ^^^^^^^
> 13 |   Menu,
     | ^^^^^^^
> 14 |   Palette,
     | ^^^^^^^^^^
> 15 |   Video,
     | ^^^^^^^^
> 16 |   X,
     | ^^^^
> 17 |   type LucideIcon,
     | ^^^^^^^^^^^^^^^^^^
> 18 | } from "lucide-react";
     | ^^^^^^^^^^^^^^^^^^^^^^
  19 |
  20 | import type { IconKey } from "@/lib/site-data";
  21 |

The export Github was not found in module [project]/node_modules/lucide-react/dist/esm/lucide-react.mjs [app-rsc] (ecmascript).
Did you mean to import Gift?
All exports of the module are statically known (It doesn't have dynamic exports). So it's known statically that the requested export doesn't exist.

Import trace:
  Server Component:
    ./src/components/site/site-icons.tsx
    ./src/app/page.tsx @ http://localhost:3000/_next/static/chunks/node_modules_next_dist_0u_w_5s._.js:1945
[ 1741685ms] [ERROR] ./src/components/site/site-icons.tsx:2:1
Export Linkedin doesn't exist in target module
   1 | import type { SVGProps } from "react";
>  2 | import {
     | ^^^^^^^
>  3 |   AppWindow,
     | ^^^^^^^^^^^^
>  4 |   ArrowUpRight,
     | ^^^^^^^^^^^^^^^
>  5 |   BookOpen,
     | ^^^^^^^^^^^
>  6 |   BriefcaseBusiness,
     | ^^^^^^^^^^^^^^^^^^^^
>  7 |   Camera,
     | ^^^^^^^^^
>  8 |   Code2,
     | ^^^^^^^^
>  9 |   Github,
     | ^^^^^^^^^
> 10 |   Home,
     | ^^^^^^^
> 11 |   Linkedin,
     | ^^^^^^^^^^^
> 12 |   Mail,
     | ^^^^^^^
> 13 |   Menu,
     | ^^^^^^^
> 14 |   Palette,
     | ^^^^^^^^^^
> 15 |   Video,
     | ^^^^^^^^
> 16 |   X,
     | ^^^^
> 17 |   type LucideIcon,
     | ^^^^^^^^^^^^^^^^^^
> 18 | } from "lucide-react";
     | ^^^^^^^^^^^^^^^^^^^^^^
  19 |
  20 | import type { IconKey } from "@/lib/site-data";
  21 |

The export Linkedin was not found in module [project]/node_modules/lucide-react/dist/esm/lucide-react.mjs [app-rsc] (ecmascript).
Did you mean to import Link?
All exports of the module are statically known (It doesn't have dynamic exports). So it's known statically that the requested export doesn't exist.

Import trace:
  Server Component:
    ./src/components/site/site-icons.tsx
    ./src/app/page.tsx @ http://localhost:3000/_next/static/chunks/node_modules_next_dist_0u_w_5s._.js:1945
[ 1741685ms] [ERROR] ./src/app/page.tsx:7:1
Export shelves doesn't exist in target module
   5 | import { Button } from "@/components/ui/button";
   6 | import { Separator } from "@/components/ui/separator";
>  7 | import { contactLink, heroCopy, shelves, socialChannels } from "@/lib/site-data";
     | ^^^^^^^^^^^^^^^^^^^^^^^^^^^^^^^^^^^^^^^^^^^^^^^^^^^^^^^^^^^^^^^^^^^^^^^^^^^^^^^^^
   8 |
   9 | const profileLinks = socialChannels.filter(
  10 |   (channel) => channel.label !== "Email",

The export shelves was not found in module [project]/src/lib/site-data.ts [app-rsc] (ecmascript).
Did you mean to import shelfRecords?
All exports of the module are statically known (It doesn't have dynamic exports). So it's known statically that the requested export doesn't exist. @ http://localhost:3000/_next/static/chunks/node_modules_next_dist_0u_w_5s._.js:1945
[ 1741694ms] [ERROR] Failed to load resource: the server responded with a status of 500 (Internal Server Error) @ http://localhost:3000/:0
[ 1742217ms] [INFO] %cDownload the React DevTools for a better development experience: https://react.dev/link/react-devtools font-weight:bold @ http://localhost:3000/_next/static/chunks/node_modules_react-dom_0bruynb._.js:15305
[ 1742250ms] Error: ./src/app/page.tsx:1:1
Module not found: Can't resolve '@/components/site/site-canvas'
> 1 | import { SiteCanvas } from "@/components/site/site-canvas";
    | ^^^^^^^^^^^^^^^^^^^^^^^^^^^^^^^^^^^^^^^^^^^^^^^^^^^^^^^^^^^
  2 | import { SiteIcon } from "@/components/site/site-icons";
  3 | import { SocialLinks } from "@/components/site/social-links";
  4 | import { ThemeToggle } from "@/components/site/theme-toggle";

Import map: aliased to relative './src/components/site/site-canvas' inside of [project]/


https://nextjs.org/docs/messages/module-not-found


    at <unknown> (Error: ./src/app/page.tsx:1:1)
    at <unknown> (https://nextjs.org/docs/messages/module-not-found)
    at Object.getCompilationErrors (file:///Users/josephsimo/Downloads/joesimo/node_modules/next/dist/server/dev/hot-reloader-turbopack.js:1186:59)
    at DevBundlerService.getCompilationError (file:///Users/josephsimo/Downloads/joesimo/node_modules/next/dist/server/lib/dev-bundler-service.js:44:55)
    at DevServer.getCompilationError (file:///Users/josephsimo/Downloads/joesimo/node_modules/next/dist/server/dev/next-dev-server.js:720:42)
    at DevServer.findPageComponents (file:///Users/josephsimo/Downloads/joesimo/node_modules/next/dist/server/dev/next-dev-server.js:690:43)
    at async DevServer.renderErrorToResponseImpl (file:///Users/josephsimo/Downloads/joesimo/node_modules/next/dist/server/base-server.js:1753:26)
[ 1742259ms] [LOG] [HMR] connected @ http://localhost:3000/_next/static/chunks/node_modules_next_dist_0u_w_5s._.js:1226
[ 1742403ms] [LOG] [Fast Refresh] rebuilding @ http://localhost:3000/_next/static/chunks/node_modules_next_dist_0u_w_5s._.js:1226
[ 1742515ms] [ERROR] ./src/app/page.tsx:1:1
Module not found: Can't resolve '@/components/site/site-canvas'
> 1 | import { SiteCanvas } from "@/components/site/site-canvas";
    | ^^^^^^^^^^^^^^^^^^^^^^^^^^^^^^^^^^^^^^^^^^^^^^^^^^^^^^^^^^^
  2 | import { SiteIcon } from "@/components/site/site-icons";
  3 | import { SocialLinks } from "@/components/site/social-links";
  4 | import { ThemeToggle } from "@/components/site/theme-toggle";

Import map: aliased to relative './src/components/site/site-canvas' inside of [project]/

https://nextjs.org/docs/messages/module-not-found @ http://localhost:3000/_next/static/chunks/node_modules_next_dist_0u_w_5s._.js:1945
[ 1742517ms] [ERROR] ./src/components/site/site-icons.tsx:2:1
Export Github doesn't exist in target module
   1 | import type { SVGProps } from "react";
>  2 | import {
     | ^^^^^^^
>  3 |   AppWindow,
     | ^^^^^^^^^^^^
>  4 |   ArrowUpRight,
     | ^^^^^^^^^^^^^^^
>  5 |   BookOpen,
     | ^^^^^^^^^^^
>  6 |   BriefcaseBusiness,
     | ^^^^^^^^^^^^^^^^^^^^
>  7 |   Camera,
     | ^^^^^^^^^
>  8 |   Code2,
     | ^^^^^^^^
>  9 |   Github,
     | ^^^^^^^^^
> 10 |   Home,
     | ^^^^^^^
> 11 |   Linkedin,
     | ^^^^^^^^^^^
> 12 |   Mail,
     | ^^^^^^^
> 13 |   Menu,
     | ^^^^^^^
> 14 |   Palette,
     | ^^^^^^^^^^
> 15 |   Video,
     | ^^^^^^^^
> 16 |   X,
     | ^^^^
> 17 |   type LucideIcon,
     | ^^^^^^^^^^^^^^^^^^
> 18 | } from "lucide-react";
     | ^^^^^^^^^^^^^^^^^^^^^^
  19 |
  20 | import type { IconKey } from "@/lib/site-data";
  21 |

The export Github was not found in module [project]/node_modules/lucide-react/dist/esm/lucide-react.mjs [app-rsc] (ecmascript).
Did you mean to import Gift?
All exports of the module are statically known (It doesn't have dynamic exports). So it's known statically that the requested export doesn't exist.

Import trace:
  Server Component:
    ./src/components/site/site-icons.tsx
    ./src/app/page.tsx @ http://localhost:3000/_next/static/chunks/node_modules_next_dist_0u_w_5s._.js:1945
[ 1742517ms] [ERROR] ./src/components/site/site-icons.tsx:2:1
Export Linkedin doesn't exist in target module
   1 | import type { SVGProps } from "react";
>  2 | import {
     | ^^^^^^^
>  3 |   AppWindow,
     | ^^^^^^^^^^^^
>  4 |   ArrowUpRight,
     | ^^^^^^^^^^^^^^^
>  5 |   BookOpen,
     | ^^^^^^^^^^^
>  6 |   BriefcaseBusiness,
     | ^^^^^^^^^^^^^^^^^^^^
>  7 |   Camera,
     | ^^^^^^^^^
>  8 |   Code2,
     | ^^^^^^^^
>  9 |   Github,
     | ^^^^^^^^^
> 10 |   Home,
     | ^^^^^^^
> 11 |   Linkedin,
     | ^^^^^^^^^^^
> 12 |   Mail,
     | ^^^^^^^
> 13 |   Menu,
     | ^^^^^^^
> 14 |   Palette,
     | ^^^^^^^^^^
> 15 |   Video,
     | ^^^^^^^^
> 16 |   X,
     | ^^^^
> 17 |   type LucideIcon,
     | ^^^^^^^^^^^^^^^^^^
> 18 | } from "lucide-react";
     | ^^^^^^^^^^^^^^^^^^^^^^
  19 |
  20 | import type { IconKey } from "@/lib/site-data";
  21 |

The export Linkedin was not found in module [project]/node_modules/lucide-react/dist/esm/lucide-react.mjs [app-rsc] (ecmascript).
Did you mean to import Link?
All exports of the module are statically known (It doesn't have dynamic exports). So it's known statically that the requested export doesn't exist.

Import trace:
  Server Component:
    ./src/components/site/site-icons.tsx
    ./src/app/page.tsx @ http://localhost:3000/_next/static/chunks/node_modules_next_dist_0u_w_5s._.js:1945
[ 1742517ms] [ERROR] ./src/app/page.tsx:7:1
Export shelves doesn't exist in target module
   5 | import { Button } from "@/components/ui/button";
   6 | import { Separator } from "@/components/ui/separator";
>  7 | import { contactLink, heroCopy, shelves, socialChannels } from "@/lib/site-data";
     | ^^^^^^^^^^^^^^^^^^^^^^^^^^^^^^^^^^^^^^^^^^^^^^^^^^^^^^^^^^^^^^^^^^^^^^^^^^^^^^^^^
   8 |
   9 | const profileLinks = socialChannels.filter(
  10 |   (channel) => channel.label !== "Email",

The export shelves was not found in module [project]/src/lib/site-data.ts [app-rsc] (ecmascript).
Did you mean to import shelfRecords?
All exports of the module are statically known (It doesn't have dynamic exports). So it's known statically that the requested export doesn't exist. @ http://localhost:3000/_next/static/chunks/node_modules_next_dist_0u_w_5s._.js:1945
[ 1742545ms] [ERROR] ./src/app/page.tsx:1:1
Module not found: Can't resolve '@/components/site/site-canvas'
> 1 | import { SiteCanvas } from "@/components/site/site-canvas";
    | ^^^^^^^^^^^^^^^^^^^^^^^^^^^^^^^^^^^^^^^^^^^^^^^^^^^^^^^^^^^
  2 | import { SiteIcon } from "@/components/site/site-icons";
  3 | import { SocialLinks } from "@/components/site/social-links";
  4 | import { ThemeToggle } from "@/components/site/theme-toggle";

Import map: aliased to relative './src/components/site/site-canvas' inside of [project]/

https://nextjs.org/docs/messages/module-not-found @ http://localhost:3000/_next/static/chunks/node_modules_next_dist_0u_w_5s._.js:1945
[ 1742545ms] [ERROR] ./src/components/site/site-icons.tsx:2:1
Export Github doesn't exist in target module
   1 | import type { SVGProps } from "react";
>  2 | import {
     | ^^^^^^^
>  3 |   AppWindow,
     | ^^^^^^^^^^^^
>  4 |   ArrowUpRight,
     | ^^^^^^^^^^^^^^^
>  5 |   BookOpen,
     | ^^^^^^^^^^^
>  6 |   BriefcaseBusiness,
     | ^^^^^^^^^^^^^^^^^^^^
>  7 |   Camera,
     | ^^^^^^^^^
>  8 |   Code2,
     | ^^^^^^^^
>  9 |   Github,
     | ^^^^^^^^^
> 10 |   Home,
     | ^^^^^^^
> 11 |   Linkedin,
     | ^^^^^^^^^^^
> 12 |   Mail,
     | ^^^^^^^
> 13 |   Menu,
     | ^^^^^^^
> 14 |   Palette,
     | ^^^^^^^^^^
> 15 |   Video,
     | ^^^^^^^^
> 16 |   X,
     | ^^^^
> 17 |   type LucideIcon,
     | ^^^^^^^^^^^^^^^^^^
> 18 | } from "lucide-react";
     | ^^^^^^^^^^^^^^^^^^^^^^
  19 |
  20 | import type { IconKey } from "@/lib/site-data";
  21 |

The export Github was not found in module [project]/node_modules/lucide-react/dist/esm/lucide-react.mjs [app-rsc] (ecmascript).
Did you mean to import Gift?
All exports of the module are statically known (It doesn't have dynamic exports). So it's known statically that the requested export doesn't exist.

Import trace:
  Server Component:
    ./src/components/site/site-icons.tsx
    ./src/app/page.tsx @ http://localhost:3000/_next/static/chunks/node_modules_next_dist_0u_w_5s._.js:1945
[ 1742545ms] [ERROR] ./src/components/site/site-icons.tsx:2:1
Export Linkedin doesn't exist in target module
   1 | import type { SVGProps } from "react";
>  2 | import {
     | ^^^^^^^
>  3 |   AppWindow,
     | ^^^^^^^^^^^^
>  4 |   ArrowUpRight,
     | ^^^^^^^^^^^^^^^
>  5 |   BookOpen,
     | ^^^^^^^^^^^
>  6 |   BriefcaseBusiness,
     | ^^^^^^^^^^^^^^^^^^^^
>  7 |   Camera,
     | ^^^^^^^^^
>  8 |   Code2,
     | ^^^^^^^^
>  9 |   Github,
     | ^^^^^^^^^
> 10 |   Home,
     | ^^^^^^^
> 11 |   Linkedin,
     | ^^^^^^^^^^^
> 12 |   Mail,
     | ^^^^^^^
> 13 |   Menu,
     | ^^^^^^^
> 14 |   Palette,
     | ^^^^^^^^^^
> 15 |   Video,
     | ^^^^^^^^
> 16 |   X,
     | ^^^^
> 17 |   type LucideIcon,
     | ^^^^^^^^^^^^^^^^^^
> 18 | } from "lucide-react";
     | ^^^^^^^^^^^^^^^^^^^^^^
  19 |
  20 | import type { IconKey } from "@/lib/site-data";
  21 |

The export Linkedin was not found in module [project]/node_modules/lucide-react/dist/esm/lucide-react.mjs [app-rsc] (ecmascript).
Did you mean to import Link?
All exports of the module are statically known (It doesn't have dynamic exports). So it's known statically that the requested export doesn't exist.

Import trace:
  Server Component:
    ./src/components/site/site-icons.tsx
    ./src/app/page.tsx @ http://localhost:3000/_next/static/chunks/node_modules_next_dist_0u_w_5s._.js:1945
[ 1742545ms] [ERROR] ./src/app/page.tsx:7:1
Export shelves doesn't exist in target module
   5 | import { Button } from "@/components/ui/button";
   6 | import { Separator } from "@/components/ui/separator";
>  7 | import { contactLink, heroCopy, shelves, socialChannels } from "@/lib/site-data";
     | ^^^^^^^^^^^^^^^^^^^^^^^^^^^^^^^^^^^^^^^^^^^^^^^^^^^^^^^^^^^^^^^^^^^^^^^^^^^^^^^^^
   8 |
   9 | const profileLinks = socialChannels.filter(
  10 |   (channel) => channel.label !== "Email",

The export shelves was not found in module [project]/src/lib/site-data.ts [app-rsc] (ecmascript).
Did you mean to import shelfRecords?
All exports of the module are statically known (It doesn't have dynamic exports). So it's known statically that the requested export doesn't exist. @ http://localhost:3000/_next/static/chunks/node_modules_next_dist_0u_w_5s._.js:1945
[ 1742626ms] [LOG] [Fast Refresh] rebuilding @ http://localhost:3000/_next/static/chunks/node_modules_next_dist_0u_w_5s._.js:1226
[ 1742720ms] [ERROR] ./src/app/page.tsx:1:1
Module not found: Can't resolve '@/components/site/site-canvas'
> 1 | import { SiteCanvas } from "@/components/site/site-canvas";
    | ^^^^^^^^^^^^^^^^^^^^^^^^^^^^^^^^^^^^^^^^^^^^^^^^^^^^^^^^^^^
  2 | import { SiteIcon } from "@/components/site/site-icons";
  3 | import { SocialLinks } from "@/components/site/social-links";
  4 | import { ThemeToggle } from "@/components/site/theme-toggle";

Import map: aliased to relative './src/components/site/site-canvas' inside of [project]/

https://nextjs.org/docs/messages/module-not-found @ http://localhost:3000/_next/static/chunks/node_modules_next_dist_0u_w_5s._.js:1945
[ 1742720ms] [ERROR] ./src/components/site/site-icons.tsx:2:1
Export Github doesn't exist in target module
   1 | import type { SVGProps } from "react";
>  2 | import {
     | ^^^^^^^
>  3 |   AppWindow,
     | ^^^^^^^^^^^^
>  4 |   ArrowUpRight,
     | ^^^^^^^^^^^^^^^
>  5 |   BookOpen,
     | ^^^^^^^^^^^
>  6 |   BriefcaseBusiness,
     | ^^^^^^^^^^^^^^^^^^^^
>  7 |   Camera,
     | ^^^^^^^^^
>  8 |   Code2,
     | ^^^^^^^^
>  9 |   Github,
     | ^^^^^^^^^
> 10 |   Home,
     | ^^^^^^^
> 11 |   Linkedin,
     | ^^^^^^^^^^^
> 12 |   Mail,
     | ^^^^^^^
> 13 |   Menu,
     | ^^^^^^^
> 14 |   Palette,
     | ^^^^^^^^^^
> 15 |   Video,
     | ^^^^^^^^
> 16 |   X,
     | ^^^^
> 17 |   type LucideIcon,
     | ^^^^^^^^^^^^^^^^^^
> 18 | } from "lucide-react";
     | ^^^^^^^^^^^^^^^^^^^^^^
  19 |
  20 | import type { IconKey } from "@/lib/site-data";
  21 |

The export Github was not found in module [project]/node_modules/lucide-react/dist/esm/lucide-react.mjs [app-rsc] (ecmascript).
Did you mean to import Gift?
All exports of the module are statically known (It doesn't have dynamic exports). So it's known statically that the requested export doesn't exist.

Import trace:
  Server Component:
    ./src/components/site/site-icons.tsx
    ./src/app/page.tsx @ http://localhost:3000/_next/static/chunks/node_modules_next_dist_0u_w_5s._.js:1945
[ 1742720ms] [ERROR] ./src/components/site/site-icons.tsx:2:1
Export Linkedin doesn't exist in target module
   1 | import type { SVGProps } from "react";
>  2 | import {
     | ^^^^^^^
>  3 |   AppWindow,
     | ^^^^^^^^^^^^
>  4 |   ArrowUpRight,
     | ^^^^^^^^^^^^^^^
>  5 |   BookOpen,
     | ^^^^^^^^^^^
>  6 |   BriefcaseBusiness,
     | ^^^^^^^^^^^^^^^^^^^^
>  7 |   Camera,
     | ^^^^^^^^^
>  8 |   Code2,
     | ^^^^^^^^
>  9 |   Github,
     | ^^^^^^^^^
> 10 |   Home,
     | ^^^^^^^
> 11 |   Linkedin,
     | ^^^^^^^^^^^
> 12 |   Mail,
     | ^^^^^^^
> 13 |   Menu,
     | ^^^^^^^
> 14 |   Palette,
     | ^^^^^^^^^^
> 15 |   Video,
     | ^^^^^^^^
> 16 |   X,
     | ^^^^
> 17 |   type LucideIcon,
     | ^^^^^^^^^^^^^^^^^^
> 18 | } from "lucide-react";
     | ^^^^^^^^^^^^^^^^^^^^^^
  19 |
  20 | import type { IconKey } from "@/lib/site-data";
  21 |

The export Linkedin was not found in module [project]/node_modules/lucide-react/dist/esm/lucide-react.mjs [app-rsc] (ecmascript).
Did you mean to import Link?
All exports of the module are statically known (It doesn't have dynamic exports). So it's known statically that the requested export doesn't exist.

Import trace:
  Server Component:
    ./src/components/site/site-icons.tsx
    ./src/app/page.tsx @ http://localhost:3000/_next/static/chunks/node_modules_next_dist_0u_w_5s._.js:1945
[ 1742721ms] [ERROR] ./src/app/page.tsx:7:1
Export shelves doesn't exist in target module
   5 | import { Button } from "@/components/ui/button";
   6 | import { Separator } from "@/components/ui/separator";
>  7 | import { contactLink, heroCopy, shelves, socialChannels } from "@/lib/site-data";
     | ^^^^^^^^^^^^^^^^^^^^^^^^^^^^^^^^^^^^^^^^^^^^^^^^^^^^^^^^^^^^^^^^^^^^^^^^^^^^^^^^^
   8 |
   9 | const profileLinks = socialChannels.filter(
  10 |   (channel) => channel.label !== "Email",

The export shelves was not found in module [project]/src/lib/site-data.ts [app-rsc] (ecmascript).
Did you mean to import shelfRecords?
All exports of the module are statically known (It doesn't have dynamic exports). So it's known statically that the requested export doesn't exist. @ http://localhost:3000/_next/static/chunks/node_modules_next_dist_0u_w_5s._.js:1945
[ 1742737ms] [ERROR] ./src/app/page.tsx:1:1
Module not found: Can't resolve '@/components/site/site-canvas'
> 1 | import { SiteCanvas } from "@/components/site/site-canvas";
    | ^^^^^^^^^^^^^^^^^^^^^^^^^^^^^^^^^^^^^^^^^^^^^^^^^^^^^^^^^^^
  2 | import { SiteIcon } from "@/components/site/site-icons";
  3 | import { SocialLinks } from "@/components/site/social-links";
  4 | import { ThemeToggle } from "@/components/site/theme-toggle";

Import map: aliased to relative './src/components/site/site-canvas' inside of [project]/

https://nextjs.org/docs/messages/module-not-found @ http://localhost:3000/_next/static/chunks/node_modules_next_dist_0u_w_5s._.js:1945
[ 1742737ms] [ERROR] ./src/components/site/site-icons.tsx:2:1
Export Github doesn't exist in target module
   1 | import type { SVGProps } from "react";
>  2 | import {
     | ^^^^^^^
>  3 |   AppWindow,
     | ^^^^^^^^^^^^
>  4 |   ArrowUpRight,
     | ^^^^^^^^^^^^^^^
>  5 |   BookOpen,
     | ^^^^^^^^^^^
>  6 |   BriefcaseBusiness,
     | ^^^^^^^^^^^^^^^^^^^^
>  7 |   Camera,
     | ^^^^^^^^^
>  8 |   Code2,
     | ^^^^^^^^
>  9 |   Github,
     | ^^^^^^^^^
> 10 |   Home,
     | ^^^^^^^
> 11 |   Linkedin,
     | ^^^^^^^^^^^
> 12 |   Mail,
     | ^^^^^^^
> 13 |   Menu,
     | ^^^^^^^
> 14 |   Palette,
     | ^^^^^^^^^^
> 15 |   Video,
     | ^^^^^^^^
> 16 |   X,
     | ^^^^
> 17 |   type LucideIcon,
     | ^^^^^^^^^^^^^^^^^^
> 18 | } from "lucide-react";
     | ^^^^^^^^^^^^^^^^^^^^^^
  19 |
  20 | import type { IconKey } from "@/lib/site-data";
  21 |

The export Github was not found in module [project]/node_modules/lucide-react/dist/esm/lucide-react.mjs [app-rsc] (ecmascript).
Did you mean to import Gift?
All exports of the module are statically known (It doesn't have dynamic exports). So it's known statically that the requested export doesn't exist.

Import trace:
  Server Component:
    ./src/components/site/site-icons.tsx
    ./src/app/page.tsx @ http://localhost:3000/_next/static/chunks/node_modules_next_dist_0u_w_5s._.js:1945
[ 1742738ms] [ERROR] ./src/components/site/site-icons.tsx:2:1
Export Linkedin doesn't exist in target module
   1 | import type { SVGProps } from "react";
>  2 | import {
     | ^^^^^^^
>  3 |   AppWindow,
     | ^^^^^^^^^^^^
>  4 |   ArrowUpRight,
     | ^^^^^^^^^^^^^^^
>  5 |   BookOpen,
     | ^^^^^^^^^^^
>  6 |   BriefcaseBusiness,
     | ^^^^^^^^^^^^^^^^^^^^
>  7 |   Camera,
     | ^^^^^^^^^
>  8 |   Code2,
     | ^^^^^^^^
>  9 |   Github,
     | ^^^^^^^^^
> 10 |   Home,
     | ^^^^^^^
> 11 |   Linkedin,
     | ^^^^^^^^^^^
> 12 |   Mail,
     | ^^^^^^^
> 13 |   Menu,
     | ^^^^^^^
> 14 |   Palette,
     | ^^^^^^^^^^
> 15 |   Video,
     | ^^^^^^^^
> 16 |   X,
     | ^^^^
> 17 |   type LucideIcon,
     | ^^^^^^^^^^^^^^^^^^
> 18 | } from "lucide-react";
     | ^^^^^^^^^^^^^^^^^^^^^^
  19 |
  20 | import type { IconKey } from "@/lib/site-data";
  21 |

The export Linkedin was not found in module [project]/node_modules/lucide-react/dist/esm/lucide-react.mjs [app-rsc] (ecmascript).
Did you mean to import Link?
All exports of the module are statically known (It doesn't have dynamic exports). So it's known statically that the requested export doesn't exist.

Import trace:
  Server Component:
    ./src/components/site/site-icons.tsx
    ./src/app/page.tsx @ http://localhost:3000/_next/static/chunks/node_modules_next_dist_0u_w_5s._.js:1945
[ 1742738ms] [ERROR] ./src/app/page.tsx:7:1
Export shelves doesn't exist in target module
   5 | import { Button } from "@/components/ui/button";
   6 | import { Separator } from "@/components/ui/separator";
>  7 | import { contactLink, heroCopy, shelves, socialChannels } from "@/lib/site-data";
     | ^^^^^^^^^^^^^^^^^^^^^^^^^^^^^^^^^^^^^^^^^^^^^^^^^^^^^^^^^^^^^^^^^^^^^^^^^^^^^^^^^
   8 |
   9 | const profileLinks = socialChannels.filter(
  10 |   (channel) => channel.label !== "Email",

The export shelves was not found in module [project]/src/lib/site-data.ts [app-rsc] (ecmascript).
Did you mean to import shelfRecords?
All exports of the module are statically known (It doesn't have dynamic exports). So it's known statically that the requested export doesn't exist. @ http://localhost:3000/_next/static/chunks/node_modules_next_dist_0u_w_5s._.js:1945
[ 1742812ms] [LOG] [Fast Refresh] rebuilding @ http://localhost:3000/_next/static/chunks/node_modules_next_dist_0u_w_5s._.js:1226
[ 1756922ms] [LOG] [Fast Refresh] rebuilding @ http://localhost:3000/_next/static/chunks/node_modules_next_dist_0u_w_5s._.js:1226
[ 1764977ms] [ERROR] ./src/components/site/site-canvas.tsx:7:27
`ssr: false` is not allowed with `next/dynamic` in Server Components. Please move it into a Client Component.
   5 | import { cn } from "@/lib/utils";
   6 |
>  7 | const SiteCanvasDesktop = dynamic(
     |                           ^^^^^^^
>  8 |   () =>
     | ^^^^^^^
>  9 |     import("@/components/site/site-canvas-desktop").then(
     | ^^^^^^^^^^^^^^^^^^^^^^^^^^^^^^^^^^^^^^^^^^^^^^^^^^^^^^^^^
> 10 |       (mod) => mod.SiteCanvasDesktop,
     | ^^^^^^^^^^^^^^^^^^^^^^^^^^^^^^^^^^^^^
> 11 |     ),
     | ^^^^^^
> 12 |   {
     | ^^^
> 13 |     ssr: false,
     | ^^^^^^^^^^^^^^^
> 14 |     loading: () => (
     | ^^^^^^^^^^^^^^^^^^^^
> 15 |       <div
     | ^^^^^^^^^^
> 16 |         className="hidden min-h-[560px] rounded-[1.5rem] border border-border bg-backgroun...
     | ^^^^^^^^^^^^^^^^^^^^^^^^^^^^^^^^^^^^^^^^^^^^^^^^^^^^^^^^^^^^^^^^^^^^^^^^^^^^^^^^^^^^^^^^^^^^^
> 17 |         aria-hidden
     | ^^^^^^^^^^^^^^^^^^^
> 18 |       />
     | ^^^^^^^^
> 19 |     ),
     | ^^^^^^
> 20 |   },
     | ^^^^
> 21 | );
     | ^
  22 |
  23 | const accentClasses = {
  24 |   ink: "border-foreground/45 text-foreground",

Ecmascript file had an error

Import trace:
  Server Component:
    ./src/components/site/site-canvas.tsx
    ./src/app/page.tsx @ http://localhost:3000/_next/static/chunks/node_modules_next_dist_0u_w_5s._.js:1945
[ 1764978ms] [ERROR] ./src/components/site/site-canvas.tsx:9:5
Module not found: Can't resolve '@/components/site/site-canvas-desktop'
   7 | const SiteCanvasDesktop = dynamic(
   8 |   () =>
>  9 |     import("@/components/site/site-canvas-desktop").then(
     |     ^^^^^^^^^^^^^^^^^^^^^^^^^^^^^^^^^^^^^^^^^^^^^^^
  10 |       (mod) => mod.SiteCanvasDesktop,
  11 |     ),
  12 |   {

Import map: aliased to relative './src/components/site/site-canvas-desktop' inside of [project]/

Import trace:
  Server Component:
    ./src/components/site/site-canvas.tsx
    ./src/app/page.tsx

https://nextjs.org/docs/messages/module-not-found @ http://localhost:3000/_next/static/chunks/node_modules_next_dist_0u_w_5s._.js:1945
[ 1764978ms] [ERROR] ./src/components/site/site-icons.tsx:2:1
Export Github doesn't exist in target module
   1 | import type { SVGProps } from "react";
>  2 | import {
     | ^^^^^^^
>  3 |   AppWindow,
     | ^^^^^^^^^^^^
>  4 |   ArrowUpRight,
     | ^^^^^^^^^^^^^^^
>  5 |   BookOpen,
     | ^^^^^^^^^^^
>  6 |   BriefcaseBusiness,
     | ^^^^^^^^^^^^^^^^^^^^
>  7 |   Camera,
     | ^^^^^^^^^
>  8 |   Code2,
     | ^^^^^^^^
>  9 |   Github,
     | ^^^^^^^^^
> 10 |   Home,
     | ^^^^^^^
> 11 |   Linkedin,
     | ^^^^^^^^^^^
> 12 |   Mail,
     | ^^^^^^^
> 13 |   Menu,
     | ^^^^^^^
> 14 |   Palette,
     | ^^^^^^^^^^
> 15 |   Video,
     | ^^^^^^^^
> 16 |   X,
     | ^^^^
> 17 |   type LucideIcon,
     | ^^^^^^^^^^^^^^^^^^
> 18 | } from "lucide-react";
     | ^^^^^^^^^^^^^^^^^^^^^^
  19 |
  20 | import type { IconKey } from "@/lib/site-data";
  21 |

The export Github was not found in module [project]/node_modules/lucide-react/dist/esm/lucide-react.mjs [app-rsc] (ecmascript).
Did you mean to import Gift?
All exports of the module are statically known (It doesn't have dynamic exports). So it's known statically that the requested export doesn't exist.

Import trace:
  Server Component:
    ./src/components/site/site-icons.tsx
    ./src/app/page.tsx @ http://localhost:3000/_next/static/chunks/node_modules_next_dist_0u_w_5s._.js:1945
[ 1764978ms] [ERROR] ./src/components/site/site-icons.tsx:2:1
Export Linkedin doesn't exist in target module
   1 | import type { SVGProps } from "react";
>  2 | import {
     | ^^^^^^^
>  3 |   AppWindow,
     | ^^^^^^^^^^^^
>  4 |   ArrowUpRight,
     | ^^^^^^^^^^^^^^^
>  5 |   BookOpen,
     | ^^^^^^^^^^^
>  6 |   BriefcaseBusiness,
     | ^^^^^^^^^^^^^^^^^^^^
>  7 |   Camera,
     | ^^^^^^^^^
>  8 |   Code2,
     | ^^^^^^^^
>  9 |   Github,
     | ^^^^^^^^^
> 10 |   Home,
     | ^^^^^^^
> 11 |   Linkedin,
     | ^^^^^^^^^^^
> 12 |   Mail,
     | ^^^^^^^
> 13 |   Menu,
     | ^^^^^^^
> 14 |   Palette,
     | ^^^^^^^^^^
> 15 |   Video,
     | ^^^^^^^^
> 16 |   X,
     | ^^^^
> 17 |   type LucideIcon,
     | ^^^^^^^^^^^^^^^^^^
> 18 | } from "lucide-react";
     | ^^^^^^^^^^^^^^^^^^^^^^
  19 |
  20 | import type { IconKey } from "@/lib/site-data";
  21 |

The export Linkedin was not found in module [project]/node_modules/lucide-react/dist/esm/lucide-react.mjs [app-rsc] (ecmascript).
Did you mean to import Link?
All exports of the module are statically known (It doesn't have dynamic exports). So it's known statically that the requested export doesn't exist.

Import trace:
  Server Component:
    ./src/components/site/site-icons.tsx
    ./src/app/page.tsx @ http://localhost:3000/_next/static/chunks/node_modules_next_dist_0u_w_5s._.js:1945
[ 1764978ms] [ERROR] ./src/app/page.tsx:7:1
Export shelves doesn't exist in target module
   5 | import { Button } from "@/components/ui/button";
   6 | import { Separator } from "@/components/ui/separator";
>  7 | import { contactLink, heroCopy, shelves, socialChannels } from "@/lib/site-data";
     | ^^^^^^^^^^^^^^^^^^^^^^^^^^^^^^^^^^^^^^^^^^^^^^^^^^^^^^^^^^^^^^^^^^^^^^^^^^^^^^^^^
   8 |
   9 | const profileLinks = socialChannels.filter(
  10 |   (channel) => channel.label !== "Email",

The export shelves was not found in module [project]/src/lib/site-data.ts [app-rsc] (ecmascript).
Did you mean to import shelfRecords?
All exports of the module are statically known (It doesn't have dynamic exports). So it's known statically that the requested export doesn't exist. @ http://localhost:3000/_next/static/chunks/node_modules_next_dist_0u_w_5s._.js:1945
[ 1765086ms] [LOG] [Fast Refresh] rebuilding @ http://localhost:3000/_next/static/chunks/node_modules_next_dist_0u_w_5s._.js:1226
[ 1765446ms] [ERROR] ./src/components/site/site-canvas.tsx:7:27
`ssr: false` is not allowed with `next/dynamic` in Server Components. Please move it into a Client Component.
   5 | import { cn } from "@/lib/utils";
   6 |
>  7 | const SiteCanvasDesktop = dynamic(
     |                           ^^^^^^^
>  8 |   () =>
     | ^^^^^^^
>  9 |     import("@/components/site/site-canvas-desktop").then(
     | ^^^^^^^^^^^^^^^^^^^^^^^^^^^^^^^^^^^^^^^^^^^^^^^^^^^^^^^^^
> 10 |       (mod) => mod.SiteCanvasDesktop,
     | ^^^^^^^^^^^^^^^^^^^^^^^^^^^^^^^^^^^^^
> 11 |     ),
     | ^^^^^^
> 12 |   {
     | ^^^
> 13 |     ssr: false,
     | ^^^^^^^^^^^^^^^
> 14 |     loading: () => (
     | ^^^^^^^^^^^^^^^^^^^^
> 15 |       <div
     | ^^^^^^^^^^
> 16 |         className="hidden min-h-[560px] rounded-[1.5rem] border border-border bg-backgroun...
     | ^^^^^^^^^^^^^^^^^^^^^^^^^^^^^^^^^^^^^^^^^^^^^^^^^^^^^^^^^^^^^^^^^^^^^^^^^^^^^^^^^^^^^^^^^^^^^
> 17 |         aria-hidden
     | ^^^^^^^^^^^^^^^^^^^
> 18 |       />
     | ^^^^^^^^
> 19 |     ),
     | ^^^^^^
> 20 |   },
     | ^^^^
> 21 | );
     | ^
  22 |
  23 | const accentClasses = {
  24 |   ink: "border-foreground/45 text-foreground",

Ecmascript file had an error

Import trace:
  Server Component:
    ./src/components/site/site-canvas.tsx
    ./src/app/page.tsx @ http://localhost:3000/_next/static/chunks/node_modules_next_dist_0u_w_5s._.js:1945
[ 1765446ms] [ERROR] ./src/components/site/site-canvas.tsx:9:5
Module not found: Can't resolve '@/components/site/site-canvas-desktop'
   7 | const SiteCanvasDesktop = dynamic(
   8 |   () =>
>  9 |     import("@/components/site/site-canvas-desktop").then(
     |     ^^^^^^^^^^^^^^^^^^^^^^^^^^^^^^^^^^^^^^^^^^^^^^^
  10 |       (mod) => mod.SiteCanvasDesktop,
  11 |     ),
  12 |   {

Import map: aliased to relative './src/components/site/site-canvas-desktop' inside of [project]/

Import trace:
  Server Component:
    ./src/components/site/site-canvas.tsx
    ./src/app/page.tsx

https://nextjs.org/docs/messages/module-not-found @ http://localhost:3000/_next/static/chunks/node_modules_next_dist_0u_w_5s._.js:1945
[ 1765446ms] [ERROR] ./src/components/site/site-icons.tsx:2:1
Export Github doesn't exist in target module
   1 | import type { SVGProps } from "react";
>  2 | import {
     | ^^^^^^^
>  3 |   AppWindow,
     | ^^^^^^^^^^^^
>  4 |   ArrowUpRight,
     | ^^^^^^^^^^^^^^^
>  5 |   BookOpen,
     | ^^^^^^^^^^^
>  6 |   BriefcaseBusiness,
     | ^^^^^^^^^^^^^^^^^^^^
>  7 |   Camera,
     | ^^^^^^^^^
>  8 |   Code2,
     | ^^^^^^^^
>  9 |   Github,
     | ^^^^^^^^^
> 10 |   Home,
     | ^^^^^^^
> 11 |   Linkedin,
     | ^^^^^^^^^^^
> 12 |   Mail,
     | ^^^^^^^
> 13 |   Menu,
     | ^^^^^^^
> 14 |   Palette,
     | ^^^^^^^^^^
> 15 |   Video,
     | ^^^^^^^^
> 16 |   X,
     | ^^^^
> 17 |   type LucideIcon,
     | ^^^^^^^^^^^^^^^^^^
> 18 | } from "lucide-react";
     | ^^^^^^^^^^^^^^^^^^^^^^
  19 |
  20 | import type { IconKey } from "@/lib/site-data";
  21 |

The export Github was not found in module [project]/node_modules/lucide-react/dist/esm/lucide-react.mjs [app-rsc] (ecmascript).
Did you mean to import Gift?
All exports of the module are statically known (It doesn't have dynamic exports). So it's known statically that the requested export doesn't exist.

Import trace:
  Server Component:
    ./src/components/site/site-icons.tsx
    ./src/app/page.tsx @ http://localhost:3000/_next/static/chunks/node_modules_next_dist_0u_w_5s._.js:1945
[ 1765446ms] [ERROR] ./src/components/site/site-icons.tsx:2:1
Export Linkedin doesn't exist in target module
   1 | import type { SVGProps } from "react";
>  2 | import {
     | ^^^^^^^
>  3 |   AppWindow,
     | ^^^^^^^^^^^^
>  4 |   ArrowUpRight,
     | ^^^^^^^^^^^^^^^
>  5 |   BookOpen,
     | ^^^^^^^^^^^
>  6 |   BriefcaseBusiness,
     | ^^^^^^^^^^^^^^^^^^^^
>  7 |   Camera,
     | ^^^^^^^^^
>  8 |   Code2,
     | ^^^^^^^^
>  9 |   Github,
     | ^^^^^^^^^
> 10 |   Home,
     | ^^^^^^^
> 11 |   Linkedin,
     | ^^^^^^^^^^^
> 12 |   Mail,
     | ^^^^^^^
> 13 |   Menu,
     | ^^^^^^^
> 14 |   Palette,
     | ^^^^^^^^^^
> 15 |   Video,
     | ^^^^^^^^
> 16 |   X,
     | ^^^^
> 17 |   type LucideIcon,
     | ^^^^^^^^^^^^^^^^^^
> 18 | } from "lucide-react";
     | ^^^^^^^^^^^^^^^^^^^^^^
  19 |
  20 | import type { IconKey } from "@/lib/site-data";
  21 |

The export Linkedin was not found in module [project]/node_modules/lucide-react/dist/esm/lucide-react.mjs [app-rsc] (ecmascript).
Did you mean to import Link?
All exports of the module are statically known (It doesn't have dynamic exports). So it's known statically that the requested export doesn't exist.

Import trace:
  Server Component:
    ./src/components/site/site-icons.tsx
    ./src/app/page.tsx @ http://localhost:3000/_next/static/chunks/node_modules_next_dist_0u_w_5s._.js:1945
[ 1765446ms] [ERROR] ./src/app/page.tsx:7:1
Export shelves doesn't exist in target module
   5 | import { Button } from "@/components/ui/button";
   6 | import { Separator } from "@/components/ui/separator";
>  7 | import { contactLink, heroCopy, shelves, socialChannels } from "@/lib/site-data";
     | ^^^^^^^^^^^^^^^^^^^^^^^^^^^^^^^^^^^^^^^^^^^^^^^^^^^^^^^^^^^^^^^^^^^^^^^^^^^^^^^^^
   8 |
   9 | const profileLinks = socialChannels.filter(
  10 |   (channel) => channel.label !== "Email",

The export shelves was not found in module [project]/src/lib/site-data.ts [app-rsc] (ecmascript).
Did you mean to import shelfRecords?
All exports of the module are statically known (It doesn't have dynamic exports). So it's known statically that the requested export doesn't exist. @ http://localhost:3000/_next/static/chunks/node_modules_next_dist_0u_w_5s._.js:1945
[ 1765714ms] [LOG] [Fast Refresh] rebuilding @ http://localhost:3000/_next/static/chunks/node_modules_next_dist_0u_w_5s._.js:1226
[ 1765896ms] [ERROR] ./src/components/site/site-canvas.tsx:7:27
`ssr: false` is not allowed with `next/dynamic` in Server Components. Please move it into a Client Component.
   5 | import { cn } from "@/lib/utils";
   6 |
>  7 | const SiteCanvasDesktop = dynamic(
     |                           ^^^^^^^
>  8 |   () =>
     | ^^^^^^^
>  9 |     import("@/components/site/site-canvas-desktop").then(
     | ^^^^^^^^^^^^^^^^^^^^^^^^^^^^^^^^^^^^^^^^^^^^^^^^^^^^^^^^^
> 10 |       (mod) => mod.SiteCanvasDesktop,
     | ^^^^^^^^^^^^^^^^^^^^^^^^^^^^^^^^^^^^^
> 11 |     ),
     | ^^^^^^
> 12 |   {
     | ^^^
> 13 |     ssr: false,
     | ^^^^^^^^^^^^^^^
> 14 |     loading: () => (
     | ^^^^^^^^^^^^^^^^^^^^
> 15 |       <div
     | ^^^^^^^^^^
> 16 |         className="hidden min-h-[560px] rounded-[1.5rem] border border-border bg-backgroun...
     | ^^^^^^^^^^^^^^^^^^^^^^^^^^^^^^^^^^^^^^^^^^^^^^^^^^^^^^^^^^^^^^^^^^^^^^^^^^^^^^^^^^^^^^^^^^^^^
> 17 |         aria-hidden
     | ^^^^^^^^^^^^^^^^^^^
> 18 |       />
     | ^^^^^^^^
> 19 |     ),
     | ^^^^^^
> 20 |   },
     | ^^^^
> 21 | );
     | ^
  22 |
  23 | const accentClasses = {
  24 |   ink: "border-foreground/45 text-foreground",

Ecmascript file had an error

Import trace:
  Server Component:
    ./src/components/site/site-canvas.tsx
    ./src/app/page.tsx @ http://localhost:3000/_next/static/chunks/node_modules_next_dist_0u_w_5s._.js:1945
[ 1765897ms] [ERROR] ./src/components/site/site-canvas.tsx:9:5
Module not found: Can't resolve '@/components/site/site-canvas-desktop'
   7 | const SiteCanvasDesktop = dynamic(
   8 |   () =>
>  9 |     import("@/components/site/site-canvas-desktop").then(
     |     ^^^^^^^^^^^^^^^^^^^^^^^^^^^^^^^^^^^^^^^^^^^^^^^
  10 |       (mod) => mod.SiteCanvasDesktop,
  11 |     ),
  12 |   {

Import map: aliased to relative './src/components/site/site-canvas-desktop' inside of [project]/

Import trace:
  Server Component:
    ./src/components/site/site-canvas.tsx
    ./src/app/page.tsx

https://nextjs.org/docs/messages/module-not-found @ http://localhost:3000/_next/static/chunks/node_modules_next_dist_0u_w_5s._.js:1945
[ 1765898ms] [ERROR] ./src/components/site/site-icons.tsx:2:1
Export Github doesn't exist in target module
   1 | import type { SVGProps } from "react";
>  2 | import {
     | ^^^^^^^
>  3 |   AppWindow,
     | ^^^^^^^^^^^^
>  4 |   ArrowUpRight,
     | ^^^^^^^^^^^^^^^
>  5 |   BookOpen,
     | ^^^^^^^^^^^
>  6 |   BriefcaseBusiness,
     | ^^^^^^^^^^^^^^^^^^^^
>  7 |   Camera,
     | ^^^^^^^^^
>  8 |   Code2,
     | ^^^^^^^^
>  9 |   Github,
     | ^^^^^^^^^
> 10 |   Home,
     | ^^^^^^^
> 11 |   Linkedin,
     | ^^^^^^^^^^^
> 12 |   Mail,
     | ^^^^^^^
> 13 |   Menu,
     | ^^^^^^^
> 14 |   Palette,
     | ^^^^^^^^^^
> 15 |   Video,
     | ^^^^^^^^
> 16 |   X,
     | ^^^^
> 17 |   type LucideIcon,
     | ^^^^^^^^^^^^^^^^^^
> 18 | } from "lucide-react";
     | ^^^^^^^^^^^^^^^^^^^^^^
  19 |
  20 | import type { IconKey } from "@/lib/site-data";
  21 |

The export Github was not found in module [project]/node_modules/lucide-react/dist/esm/lucide-react.mjs [app-rsc] (ecmascript).
Did you mean to import Gift?
All exports of the module are statically known (It doesn't have dynamic exports). So it's known statically that the requested export doesn't exist.

Import trace:
  Server Component:
    ./src/components/site/site-icons.tsx
    ./src/app/page.tsx @ http://localhost:3000/_next/static/chunks/node_modules_next_dist_0u_w_5s._.js:1945
[ 1765898ms] [ERROR] ./src/components/site/site-icons.tsx:2:1
Export Linkedin doesn't exist in target module
   1 | import type { SVGProps } from "react";
>  2 | import {
     | ^^^^^^^
>  3 |   AppWindow,
     | ^^^^^^^^^^^^
>  4 |   ArrowUpRight,
     | ^^^^^^^^^^^^^^^
>  5 |   BookOpen,
     | ^^^^^^^^^^^
>  6 |   BriefcaseBusiness,
     | ^^^^^^^^^^^^^^^^^^^^
>  7 |   Camera,
     | ^^^^^^^^^
>  8 |   Code2,
     | ^^^^^^^^
>  9 |   Github,
     | ^^^^^^^^^
> 10 |   Home,
     | ^^^^^^^
> 11 |   Linkedin,
     | ^^^^^^^^^^^
> 12 |   Mail,
     | ^^^^^^^
> 13 |   Menu,
     | ^^^^^^^
> 14 |   Palette,
     | ^^^^^^^^^^
> 15 |   Video,
     | ^^^^^^^^
> 16 |   X,
     | ^^^^
> 17 |   type LucideIcon,
     | ^^^^^^^^^^^^^^^^^^
> 18 | } from "lucide-react";
     | ^^^^^^^^^^^^^^^^^^^^^^
  19 |
  20 | import type { IconKey } from "@/lib/site-data";
  21 |

The export Linkedin was not found in module [project]/node_modules/lucide-react/dist/esm/lucide-react.mjs [app-rsc] (ecmascript).
Did you mean to import Link?
All exports of the module are statically known (It doesn't have dynamic exports). So it's known statically that the requested export doesn't exist.

Import trace:
  Server Component:
    ./src/components/site/site-icons.tsx
    ./src/app/page.tsx @ http://localhost:3000/_next/static/chunks/node_modules_next_dist_0u_w_5s._.js:1945
[ 1765898ms] [ERROR] ./src/app/page.tsx:7:1
Export shelves doesn't exist in target module
   5 | import { Button } from "@/components/ui/button";
   6 | import { Separator } from "@/components/ui/separator";
>  7 | import { contactLink, heroCopy, shelves, socialChannels } from "@/lib/site-data";
     | ^^^^^^^^^^^^^^^^^^^^^^^^^^^^^^^^^^^^^^^^^^^^^^^^^^^^^^^^^^^^^^^^^^^^^^^^^^^^^^^^^
   8 |
   9 | const profileLinks = socialChannels.filter(
  10 |   (channel) => channel.label !== "Email",

The export shelves was not found in module [project]/src/lib/site-data.ts [app-rsc] (ecmascript).
Did you mean to import shelfRecords?
All exports of the module are statically known (It doesn't have dynamic exports). So it's known statically that the requested export doesn't exist. @ http://localhost:3000/_next/static/chunks/node_modules_next_dist_0u_w_5s._.js:1945
[ 1766146ms] [ERROR] Failed to load resource: the server responded with a status of 500 (Internal Server Error) @ http://localhost:3000/:0
[ 1766447ms] [INFO] %cDownload the React DevTools for a better development experience: https://react.dev/link/react-devtools font-weight:bold @ http://localhost:3000/_next/static/chunks/node_modules_react-dom_0bruynb._.js:15305
[ 1766475ms] Error: ./src/components/site/site-canvas.tsx:7:27
`ssr: false` is not allowed with `next/dynamic` in Server Components. Please move it into a Client Component.
   5 | import { cn } from "@/lib/utils";
   6 |
>  7 | const SiteCanvasDesktop = dynamic(
     |                           ^^^^^^^
>  8 |   () =>
     | ^^^^^^^
>  9 |     import("@/components/site/site-canvas-desktop").then(
     | ^^^^^^^^^^^^^^^^^^^^^^^^^^^^^^^^^^^^^^^^^^^^^^^^^^^^^^^^^
> 10 |       (mod) => mod.SiteCanvasDesktop,
     | ^^^^^^^^^^^^^^^^^^^^^^^^^^^^^^^^^^^^^
> 11 |     ),
     | ^^^^^^
> 12 |   {
     | ^^^
> 13 |     ssr: false,
     | ^^^^^^^^^^^^^^^
> 14 |     loading: () => (
     | ^^^^^^^^^^^^^^^^^^^^
> 15 |       <div
     | ^^^^^^^^^^
> 16 |         className="hidden min-h-[560px] rounded-[1.5rem] border border-border bg-backgroun...
     | ^^^^^^^^^^^^^^^^^^^^^^^^^^^^^^^^^^^^^^^^^^^^^^^^^^^^^^^^^^^^^^^^^^^^^^^^^^^^^^^^^^^^^^^^^^^^^
> 17 |         aria-hidden
     | ^^^^^^^^^^^^^^^^^^^
> 18 |       />
     | ^^^^^^^^
> 19 |     ),
     | ^^^^^^
> 20 |   },
     | ^^^^
> 21 | );
     | ^
  22 |
  23 | const accentClasses = {
  24 |   ink: "border-foreground/45 text-foreground",

Ecmascript file had an error

Import trace:
  Server Component:
    ./src/components/site/site-canvas.tsx
    ./src/app/page.tsx


    at <unknown> (Error: ./src/components/site/site-canvas.tsx:7:27)
    at Object.getCompilationErrors (file:///Users/josephsimo/Downloads/joesimo/node_modules/next/dist/server/dev/hot-reloader-turbopack.js:1186:59)
    at DevBundlerService.getCompilationError (file:///Users/josephsimo/Downloads/joesimo/node_modules/next/dist/server/lib/dev-bundler-service.js:44:55)
    at DevServer.getCompilationError (file:///Users/josephsimo/Downloads/joesimo/node_modules/next/dist/server/dev/next-dev-server.js:720:42)
    at DevServer.findPageComponents (file:///Users/josephsimo/Downloads/joesimo/node_modules/next/dist/server/dev/next-dev-server.js:690:43)
    at async DevServer.renderErrorToResponseImpl (file:///Users/josephsimo/Downloads/joesimo/node_modules/next/dist/server/base-server.js:1753:26)
[ 1766641ms] [LOG] [HMR] connected @ http://localhost:3000/_next/static/chunks/node_modules_next_dist_0u_w_5s._.js:1226
[ 1766812ms] [ERROR] ./src/components/site/site-canvas.tsx:7:27
`ssr: false` is not allowed with `next/dynamic` in Server Components. Please move it into a Client Component.
   5 | import { cn } from "@/lib/utils";
   6 |
>  7 | const SiteCanvasDesktop = dynamic(
     |                           ^^^^^^^
>  8 |   () =>
     | ^^^^^^^
>  9 |     import("@/components/site/site-canvas-desktop").then(
     | ^^^^^^^^^^^^^^^^^^^^^^^^^^^^^^^^^^^^^^^^^^^^^^^^^^^^^^^^^
> 10 |       (mod) => mod.SiteCanvasDesktop,
     | ^^^^^^^^^^^^^^^^^^^^^^^^^^^^^^^^^^^^^
> 11 |     ),
     | ^^^^^^
> 12 |   {
     | ^^^
> 13 |     ssr: false,
     | ^^^^^^^^^^^^^^^
> 14 |     loading: () => (
     | ^^^^^^^^^^^^^^^^^^^^
> 15 |       <div
     | ^^^^^^^^^^
> 16 |         className="hidden min-h-[560px] rounded-[1.5rem] border border-border bg-backgroun...
     | ^^^^^^^^^^^^^^^^^^^^^^^^^^^^^^^^^^^^^^^^^^^^^^^^^^^^^^^^^^^^^^^^^^^^^^^^^^^^^^^^^^^^^^^^^^^^^
> 17 |         aria-hidden
     | ^^^^^^^^^^^^^^^^^^^
> 18 |       />
     | ^^^^^^^^
> 19 |     ),
     | ^^^^^^
> 20 |   },
     | ^^^^
> 21 | );
     | ^
  22 |
  23 | const accentClasses = {
  24 |   ink: "border-foreground/45 text-foreground",

Ecmascript file had an error

Import trace:
  Server Component:
    ./src/components/site/site-canvas.tsx
    ./src/app/page.tsx @ http://localhost:3000/_next/static/chunks/node_modules_next_dist_0u_w_5s._.js:1945
[ 1766813ms] [ERROR] ./src/components/site/site-canvas.tsx:9:5
Module not found: Can't resolve '@/components/site/site-canvas-desktop'
   7 | const SiteCanvasDesktop = dynamic(
   8 |   () =>
>  9 |     import("@/components/site/site-canvas-desktop").then(
     |     ^^^^^^^^^^^^^^^^^^^^^^^^^^^^^^^^^^^^^^^^^^^^^^^
  10 |       (mod) => mod.SiteCanvasDesktop,
  11 |     ),
  12 |   {

Import map: aliased to relative './src/components/site/site-canvas-desktop' inside of [project]/

Import trace:
  Server Component:
    ./src/components/site/site-canvas.tsx
    ./src/app/page.tsx

https://nextjs.org/docs/messages/module-not-found @ http://localhost:3000/_next/static/chunks/node_modules_next_dist_0u_w_5s._.js:1945
[ 1766814ms] [ERROR] ./src/components/site/site-icons.tsx:2:1
Export Github doesn't exist in target module
   1 | import type { SVGProps } from "react";
>  2 | import {
     | ^^^^^^^
>  3 |   AppWindow,
     | ^^^^^^^^^^^^
>  4 |   ArrowUpRight,
     | ^^^^^^^^^^^^^^^
>  5 |   BookOpen,
     | ^^^^^^^^^^^
>  6 |   BriefcaseBusiness,
     | ^^^^^^^^^^^^^^^^^^^^
>  7 |   Camera,
     | ^^^^^^^^^
>  8 |   Code2,
     | ^^^^^^^^
>  9 |   Github,
     | ^^^^^^^^^
> 10 |   Home,
     | ^^^^^^^
> 11 |   Linkedin,
     | ^^^^^^^^^^^
> 12 |   Mail,
     | ^^^^^^^
> 13 |   Menu,
     | ^^^^^^^
> 14 |   Palette,
     | ^^^^^^^^^^
> 15 |   Video,
     | ^^^^^^^^
> 16 |   X,
     | ^^^^
> 17 |   type LucideIcon,
     | ^^^^^^^^^^^^^^^^^^
> 18 | } from "lucide-react";
     | ^^^^^^^^^^^^^^^^^^^^^^
  19 |
  20 | import type { IconKey } from "@/lib/site-data";
  21 |

The export Github was not found in module [project]/node_modules/lucide-react/dist/esm/lucide-react.mjs [app-rsc] (ecmascript).
Did you mean to import Gift?
All exports of the module are statically known (It doesn't have dynamic exports). So it's known statically that the requested export doesn't exist.

Import trace:
  Server Component:
    ./src/components/site/site-icons.tsx
    ./src/app/page.tsx @ http://localhost:3000/_next/static/chunks/node_modules_next_dist_0u_w_5s._.js:1945
[ 1766814ms] [ERROR] ./src/components/site/site-icons.tsx:2:1
Export Linkedin doesn't exist in target module
   1 | import type { SVGProps } from "react";
>  2 | import {
     | ^^^^^^^
>  3 |   AppWindow,
     | ^^^^^^^^^^^^
>  4 |   ArrowUpRight,
     | ^^^^^^^^^^^^^^^
>  5 |   BookOpen,
     | ^^^^^^^^^^^
>  6 |   BriefcaseBusiness,
     | ^^^^^^^^^^^^^^^^^^^^
>  7 |   Camera,
     | ^^^^^^^^^
>  8 |   Code2,
     | ^^^^^^^^
>  9 |   Github,
     | ^^^^^^^^^
> 10 |   Home,
     | ^^^^^^^
> 11 |   Linkedin,
     | ^^^^^^^^^^^
> 12 |   Mail,
     | ^^^^^^^
> 13 |   Menu,
     | ^^^^^^^
> 14 |   Palette,
     | ^^^^^^^^^^
> 15 |   Video,
     | ^^^^^^^^
> 16 |   X,
     | ^^^^
> 17 |   type LucideIcon,
     | ^^^^^^^^^^^^^^^^^^
> 18 | } from "lucide-react";
     | ^^^^^^^^^^^^^^^^^^^^^^
  19 |
  20 | import type { IconKey } from "@/lib/site-data";
  21 |

The export Linkedin was not found in module [project]/node_modules/lucide-react/dist/esm/lucide-react.mjs [app-rsc] (ecmascript).
Did you mean to import Link?
All exports of the module are statically known (It doesn't have dynamic exports). So it's known statically that the requested export doesn't exist.

Import trace:
  Server Component:
    ./src/components/site/site-icons.tsx
    ./src/app/page.tsx @ http://localhost:3000/_next/static/chunks/node_modules_next_dist_0u_w_5s._.js:1945
[ 1766814ms] [ERROR] ./src/app/page.tsx:7:1
Export shelves doesn't exist in target module
   5 | import { Button } from "@/components/ui/button";
   6 | import { Separator } from "@/components/ui/separator";
>  7 | import { contactLink, heroCopy, shelves, socialChannels } from "@/lib/site-data";
     | ^^^^^^^^^^^^^^^^^^^^^^^^^^^^^^^^^^^^^^^^^^^^^^^^^^^^^^^^^^^^^^^^^^^^^^^^^^^^^^^^^
   8 |
   9 | const profileLinks = socialChannels.filter(
  10 |   (channel) => channel.label !== "Email",

The export shelves was not found in module [project]/src/lib/site-data.ts [app-rsc] (ecmascript).
Did you mean to import shelfRecords?
All exports of the module are statically known (It doesn't have dynamic exports). So it's known statically that the requested export doesn't exist. @ http://localhost:3000/_next/static/chunks/node_modules_next_dist_0u_w_5s._.js:1945
[ 1766924ms] [LOG] [Fast Refresh] rebuilding @ http://localhost:3000/_next/static/chunks/node_modules_next_dist_0u_w_5s._.js:1226
[ 1766964ms] [ERROR] ./src/components/site/site-canvas.tsx:7:27
`ssr: false` is not allowed with `next/dynamic` in Server Components. Please move it into a Client Component.
   5 | import { cn } from "@/lib/utils";
   6 |
>  7 | const SiteCanvasDesktop = dynamic(
     |                           ^^^^^^^
>  8 |   () =>
     | ^^^^^^^
>  9 |     import("@/components/site/site-canvas-desktop").then(
     | ^^^^^^^^^^^^^^^^^^^^^^^^^^^^^^^^^^^^^^^^^^^^^^^^^^^^^^^^^
> 10 |       (mod) => mod.SiteCanvasDesktop,
     | ^^^^^^^^^^^^^^^^^^^^^^^^^^^^^^^^^^^^^
> 11 |     ),
     | ^^^^^^
> 12 |   {
     | ^^^
> 13 |     ssr: false,
     | ^^^^^^^^^^^^^^^
> 14 |     loading: () => (
     | ^^^^^^^^^^^^^^^^^^^^
> 15 |       <div
     | ^^^^^^^^^^
> 16 |         className="hidden min-h-[560px] rounded-[1.5rem] border border-border bg-backgroun...
     | ^^^^^^^^^^^^^^^^^^^^^^^^^^^^^^^^^^^^^^^^^^^^^^^^^^^^^^^^^^^^^^^^^^^^^^^^^^^^^^^^^^^^^^^^^^^^^
> 17 |         aria-hidden
     | ^^^^^^^^^^^^^^^^^^^
> 18 |       />
     | ^^^^^^^^
> 19 |     ),
     | ^^^^^^
> 20 |   },
     | ^^^^
> 21 | );
     | ^
  22 |
  23 | const accentClasses = {
  24 |   ink: "border-foreground/45 text-foreground",

Ecmascript file had an error

Import trace:
  Server Component:
    ./src/components/site/site-canvas.tsx
    ./src/app/page.tsx @ http://localhost:3000/_next/static/chunks/node_modules_next_dist_0u_w_5s._.js:1945
[ 1766964ms] [ERROR] ./src/components/site/site-canvas.tsx:9:5
Module not found: Can't resolve '@/components/site/site-canvas-desktop'
   7 | const SiteCanvasDesktop = dynamic(
   8 |   () =>
>  9 |     import("@/components/site/site-canvas-desktop").then(
     |     ^^^^^^^^^^^^^^^^^^^^^^^^^^^^^^^^^^^^^^^^^^^^^^^
  10 |       (mod) => mod.SiteCanvasDesktop,
  11 |     ),
  12 |   {

Import map: aliased to relative './src/components/site/site-canvas-desktop' inside of [project]/

Import trace:
  Server Component:
    ./src/components/site/site-canvas.tsx
    ./src/app/page.tsx

https://nextjs.org/docs/messages/module-not-found @ http://localhost:3000/_next/static/chunks/node_modules_next_dist_0u_w_5s._.js:1945
[ 1766965ms] [ERROR] ./src/components/site/site-icons.tsx:2:1
Export Github doesn't exist in target module
   1 | import type { SVGProps } from "react";
>  2 | import {
     | ^^^^^^^
>  3 |   AppWindow,
     | ^^^^^^^^^^^^
>  4 |   ArrowUpRight,
     | ^^^^^^^^^^^^^^^
>  5 |   BookOpen,
     | ^^^^^^^^^^^
>  6 |   BriefcaseBusiness,
     | ^^^^^^^^^^^^^^^^^^^^
>  7 |   Camera,
     | ^^^^^^^^^
>  8 |   Code2,
     | ^^^^^^^^
>  9 |   Github,
     | ^^^^^^^^^
> 10 |   Home,
     | ^^^^^^^
> 11 |   Linkedin,
     | ^^^^^^^^^^^
> 12 |   Mail,
     | ^^^^^^^
> 13 |   Menu,
     | ^^^^^^^
> 14 |   Palette,
     | ^^^^^^^^^^
> 15 |   Video,
     | ^^^^^^^^
> 16 |   X,
     | ^^^^
> 17 |   type LucideIcon,
     | ^^^^^^^^^^^^^^^^^^
> 18 | } from "lucide-react";
     | ^^^^^^^^^^^^^^^^^^^^^^
  19 |
  20 | import type { IconKey } from "@/lib/site-data";
  21 |

The export Github was not found in module [project]/node_modules/lucide-react/dist/esm/lucide-react.mjs [app-rsc] (ecmascript).
Did you mean to import Gift?
All exports of the module are statically known (It doesn't have dynamic exports). So it's known statically that the requested export doesn't exist.

Import trace:
  Server Component:
    ./src/components/site/site-icons.tsx
    ./src/app/page.tsx @ http://localhost:3000/_next/static/chunks/node_modules_next_dist_0u_w_5s._.js:1945
[ 1766965ms] [ERROR] ./src/components/site/site-icons.tsx:2:1
Export Linkedin doesn't exist in target module
   1 | import type { SVGProps } from "react";
>  2 | import {
     | ^^^^^^^
>  3 |   AppWindow,
     | ^^^^^^^^^^^^
>  4 |   ArrowUpRight,
     | ^^^^^^^^^^^^^^^
>  5 |   BookOpen,
     | ^^^^^^^^^^^
>  6 |   BriefcaseBusiness,
     | ^^^^^^^^^^^^^^^^^^^^
>  7 |   Camera,
     | ^^^^^^^^^
>  8 |   Code2,
     | ^^^^^^^^
>  9 |   Github,
     | ^^^^^^^^^
> 10 |   Home,
     | ^^^^^^^
> 11 |   Linkedin,
     | ^^^^^^^^^^^
> 12 |   Mail,
     | ^^^^^^^
> 13 |   Menu,
     | ^^^^^^^
> 14 |   Palette,
     | ^^^^^^^^^^
> 15 |   Video,
     | ^^^^^^^^
> 16 |   X,
     | ^^^^
> 17 |   type LucideIcon,
     | ^^^^^^^^^^^^^^^^^^
> 18 | } from "lucide-react";
     | ^^^^^^^^^^^^^^^^^^^^^^
  19 |
  20 | import type { IconKey } from "@/lib/site-data";
  21 |

The export Linkedin was not found in module [project]/node_modules/lucide-react/dist/esm/lucide-react.mjs [app-rsc] (ecmascript).
Did you mean to import Link?
All exports of the module are statically known (It doesn't have dynamic exports). So it's known statically that the requested export doesn't exist.

Import trace:
  Server Component:
    ./src/components/site/site-icons.tsx
    ./src/app/page.tsx @ http://localhost:3000/_next/static/chunks/node_modules_next_dist_0u_w_5s._.js:1945
[ 1766965ms] [ERROR] ./src/app/page.tsx:7:1
Export shelves doesn't exist in target module
   5 | import { Button } from "@/components/ui/button";
   6 | import { Separator } from "@/components/ui/separator";
>  7 | import { contactLink, heroCopy, shelves, socialChannels } from "@/lib/site-data";
     | ^^^^^^^^^^^^^^^^^^^^^^^^^^^^^^^^^^^^^^^^^^^^^^^^^^^^^^^^^^^^^^^^^^^^^^^^^^^^^^^^^
   8 |
   9 | const profileLinks = socialChannels.filter(
  10 |   (channel) => channel.label !== "Email",

The export shelves was not found in module [project]/src/lib/site-data.ts [app-rsc] (ecmascript).
Did you mean to import shelfRecords?
All exports of the module are statically known (It doesn't have dynamic exports). So it's known statically that the requested export doesn't exist. @ http://localhost:3000/_next/static/chunks/node_modules_next_dist_0u_w_5s._.js:1945
[ 1767059ms] [ERROR] ./src/components/site/site-canvas.tsx:7:27
`ssr: false` is not allowed with `next/dynamic` in Server Components. Please move it into a Client Component.
   5 | import { cn } from "@/lib/utils";
   6 |
>  7 | const SiteCanvasDesktop = dynamic(
     |                           ^^^^^^^
>  8 |   () =>
     | ^^^^^^^
>  9 |     import("@/components/site/site-canvas-desktop").then(
     | ^^^^^^^^^^^^^^^^^^^^^^^^^^^^^^^^^^^^^^^^^^^^^^^^^^^^^^^^^
> 10 |       (mod) => mod.SiteCanvasDesktop,
     | ^^^^^^^^^^^^^^^^^^^^^^^^^^^^^^^^^^^^^
> 11 |     ),
     | ^^^^^^
> 12 |   {
     | ^^^
> 13 |     ssr: false,
     | ^^^^^^^^^^^^^^^
> 14 |     loading: () => (
     | ^^^^^^^^^^^^^^^^^^^^
> 15 |       <div
     | ^^^^^^^^^^
> 16 |         className="hidden min-h-[560px] rounded-[1.5rem] border border-border bg-backgroun...
     | ^^^^^^^^^^^^^^^^^^^^^^^^^^^^^^^^^^^^^^^^^^^^^^^^^^^^^^^^^^^^^^^^^^^^^^^^^^^^^^^^^^^^^^^^^^^^^
> 17 |         aria-hidden
     | ^^^^^^^^^^^^^^^^^^^
> 18 |       />
     | ^^^^^^^^
> 19 |     ),
     | ^^^^^^
> 20 |   },
     | ^^^^
> 21 | );
     | ^
  22 |
  23 | const accentClasses = {
  24 |   ink: "border-foreground/45 text-foreground",

Ecmascript file had an error

Import trace:
  Server Component:
    ./src/components/site/site-canvas.tsx
    ./src/app/page.tsx @ http://localhost:3000/_next/static/chunks/node_modules_next_dist_0u_w_5s._.js:1945
[ 1767059ms] [ERROR] ./src/components/site/site-canvas.tsx:9:5
Module not found: Can't resolve '@/components/site/site-canvas-desktop'
   7 | const SiteCanvasDesktop = dynamic(
   8 |   () =>
>  9 |     import("@/components/site/site-canvas-desktop").then(
     |     ^^^^^^^^^^^^^^^^^^^^^^^^^^^^^^^^^^^^^^^^^^^^^^^
  10 |       (mod) => mod.SiteCanvasDesktop,
  11 |     ),
  12 |   {

Import map: aliased to relative './src/components/site/site-canvas-desktop' inside of [project]/

Import trace:
  Server Component:
    ./src/components/site/site-canvas.tsx
    ./src/app/page.tsx

https://nextjs.org/docs/messages/module-not-found @ http://localhost:3000/_next/static/chunks/node_modules_next_dist_0u_w_5s._.js:1945
[ 1767060ms] [ERROR] ./src/components/site/site-icons.tsx:2:1
Export Github doesn't exist in target module
   1 | import type { SVGProps } from "react";
>  2 | import {
     | ^^^^^^^
>  3 |   AppWindow,
     | ^^^^^^^^^^^^
>  4 |   ArrowUpRight,
     | ^^^^^^^^^^^^^^^
>  5 |   BookOpen,
     | ^^^^^^^^^^^
>  6 |   BriefcaseBusiness,
     | ^^^^^^^^^^^^^^^^^^^^
>  7 |   Camera,
     | ^^^^^^^^^
>  8 |   Code2,
     | ^^^^^^^^
>  9 |   Github,
     | ^^^^^^^^^
> 10 |   Home,
     | ^^^^^^^
> 11 |   Linkedin,
     | ^^^^^^^^^^^
> 12 |   Mail,
     | ^^^^^^^
> 13 |   Menu,
     | ^^^^^^^
> 14 |   Palette,
     | ^^^^^^^^^^
> 15 |   Video,
     | ^^^^^^^^
> 16 |   X,
     | ^^^^
> 17 |   type LucideIcon,
     | ^^^^^^^^^^^^^^^^^^
> 18 | } from "lucide-react";
     | ^^^^^^^^^^^^^^^^^^^^^^
  19 |
  20 | import type { IconKey } from "@/lib/site-data";
  21 |

The export Github was not found in module [project]/node_modules/lucide-react/dist/esm/lucide-react.mjs [app-rsc] (ecmascript).
Did you mean to import Gift?
All exports of the module are statically known (It doesn't have dynamic exports). So it's known statically that the requested export doesn't exist.

Import trace:
  Server Component:
    ./src/components/site/site-icons.tsx
    ./src/app/page.tsx @ http://localhost:3000/_next/static/chunks/node_modules_next_dist_0u_w_5s._.js:1945
[ 1767060ms] [ERROR] ./src/components/site/site-icons.tsx:2:1
Export Linkedin doesn't exist in target module
   1 | import type { SVGProps } from "react";
>  2 | import {
     | ^^^^^^^
>  3 |   AppWindow,
     | ^^^^^^^^^^^^
>  4 |   ArrowUpRight,
     | ^^^^^^^^^^^^^^^
>  5 |   BookOpen,
     | ^^^^^^^^^^^
>  6 |   BriefcaseBusiness,
     | ^^^^^^^^^^^^^^^^^^^^
>  7 |   Camera,
     | ^^^^^^^^^
>  8 |   Code2,
     | ^^^^^^^^
>  9 |   Github,
     | ^^^^^^^^^
> 10 |   Home,
     | ^^^^^^^
> 11 |   Linkedin,
     | ^^^^^^^^^^^
> 12 |   Mail,
     | ^^^^^^^
> 13 |   Menu,
     | ^^^^^^^
> 14 |   Palette,
     | ^^^^^^^^^^
> 15 |   Video,
     | ^^^^^^^^
> 16 |   X,
     | ^^^^
> 17 |   type LucideIcon,
     | ^^^^^^^^^^^^^^^^^^
> 18 | } from "lucide-react";
     | ^^^^^^^^^^^^^^^^^^^^^^
  19 |
  20 | import type { IconKey } from "@/lib/site-data";
  21 |

The export Linkedin was not found in module [project]/node_modules/lucide-react/dist/esm/lucide-react.mjs [app-rsc] (ecmascript).
Did you mean to import Link?
All exports of the module are statically known (It doesn't have dynamic exports). So it's known statically that the requested export doesn't exist.

Import trace:
  Server Component:
    ./src/components/site/site-icons.tsx
    ./src/app/page.tsx @ http://localhost:3000/_next/static/chunks/node_modules_next_dist_0u_w_5s._.js:1945
[ 1767060ms] [ERROR] ./src/app/page.tsx:7:1
Export shelves doesn't exist in target module
   5 | import { Button } from "@/components/ui/button";
   6 | import { Separator } from "@/components/ui/separator";
>  7 | import { contactLink, heroCopy, shelves, socialChannels } from "@/lib/site-data";
     | ^^^^^^^^^^^^^^^^^^^^^^^^^^^^^^^^^^^^^^^^^^^^^^^^^^^^^^^^^^^^^^^^^^^^^^^^^^^^^^^^^
   8 |
   9 | const profileLinks = socialChannels.filter(
  10 |   (channel) => channel.label !== "Email",

The export shelves was not found in module [project]/src/lib/site-data.ts [app-rsc] (ecmascript).
Did you mean to import shelfRecords?
All exports of the module are statically known (It doesn't have dynamic exports). So it's known statically that the requested export doesn't exist. @ http://localhost:3000/_next/static/chunks/node_modules_next_dist_0u_w_5s._.js:1945
[ 1815357ms] [LOG] [Fast Refresh] rebuilding @ http://localhost:3000/_next/static/chunks/node_modules_next_dist_0u_w_5s._.js:1226
[ 1816488ms] [ERROR] ./src/components/site/site-canvas.tsx:7:27
`ssr: false` is not allowed with `next/dynamic` in Server Components. Please move it into a Client Component.
   5 | import { cn } from "@/lib/utils";
   6 |
>  7 | const SiteCanvasDesktop = dynamic(
     |                           ^^^^^^^
>  8 |   () =>
     | ^^^^^^^
>  9 |     import("@/components/site/site-canvas-desktop").then(
     | ^^^^^^^^^^^^^^^^^^^^^^^^^^^^^^^^^^^^^^^^^^^^^^^^^^^^^^^^^
> 10 |       (mod) => mod.SiteCanvasDesktop,
     | ^^^^^^^^^^^^^^^^^^^^^^^^^^^^^^^^^^^^^
> 11 |     ),
     | ^^^^^^
> 12 |   {
     | ^^^
> 13 |     ssr: false,
     | ^^^^^^^^^^^^^^^
> 14 |     loading: () => (
     | ^^^^^^^^^^^^^^^^^^^^
> 15 |       <div
     | ^^^^^^^^^^
> 16 |         className="hidden min-h-[560px] rounded-[1.5rem] border border-border bg-backgroun...
     | ^^^^^^^^^^^^^^^^^^^^^^^^^^^^^^^^^^^^^^^^^^^^^^^^^^^^^^^^^^^^^^^^^^^^^^^^^^^^^^^^^^^^^^^^^^^^^
> 17 |         aria-hidden
     | ^^^^^^^^^^^^^^^^^^^
> 18 |       />
     | ^^^^^^^^
> 19 |     ),
     | ^^^^^^
> 20 |   },
     | ^^^^
> 21 | );
     | ^
  22 |
  23 | const accentClasses = {
  24 |   ink: "border-foreground/45 text-foreground",

Ecmascript file had an error

Import trace:
  Server Component:
    ./src/components/site/site-canvas.tsx
    ./src/app/page.tsx @ http://localhost:3000/_next/static/chunks/node_modules_next_dist_0u_w_5s._.js:1945
[ 1816488ms] [ERROR] ./src/components/site/site-icons.tsx:2:1
Export Github doesn't exist in target module
   1 | import type { SVGProps } from "react";
>  2 | import {
     | ^^^^^^^
>  3 |   AppWindow,
     | ^^^^^^^^^^^^
>  4 |   ArrowUpRight,
     | ^^^^^^^^^^^^^^^
>  5 |   BookOpen,
     | ^^^^^^^^^^^
>  6 |   BriefcaseBusiness,
     | ^^^^^^^^^^^^^^^^^^^^
>  7 |   Camera,
     | ^^^^^^^^^
>  8 |   Code2,
     | ^^^^^^^^
>  9 |   Github,
     | ^^^^^^^^^
> 10 |   Home,
     | ^^^^^^^
> 11 |   Linkedin,
     | ^^^^^^^^^^^
> 12 |   Mail,
     | ^^^^^^^
> 13 |   Menu,
     | ^^^^^^^
> 14 |   Palette,
     | ^^^^^^^^^^
> 15 |   Video,
     | ^^^^^^^^
> 16 |   X,
     | ^^^^
> 17 |   type LucideIcon,
     | ^^^^^^^^^^^^^^^^^^
> 18 | } from "lucide-react";
     | ^^^^^^^^^^^^^^^^^^^^^^
  19 |
  20 | import type { IconKey } from "@/lib/site-data";
  21 |

The export Github was not found in module [project]/node_modules/lucide-react/dist/esm/lucide-react.mjs [app-client] (ecmascript).
Did you mean to import Gift?
All exports of the module are statically known (It doesn't have dynamic exports). So it's known statically that the requested export doesn't exist.

Import traces:
  Server Component:
    ./src/components/site/site-icons.tsx
    ./src/app/page.tsx

  Client Component Browser:
    ./src/components/site/site-icons.tsx [Client Component Browser]
    ./src/components/site/site-canvas-desktop.tsx [Client Component Browser]
    ./src/components/site/site-canvas-desktop.tsx [Server Component]
    ./src/components/site/site-canvas.tsx [Server Component]
    ./src/app/page.tsx [Server Component]

  Client Component SSR:
    ./src/components/site/site-icons.tsx [Client Component SSR]
    ./src/components/site/site-canvas-desktop.tsx [Client Component SSR]
    ./src/components/site/site-canvas-desktop.tsx [Server Component]
    ./src/components/site/site-canvas.tsx [Server Component]
    ./src/app/page.tsx [Server Component] @ http://localhost:3000/_next/static/chunks/node_modules_next_dist_0u_w_5s._.js:1945
[ 1816488ms] [ERROR] ./src/components/site/site-icons.tsx:2:1
Export Github doesn't exist in target module
   1 | import type { SVGProps } from "react";
>  2 | import {
     | ^^^^^^^
>  3 |   AppWindow,
     | ^^^^^^^^^^^^
>  4 |   ArrowUpRight,
     | ^^^^^^^^^^^^^^^
>  5 |   BookOpen,
     | ^^^^^^^^^^^
>  6 |   BriefcaseBusiness,
     | ^^^^^^^^^^^^^^^^^^^^
>  7 |   Camera,
     | ^^^^^^^^^
>  8 |   Code2,
     | ^^^^^^^^
>  9 |   Github,
     | ^^^^^^^^^
> 10 |   Home,
     | ^^^^^^^
> 11 |   Linkedin,
     | ^^^^^^^^^^^
> 12 |   Mail,
     | ^^^^^^^
> 13 |   Menu,
     | ^^^^^^^
> 14 |   Palette,
     | ^^^^^^^^^^
> 15 |   Video,
     | ^^^^^^^^
> 16 |   X,
     | ^^^^
> 17 |   type LucideIcon,
     | ^^^^^^^^^^^^^^^^^^
> 18 | } from "lucide-react";
     | ^^^^^^^^^^^^^^^^^^^^^^
  19 |
  20 | import type { IconKey } from "@/lib/site-data";
  21 |

The export Github was not found in module [project]/node_modules/lucide-react/dist/esm/lucide-react.mjs [app-rsc] (ecmascript).
Did you mean to import Gift?
All exports of the module are statically known (It doesn't have dynamic exports). So it's known statically that the requested export doesn't exist.

Import traces:
  Server Component:
    ./src/components/site/site-icons.tsx
    ./src/app/page.tsx

  Client Component Browser:
    ./src/components/site/site-icons.tsx [Client Component Browser]
    ./src/components/site/site-canvas-desktop.tsx [Client Component Browser]
    ./src/components/site/site-canvas-desktop.tsx [Server Component]
    ./src/components/site/site-canvas.tsx [Server Component]
    ./src/app/page.tsx [Server Component]

  Client Component SSR:
    ./src/components/site/site-icons.tsx [Client Component SSR]
    ./src/components/site/site-canvas-desktop.tsx [Client Component SSR]
    ./src/components/site/site-canvas-desktop.tsx [Server Component]
    ./src/components/site/site-canvas.tsx [Server Component]
    ./src/app/page.tsx [Server Component] @ http://localhost:3000/_next/static/chunks/node_modules_next_dist_0u_w_5s._.js:1945
[ 1816488ms] [ERROR] ./src/components/site/site-icons.tsx:2:1
Export Github doesn't exist in target module
   1 | import type { SVGProps } from "react";
>  2 | import {
     | ^^^^^^^
>  3 |   AppWindow,
     | ^^^^^^^^^^^^
>  4 |   ArrowUpRight,
     | ^^^^^^^^^^^^^^^
>  5 |   BookOpen,
     | ^^^^^^^^^^^
>  6 |   BriefcaseBusiness,
     | ^^^^^^^^^^^^^^^^^^^^
>  7 |   Camera,
     | ^^^^^^^^^
>  8 |   Code2,
     | ^^^^^^^^
>  9 |   Github,
     | ^^^^^^^^^
> 10 |   Home,
     | ^^^^^^^
> 11 |   Linkedin,
     | ^^^^^^^^^^^
> 12 |   Mail,
     | ^^^^^^^
> 13 |   Menu,
     | ^^^^^^^
> 14 |   Palette,
     | ^^^^^^^^^^
> 15 |   Video,
     | ^^^^^^^^
> 16 |   X,
     | ^^^^
> 17 |   type LucideIcon,
     | ^^^^^^^^^^^^^^^^^^
> 18 | } from "lucide-react";
     | ^^^^^^^^^^^^^^^^^^^^^^
  19 |
  20 | import type { IconKey } from "@/lib/site-data";
  21 |

The export Github was not found in module [project]/node_modules/lucide-react/dist/esm/lucide-react.mjs [app-ssr] (ecmascript).
Did you mean to import Gift?
All exports of the module are statically known (It doesn't have dynamic exports). So it's known statically that the requested export doesn't exist.

Import traces:
  Server Component:
    ./src/components/site/site-icons.tsx
    ./src/app/page.tsx

  Client Component Browser:
    ./src/components/site/site-icons.tsx [Client Component Browser]
    ./src/components/site/site-canvas-desktop.tsx [Client Component Browser]
    ./src/components/site/site-canvas-desktop.tsx [Server Component]
    ./src/components/site/site-canvas.tsx [Server Component]
    ./src/app/page.tsx [Server Component]

  Client Component SSR:
    ./src/components/site/site-icons.tsx [Client Component SSR]
    ./src/components/site/site-canvas-desktop.tsx [Client Component SSR]
    ./src/components/site/site-canvas-desktop.tsx [Server Component]
    ./src/components/site/site-canvas.tsx [Server Component]
    ./src/app/page.tsx [Server Component] @ http://localhost:3000/_next/static/chunks/node_modules_next_dist_0u_w_5s._.js:1945
[ 1816489ms] [ERROR] ./src/components/site/site-icons.tsx:2:1
Export Linkedin doesn't exist in target module
   1 | import type { SVGProps } from "react";
>  2 | import {
     | ^^^^^^^
>  3 |   AppWindow,
     | ^^^^^^^^^^^^
>  4 |   ArrowUpRight,
     | ^^^^^^^^^^^^^^^
>  5 |   BookOpen,
     | ^^^^^^^^^^^
>  6 |   BriefcaseBusiness,
     | ^^^^^^^^^^^^^^^^^^^^
>  7 |   Camera,
     | ^^^^^^^^^
>  8 |   Code2,
     | ^^^^^^^^
>  9 |   Github,
     | ^^^^^^^^^
> 10 |   Home,
     | ^^^^^^^
> 11 |   Linkedin,
     | ^^^^^^^^^^^
> 12 |   Mail,
     | ^^^^^^^
> 13 |   Menu,
     | ^^^^^^^
> 14 |   Palette,
     | ^^^^^^^^^^
> 15 |   Video,
     | ^^^^^^^^
> 16 |   X,
     | ^^^^
> 17 |   type LucideIcon,
     | ^^^^^^^^^^^^^^^^^^
> 18 | } from "lucide-react";
     | ^^^^^^^^^^^^^^^^^^^^^^
  19 |
  20 | import type { IconKey } from "@/lib/site-data";
  21 |

The export Linkedin was not found in module [project]/node_modules/lucide-react/dist/esm/lucide-react.mjs [app-client] (ecmascript).
Did you mean to import Link?
All exports of the module are statically known (It doesn't have dynamic exports). So it's known statically that the requested export doesn't exist.

Import traces:
  Server Component:
    ./src/components/site/site-icons.tsx
    ./src/app/page.tsx

  Client Component Browser:
    ./src/components/site/site-icons.tsx [Client Component Browser]
    ./src/components/site/site-canvas-desktop.tsx [Client Component Browser]
    ./src/components/site/site-canvas-desktop.tsx [Server Component]
    ./src/components/site/site-canvas.tsx [Server Component]
    ./src/app/page.tsx [Server Component]

  Client Component SSR:
    ./src/components/site/site-icons.tsx [Client Component SSR]
    ./src/components/site/site-canvas-desktop.tsx [Client Component SSR]
    ./src/components/site/site-canvas-desktop.tsx [Server Component]
    ./src/components/site/site-canvas.tsx [Server Component]
    ./src/app/page.tsx [Server Component] @ http://localhost:3000/_next/static/chunks/node_modules_next_dist_0u_w_5s._.js:1945
[ 1816489ms] [ERROR] ./src/components/site/site-icons.tsx:2:1
Export Linkedin doesn't exist in target module
   1 | import type { SVGProps } from "react";
>  2 | import {
     | ^^^^^^^
>  3 |   AppWindow,
     | ^^^^^^^^^^^^
>  4 |   ArrowUpRight,
     | ^^^^^^^^^^^^^^^
>  5 |   BookOpen,
     | ^^^^^^^^^^^
>  6 |   BriefcaseBusiness,
     | ^^^^^^^^^^^^^^^^^^^^
>  7 |   Camera,
     | ^^^^^^^^^
>  8 |   Code2,
     | ^^^^^^^^
>  9 |   Github,
     | ^^^^^^^^^
> 10 |   Home,
     | ^^^^^^^
> 11 |   Linkedin,
     | ^^^^^^^^^^^
> 12 |   Mail,
     | ^^^^^^^
> 13 |   Menu,
     | ^^^^^^^
> 14 |   Palette,
     | ^^^^^^^^^^
> 15 |   Video,
     | ^^^^^^^^
> 16 |   X,
     | ^^^^
> 17 |   type LucideIcon,
     | ^^^^^^^^^^^^^^^^^^
> 18 | } from "lucide-react";
     | ^^^^^^^^^^^^^^^^^^^^^^
  19 |
  20 | import type { IconKey } from "@/lib/site-data";
  21 |

The export Linkedin was not found in module [project]/node_modules/lucide-react/dist/esm/lucide-react.mjs [app-rsc] (ecmascript).
Did you mean to import Link?
All exports of the module are statically known (It doesn't have dynamic exports). So it's known statically that the requested export doesn't exist.

Import traces:
  Server Component:
    ./src/components/site/site-icons.tsx
    ./src/app/page.tsx

  Client Component Browser:
    ./src/components/site/site-icons.tsx [Client Component Browser]
    ./src/components/site/site-canvas-desktop.tsx [Client Component Browser]
    ./src/components/site/site-canvas-desktop.tsx [Server Component]
    ./src/components/site/site-canvas.tsx [Server Component]
    ./src/app/page.tsx [Server Component]

  Client Component SSR:
    ./src/components/site/site-icons.tsx [Client Component SSR]
    ./src/components/site/site-canvas-desktop.tsx [Client Component SSR]
    ./src/components/site/site-canvas-desktop.tsx [Server Component]
    ./src/components/site/site-canvas.tsx [Server Component]
    ./src/app/page.tsx [Server Component] @ http://localhost:3000/_next/static/chunks/node_modules_next_dist_0u_w_5s._.js:1945
[ 1816489ms] [ERROR] ./src/components/site/site-icons.tsx:2:1
Export Linkedin doesn't exist in target module
   1 | import type { SVGProps } from "react";
>  2 | import {
     | ^^^^^^^
>  3 |   AppWindow,
     | ^^^^^^^^^^^^
>  4 |   ArrowUpRight,
     | ^^^^^^^^^^^^^^^
>  5 |   BookOpen,
     | ^^^^^^^^^^^
>  6 |   BriefcaseBusiness,
     | ^^^^^^^^^^^^^^^^^^^^
>  7 |   Camera,
     | ^^^^^^^^^
>  8 |   Code2,
     | ^^^^^^^^
>  9 |   Github,
     | ^^^^^^^^^
> 10 |   Home,
     | ^^^^^^^
> 11 |   Linkedin,
     | ^^^^^^^^^^^
> 12 |   Mail,
     | ^^^^^^^
> 13 |   Menu,
     | ^^^^^^^
> 14 |   Palette,
     | ^^^^^^^^^^
> 15 |   Video,
     | ^^^^^^^^
> 16 |   X,
     | ^^^^
> 17 |   type LucideIcon,
     | ^^^^^^^^^^^^^^^^^^
> 18 | } from "lucide-react";
     | ^^^^^^^^^^^^^^^^^^^^^^
  19 |
  20 | import type { IconKey } from "@/lib/site-data";
  21 |

The export Linkedin was not found in module [project]/node_modules/lucide-react/dist/esm/lucide-react.mjs [app-ssr] (ecmascript).
Did you mean to import Link?
All exports of the module are statically known (It doesn't have dynamic exports). So it's known statically that the requested export doesn't exist.

Import traces:
  Server Component:
    ./src/components/site/site-icons.tsx
    ./src/app/page.tsx

  Client Component Browser:
    ./src/components/site/site-icons.tsx [Client Component Browser]
    ./src/components/site/site-canvas-desktop.tsx [Client Component Browser]
    ./src/components/site/site-canvas-desktop.tsx [Server Component]
    ./src/components/site/site-canvas.tsx [Server Component]
    ./src/app/page.tsx [Server Component]

  Client Component SSR:
    ./src/components/site/site-icons.tsx [Client Component SSR]
    ./src/components/site/site-canvas-desktop.tsx [Client Component SSR]
    ./src/components/site/site-canvas-desktop.tsx [Server Component]
    ./src/components/site/site-canvas.tsx [Server Component]
    ./src/app/page.tsx [Server Component] @ http://localhost:3000/_next/static/chunks/node_modules_next_dist_0u_w_5s._.js:1945
[ 1816489ms] [ERROR] ./src/app/page.tsx:7:1
Export shelves doesn't exist in target module
   5 | import { Button } from "@/components/ui/button";
   6 | import { Separator } from "@/components/ui/separator";
>  7 | import { contactLink, heroCopy, shelves, socialChannels } from "@/lib/site-data";
     | ^^^^^^^^^^^^^^^^^^^^^^^^^^^^^^^^^^^^^^^^^^^^^^^^^^^^^^^^^^^^^^^^^^^^^^^^^^^^^^^^^
   8 |
   9 | const profileLinks = socialChannels.filter(
  10 |   (channel) => channel.label !== "Email",

The export shelves was not found in module [project]/src/lib/site-data.ts [app-rsc] (ecmascript).
Did you mean to import shelfRecords?
All exports of the module are statically known (It doesn't have dynamic exports). So it's known statically that the requested export doesn't exist. @ http://localhost:3000/_next/static/chunks/node_modules_next_dist_0u_w_5s._.js:1945
[ 1816612ms] [ERROR] ./src/components/site/site-canvas.tsx:7:27
`ssr: false` is not allowed with `next/dynamic` in Server Components. Please move it into a Client Component.
   5 | import { cn } from "@/lib/utils";
   6 |
>  7 | const SiteCanvasDesktop = dynamic(
     |                           ^^^^^^^
>  8 |   () =>
     | ^^^^^^^
>  9 |     import("@/components/site/site-canvas-desktop").then(
     | ^^^^^^^^^^^^^^^^^^^^^^^^^^^^^^^^^^^^^^^^^^^^^^^^^^^^^^^^^
> 10 |       (mod) => mod.SiteCanvasDesktop,
     | ^^^^^^^^^^^^^^^^^^^^^^^^^^^^^^^^^^^^^
> 11 |     ),
     | ^^^^^^
> 12 |   {
     | ^^^
> 13 |     ssr: false,
     | ^^^^^^^^^^^^^^^
> 14 |     loading: () => (
     | ^^^^^^^^^^^^^^^^^^^^
> 15 |       <div
     | ^^^^^^^^^^
> 16 |         className="hidden min-h-[560px] rounded-[1.5rem] border border-border bg-backgroun...
     | ^^^^^^^^^^^^^^^^^^^^^^^^^^^^^^^^^^^^^^^^^^^^^^^^^^^^^^^^^^^^^^^^^^^^^^^^^^^^^^^^^^^^^^^^^^^^^
> 17 |         aria-hidden
     | ^^^^^^^^^^^^^^^^^^^
> 18 |       />
     | ^^^^^^^^
> 19 |     ),
     | ^^^^^^
> 20 |   },
     | ^^^^
> 21 | );
     | ^
  22 |
  23 | const accentClasses = {
  24 |   ink: "border-foreground/45 text-foreground",

Ecmascript file had an error

Import trace:
  Server Component:
    ./src/components/site/site-canvas.tsx
    ./src/app/page.tsx @ http://localhost:3000/_next/static/chunks/node_modules_next_dist_0u_w_5s._.js:1945
[ 1816613ms] [ERROR] ./src/components/site/site-icons.tsx:2:1
Export Github doesn't exist in target module
   1 | import type { SVGProps } from "react";
>  2 | import {
     | ^^^^^^^
>  3 |   AppWindow,
     | ^^^^^^^^^^^^
>  4 |   ArrowUpRight,
     | ^^^^^^^^^^^^^^^
>  5 |   BookOpen,
     | ^^^^^^^^^^^
>  6 |   BriefcaseBusiness,
     | ^^^^^^^^^^^^^^^^^^^^
>  7 |   Camera,
     | ^^^^^^^^^
>  8 |   Code2,
     | ^^^^^^^^
>  9 |   Github,
     | ^^^^^^^^^
> 10 |   Home,
     | ^^^^^^^
> 11 |   Linkedin,
     | ^^^^^^^^^^^
> 12 |   Mail,
     | ^^^^^^^
> 13 |   Menu,
     | ^^^^^^^
> 14 |   Palette,
     | ^^^^^^^^^^
> 15 |   Video,
     | ^^^^^^^^
> 16 |   X,
     | ^^^^
> 17 |   type LucideIcon,
     | ^^^^^^^^^^^^^^^^^^
> 18 | } from "lucide-react";
     | ^^^^^^^^^^^^^^^^^^^^^^
  19 |
  20 | import type { IconKey } from "@/lib/site-data";
  21 |

The export Github was not found in module [project]/node_modules/lucide-react/dist/esm/lucide-react.mjs [app-client] (ecmascript).
Did you mean to import Gift?
All exports of the module are statically known (It doesn't have dynamic exports). So it's known statically that the requested export doesn't exist.

Import traces:
  Server Component:
    ./src/components/site/site-icons.tsx
    ./src/app/page.tsx

  Client Component Browser:
    ./src/components/site/site-icons.tsx [Client Component Browser]
    ./src/components/site/site-canvas-desktop.tsx [Client Component Browser]
    ./src/components/site/site-canvas-desktop.tsx [Server Component]
    ./src/components/site/site-canvas.tsx [Server Component]
    ./src/app/page.tsx [Server Component]

  Client Component SSR:
    ./src/components/site/site-icons.tsx [Client Component SSR]
    ./src/components/site/site-canvas-desktop.tsx [Client Component SSR]
    ./src/components/site/site-canvas-desktop.tsx [Server Component]
    ./src/components/site/site-canvas.tsx [Server Component]
    ./src/app/page.tsx [Server Component] @ http://localhost:3000/_next/static/chunks/node_modules_next_dist_0u_w_5s._.js:1945
[ 1816613ms] [ERROR] ./src/components/site/site-icons.tsx:2:1
Export Github doesn't exist in target module
   1 | import type { SVGProps } from "react";
>  2 | import {
     | ^^^^^^^
>  3 |   AppWindow,
     | ^^^^^^^^^^^^
>  4 |   ArrowUpRight,
     | ^^^^^^^^^^^^^^^
>  5 |   BookOpen,
     | ^^^^^^^^^^^
>  6 |   BriefcaseBusiness,
     | ^^^^^^^^^^^^^^^^^^^^
>  7 |   Camera,
     | ^^^^^^^^^
>  8 |   Code2,
     | ^^^^^^^^
>  9 |   Github,
     | ^^^^^^^^^
> 10 |   Home,
     | ^^^^^^^
> 11 |   Linkedin,
     | ^^^^^^^^^^^
> 12 |   Mail,
     | ^^^^^^^
> 13 |   Menu,
     | ^^^^^^^
> 14 |   Palette,
     | ^^^^^^^^^^
> 15 |   Video,
     | ^^^^^^^^
> 16 |   X,
     | ^^^^
> 17 |   type LucideIcon,
     | ^^^^^^^^^^^^^^^^^^
> 18 | } from "lucide-react";
     | ^^^^^^^^^^^^^^^^^^^^^^
  19 |
  20 | import type { IconKey } from "@/lib/site-data";
  21 |

The export Github was not found in module [project]/node_modules/lucide-react/dist/esm/lucide-react.mjs [app-rsc] (ecmascript).
Did you mean to import Gift?
All exports of the module are statically known (It doesn't have dynamic exports). So it's known statically that the requested export doesn't exist.

Import traces:
  Server Component:
    ./src/components/site/site-icons.tsx
    ./src/app/page.tsx

  Client Component Browser:
    ./src/components/site/site-icons.tsx [Client Component Browser]
    ./src/components/site/site-canvas-desktop.tsx [Client Component Browser]
    ./src/components/site/site-canvas-desktop.tsx [Server Component]
    ./src/components/site/site-canvas.tsx [Server Component]
    ./src/app/page.tsx [Server Component]

  Client Component SSR:
    ./src/components/site/site-icons.tsx [Client Component SSR]
    ./src/components/site/site-canvas-desktop.tsx [Client Component SSR]
    ./src/components/site/site-canvas-desktop.tsx [Server Component]
    ./src/components/site/site-canvas.tsx [Server Component]
    ./src/app/page.tsx [Server Component] @ http://localhost:3000/_next/static/chunks/node_modules_next_dist_0u_w_5s._.js:1945
[ 1816613ms] [ERROR] ./src/components/site/site-icons.tsx:2:1
Export Github doesn't exist in target module
   1 | import type { SVGProps } from "react";
>  2 | import {
     | ^^^^^^^
>  3 |   AppWindow,
     | ^^^^^^^^^^^^
>  4 |   ArrowUpRight,
     | ^^^^^^^^^^^^^^^
>  5 |   BookOpen,
     | ^^^^^^^^^^^
>  6 |   BriefcaseBusiness,
     | ^^^^^^^^^^^^^^^^^^^^
>  7 |   Camera,
     | ^^^^^^^^^
>  8 |   Code2,
     | ^^^^^^^^
>  9 |   Github,
     | ^^^^^^^^^
> 10 |   Home,
     | ^^^^^^^
> 11 |   Linkedin,
     | ^^^^^^^^^^^
> 12 |   Mail,
     | ^^^^^^^
> 13 |   Menu,
     | ^^^^^^^
> 14 |   Palette,
     | ^^^^^^^^^^
> 15 |   Video,
     | ^^^^^^^^
> 16 |   X,
     | ^^^^
> 17 |   type LucideIcon,
     | ^^^^^^^^^^^^^^^^^^
> 18 | } from "lucide-react";
     | ^^^^^^^^^^^^^^^^^^^^^^
  19 |
  20 | import type { IconKey } from "@/lib/site-data";
  21 |

The export Github was not found in module [project]/node_modules/lucide-react/dist/esm/lucide-react.mjs [app-ssr] (ecmascript).
Did you mean to import Gift?
All exports of the module are statically known (It doesn't have dynamic exports). So it's known statically that the requested export doesn't exist.

Import traces:
  Server Component:
    ./src/components/site/site-icons.tsx
    ./src/app/page.tsx

  Client Component Browser:
    ./src/components/site/site-icons.tsx [Client Component Browser]
    ./src/components/site/site-canvas-desktop.tsx [Client Component Browser]
    ./src/components/site/site-canvas-desktop.tsx [Server Component]
    ./src/components/site/site-canvas.tsx [Server Component]
    ./src/app/page.tsx [Server Component]

  Client Component SSR:
    ./src/components/site/site-icons.tsx [Client Component SSR]
    ./src/components/site/site-canvas-desktop.tsx [Client Component SSR]
    ./src/components/site/site-canvas-desktop.tsx [Server Component]
    ./src/components/site/site-canvas.tsx [Server Component]
    ./src/app/page.tsx [Server Component] @ http://localhost:3000/_next/static/chunks/node_modules_next_dist_0u_w_5s._.js:1945
[ 1816613ms] [ERROR] ./src/components/site/site-icons.tsx:2:1
Export Linkedin doesn't exist in target module
   1 | import type { SVGProps } from "react";
>  2 | import {
     | ^^^^^^^
>  3 |   AppWindow,
     | ^^^^^^^^^^^^
>  4 |   ArrowUpRight,
     | ^^^^^^^^^^^^^^^
>  5 |   BookOpen,
     | ^^^^^^^^^^^
>  6 |   BriefcaseBusiness,
     | ^^^^^^^^^^^^^^^^^^^^
>  7 |   Camera,
     | ^^^^^^^^^
>  8 |   Code2,
     | ^^^^^^^^
>  9 |   Github,
     | ^^^^^^^^^
> 10 |   Home,
     | ^^^^^^^
> 11 |   Linkedin,
     | ^^^^^^^^^^^
> 12 |   Mail,
     | ^^^^^^^
> 13 |   Menu,
     | ^^^^^^^
> 14 |   Palette,
     | ^^^^^^^^^^
> 15 |   Video,
     | ^^^^^^^^
> 16 |   X,
     | ^^^^
> 17 |   type LucideIcon,
     | ^^^^^^^^^^^^^^^^^^
> 18 | } from "lucide-react";
     | ^^^^^^^^^^^^^^^^^^^^^^
  19 |
  20 | import type { IconKey } from "@/lib/site-data";
  21 |

The export Linkedin was not found in module [project]/node_modules/lucide-react/dist/esm/lucide-react.mjs [app-client] (ecmascript).
Did you mean to import Link?
All exports of the module are statically known (It doesn't have dynamic exports). So it's known statically that the requested export doesn't exist.

Import traces:
  Server Component:
    ./src/components/site/site-icons.tsx
    ./src/app/page.tsx

  Client Component Browser:
    ./src/components/site/site-icons.tsx [Client Component Browser]
    ./src/components/site/site-canvas-desktop.tsx [Client Component Browser]
    ./src/components/site/site-canvas-desktop.tsx [Server Component]
    ./src/components/site/site-canvas.tsx [Server Component]
    ./src/app/page.tsx [Server Component]

  Client Component SSR:
    ./src/components/site/site-icons.tsx [Client Component SSR]
    ./src/components/site/site-canvas-desktop.tsx [Client Component SSR]
    ./src/components/site/site-canvas-desktop.tsx [Server Component]
    ./src/components/site/site-canvas.tsx [Server Component]
    ./src/app/page.tsx [Server Component] @ http://localhost:3000/_next/static/chunks/node_modules_next_dist_0u_w_5s._.js:1945
[ 1816613ms] [ERROR] ./src/components/site/site-icons.tsx:2:1
Export Linkedin doesn't exist in target module
   1 | import type { SVGProps } from "react";
>  2 | import {
     | ^^^^^^^
>  3 |   AppWindow,
     | ^^^^^^^^^^^^
>  4 |   ArrowUpRight,
     | ^^^^^^^^^^^^^^^
>  5 |   BookOpen,
     | ^^^^^^^^^^^
>  6 |   BriefcaseBusiness,
     | ^^^^^^^^^^^^^^^^^^^^
>  7 |   Camera,
     | ^^^^^^^^^
>  8 |   Code2,
     | ^^^^^^^^
>  9 |   Github,
     | ^^^^^^^^^
> 10 |   Home,
     | ^^^^^^^
> 11 |   Linkedin,
     | ^^^^^^^^^^^
> 12 |   Mail,
     | ^^^^^^^
> 13 |   Menu,
     | ^^^^^^^
> 14 |   Palette,
     | ^^^^^^^^^^
> 15 |   Video,
     | ^^^^^^^^
> 16 |   X,
     | ^^^^
> 17 |   type LucideIcon,
     | ^^^^^^^^^^^^^^^^^^
> 18 | } from "lucide-react";
     | ^^^^^^^^^^^^^^^^^^^^^^
  19 |
  20 | import type { IconKey } from "@/lib/site-data";
  21 |

The export Linkedin was not found in module [project]/node_modules/lucide-react/dist/esm/lucide-react.mjs [app-rsc] (ecmascript).
Did you mean to import Link?
All exports of the module are statically known (It doesn't have dynamic exports). So it's known statically that the requested export doesn't exist.

Import traces:
  Server Component:
    ./src/components/site/site-icons.tsx
    ./src/app/page.tsx

  Client Component Browser:
    ./src/components/site/site-icons.tsx [Client Component Browser]
    ./src/components/site/site-canvas-desktop.tsx [Client Component Browser]
    ./src/components/site/site-canvas-desktop.tsx [Server Component]
    ./src/components/site/site-canvas.tsx [Server Component]
    ./src/app/page.tsx [Server Component]

  Client Component SSR:
    ./src/components/site/site-icons.tsx [Client Component SSR]
    ./src/components/site/site-canvas-desktop.tsx [Client Component SSR]
    ./src/components/site/site-canvas-desktop.tsx [Server Component]
    ./src/components/site/site-canvas.tsx [Server Component]
    ./src/app/page.tsx [Server Component] @ http://localhost:3000/_next/static/chunks/node_modules_next_dist_0u_w_5s._.js:1945
[ 1816613ms] [ERROR] ./src/components/site/site-icons.tsx:2:1
Export Linkedin doesn't exist in target module
   1 | import type { SVGProps } from "react";
>  2 | import {
     | ^^^^^^^
>  3 |   AppWindow,
     | ^^^^^^^^^^^^
>  4 |   ArrowUpRight,
     | ^^^^^^^^^^^^^^^
>  5 |   BookOpen,
     | ^^^^^^^^^^^
>  6 |   BriefcaseBusiness,
     | ^^^^^^^^^^^^^^^^^^^^
>  7 |   Camera,
     | ^^^^^^^^^
>  8 |   Code2,
     | ^^^^^^^^
>  9 |   Github,
     | ^^^^^^^^^
> 10 |   Home,
     | ^^^^^^^
> 11 |   Linkedin,
     | ^^^^^^^^^^^
> 12 |   Mail,
     | ^^^^^^^
> 13 |   Menu,
     | ^^^^^^^
> 14 |   Palette,
     | ^^^^^^^^^^
> 15 |   Video,
     | ^^^^^^^^
> 16 |   X,
     | ^^^^
> 17 |   type LucideIcon,
     | ^^^^^^^^^^^^^^^^^^
> 18 | } from "lucide-react";
     | ^^^^^^^^^^^^^^^^^^^^^^
  19 |
  20 | import type { IconKey } from "@/lib/site-data";
  21 |

The export Linkedin was not found in module [project]/node_modules/lucide-react/dist/esm/lucide-react.mjs [app-ssr] (ecmascript).
Did you mean to import Link?
All exports of the module are statically known (It doesn't have dynamic exports). So it's known statically that the requested export doesn't exist.

Import traces:
  Server Component:
    ./src/components/site/site-icons.tsx
    ./src/app/page.tsx

  Client Component Browser:
    ./src/components/site/site-icons.tsx [Client Component Browser]
    ./src/components/site/site-canvas-desktop.tsx [Client Component Browser]
    ./src/components/site/site-canvas-desktop.tsx [Server Component]
    ./src/components/site/site-canvas.tsx [Server Component]
    ./src/app/page.tsx [Server Component]

  Client Component SSR:
    ./src/components/site/site-icons.tsx [Client Component SSR]
    ./src/components/site/site-canvas-desktop.tsx [Client Component SSR]
    ./src/components/site/site-canvas-desktop.tsx [Server Component]
    ./src/components/site/site-canvas.tsx [Server Component]
    ./src/app/page.tsx [Server Component] @ http://localhost:3000/_next/static/chunks/node_modules_next_dist_0u_w_5s._.js:1945
[ 1816613ms] [ERROR] ./src/app/page.tsx:7:1
Export shelves doesn't exist in target module
   5 | import { Button } from "@/components/ui/button";
   6 | import { Separator } from "@/components/ui/separator";
>  7 | import { contactLink, heroCopy, shelves, socialChannels } from "@/lib/site-data";
     | ^^^^^^^^^^^^^^^^^^^^^^^^^^^^^^^^^^^^^^^^^^^^^^^^^^^^^^^^^^^^^^^^^^^^^^^^^^^^^^^^^
   8 |
   9 | const profileLinks = socialChannels.filter(
  10 |   (channel) => channel.label !== "Email",

The export shelves was not found in module [project]/src/lib/site-data.ts [app-rsc] (ecmascript).
Did you mean to import shelfRecords?
All exports of the module are statically known (It doesn't have dynamic exports). So it's known statically that the requested export doesn't exist. @ http://localhost:3000/_next/static/chunks/node_modules_next_dist_0u_w_5s._.js:1945
[ 1816671ms] [ERROR] ./src/components/site/site-canvas.tsx:7:27
`ssr: false` is not allowed with `next/dynamic` in Server Components. Please move it into a Client Component.
   5 | import { cn } from "@/lib/utils";
   6 |
>  7 | const SiteCanvasDesktop = dynamic(
     |                           ^^^^^^^
>  8 |   () =>
     | ^^^^^^^
>  9 |     import("@/components/site/site-canvas-desktop").then(
     | ^^^^^^^^^^^^^^^^^^^^^^^^^^^^^^^^^^^^^^^^^^^^^^^^^^^^^^^^^
> 10 |       (mod) => mod.SiteCanvasDesktop,
     | ^^^^^^^^^^^^^^^^^^^^^^^^^^^^^^^^^^^^^
> 11 |     ),
     | ^^^^^^
> 12 |   {
     | ^^^
> 13 |     ssr: false,
     | ^^^^^^^^^^^^^^^
> 14 |     loading: () => (
     | ^^^^^^^^^^^^^^^^^^^^
> 15 |       <div
     | ^^^^^^^^^^
> 16 |         className="hidden min-h-[560px] rounded-[1.5rem] border border-border bg-backgroun...
     | ^^^^^^^^^^^^^^^^^^^^^^^^^^^^^^^^^^^^^^^^^^^^^^^^^^^^^^^^^^^^^^^^^^^^^^^^^^^^^^^^^^^^^^^^^^^^^
> 17 |         aria-hidden
     | ^^^^^^^^^^^^^^^^^^^
> 18 |       />
     | ^^^^^^^^
> 19 |     ),
     | ^^^^^^
> 20 |   },
     | ^^^^
> 21 | );
     | ^
  22 |
  23 | const accentClasses = {
  24 |   ink: "border-foreground/45 text-foreground",

Ecmascript file had an error

Import trace:
  Server Component:
    ./src/components/site/site-canvas.tsx
    ./src/app/page.tsx @ http://localhost:3000/_next/static/chunks/node_modules_next_dist_0u_w_5s._.js:1945
[ 1816671ms] [ERROR] ./src/components/site/site-icons.tsx:2:1
Export Github doesn't exist in target module
   1 | import type { SVGProps } from "react";
>  2 | import {
     | ^^^^^^^
>  3 |   AppWindow,
     | ^^^^^^^^^^^^
>  4 |   ArrowUpRight,
     | ^^^^^^^^^^^^^^^
>  5 |   BookOpen,
     | ^^^^^^^^^^^
>  6 |   BriefcaseBusiness,
     | ^^^^^^^^^^^^^^^^^^^^
>  7 |   Camera,
     | ^^^^^^^^^
>  8 |   Code2,
     | ^^^^^^^^
>  9 |   Github,
     | ^^^^^^^^^
> 10 |   Home,
     | ^^^^^^^
> 11 |   Linkedin,
     | ^^^^^^^^^^^
> 12 |   Mail,
     | ^^^^^^^
> 13 |   Menu,
     | ^^^^^^^
> 14 |   Palette,
     | ^^^^^^^^^^
> 15 |   Video,
     | ^^^^^^^^
> 16 |   X,
     | ^^^^
> 17 |   type LucideIcon,
     | ^^^^^^^^^^^^^^^^^^
> 18 | } from "lucide-react";
     | ^^^^^^^^^^^^^^^^^^^^^^
  19 |
  20 | import type { IconKey } from "@/lib/site-data";
  21 |

The export Github was not found in module [project]/node_modules/lucide-react/dist/esm/lucide-react.mjs [app-client] (ecmascript).
Did you mean to import Gift?
All exports of the module are statically known (It doesn't have dynamic exports). So it's known statically that the requested export doesn't exist.

Import traces:
  Server Component:
    ./src/components/site/site-icons.tsx
    ./src/app/page.tsx

  Client Component Browser:
    ./src/components/site/site-icons.tsx [Client Component Browser]
    ./src/components/site/site-canvas-desktop.tsx [Client Component Browser]
    ./src/components/site/site-canvas-desktop.tsx [Server Component]
    ./src/components/site/site-canvas.tsx [Server Component]
    ./src/app/page.tsx [Server Component]

  Client Component SSR:
    ./src/components/site/site-icons.tsx [Client Component SSR]
    ./src/components/site/site-canvas-desktop.tsx [Client Component SSR]
    ./src/components/site/site-canvas-desktop.tsx [Server Component]
    ./src/components/site/site-canvas.tsx [Server Component]
    ./src/app/page.tsx [Server Component] @ http://localhost:3000/_next/static/chunks/node_modules_next_dist_0u_w_5s._.js:1945
[ 1816671ms] [ERROR] ./src/components/site/site-icons.tsx:2:1
Export Github doesn't exist in target module
   1 | import type { SVGProps } from "react";
>  2 | import {
     | ^^^^^^^
>  3 |   AppWindow,
     | ^^^^^^^^^^^^
>  4 |   ArrowUpRight,
     | ^^^^^^^^^^^^^^^
>  5 |   BookOpen,
     | ^^^^^^^^^^^
>  6 |   BriefcaseBusiness,
     | ^^^^^^^^^^^^^^^^^^^^
>  7 |   Camera,
     | ^^^^^^^^^
>  8 |   Code2,
     | ^^^^^^^^
>  9 |   Github,
     | ^^^^^^^^^
> 10 |   Home,
     | ^^^^^^^
> 11 |   Linkedin,
     | ^^^^^^^^^^^
> 12 |   Mail,
     | ^^^^^^^
> 13 |   Menu,
     | ^^^^^^^
> 14 |   Palette,
     | ^^^^^^^^^^
> 15 |   Video,
     | ^^^^^^^^
> 16 |   X,
     | ^^^^
> 17 |   type LucideIcon,
     | ^^^^^^^^^^^^^^^^^^
> 18 | } from "lucide-react";
     | ^^^^^^^^^^^^^^^^^^^^^^
  19 |
  20 | import type { IconKey } from "@/lib/site-data";
  21 |

The export Github was not found in module [project]/node_modules/lucide-react/dist/esm/lucide-react.mjs [app-rsc] (ecmascript).
Did you mean to import Gift?
All exports of the module are statically known (It doesn't have dynamic exports). So it's known statically that the requested export doesn't exist.

Import traces:
  Server Component:
    ./src/components/site/site-icons.tsx
    ./src/app/page.tsx

  Client Component Browser:
    ./src/components/site/site-icons.tsx [Client Component Browser]
    ./src/components/site/site-canvas-desktop.tsx [Client Component Browser]
    ./src/components/site/site-canvas-desktop.tsx [Server Component]
    ./src/components/site/site-canvas.tsx [Server Component]
    ./src/app/page.tsx [Server Component]

  Client Component SSR:
    ./src/components/site/site-icons.tsx [Client Component SSR]
    ./src/components/site/site-canvas-desktop.tsx [Client Component SSR]
    ./src/components/site/site-canvas-desktop.tsx [Server Component]
    ./src/components/site/site-canvas.tsx [Server Component]
    ./src/app/page.tsx [Server Component] @ http://localhost:3000/_next/static/chunks/node_modules_next_dist_0u_w_5s._.js:1945
[ 1816671ms] [ERROR] ./src/components/site/site-icons.tsx:2:1
Export Github doesn't exist in target module
   1 | import type { SVGProps } from "react";
>  2 | import {
     | ^^^^^^^
>  3 |   AppWindow,
     | ^^^^^^^^^^^^
>  4 |   ArrowUpRight,
     | ^^^^^^^^^^^^^^^
>  5 |   BookOpen,
     | ^^^^^^^^^^^
>  6 |   BriefcaseBusiness,
     | ^^^^^^^^^^^^^^^^^^^^
>  7 |   Camera,
     | ^^^^^^^^^
>  8 |   Code2,
     | ^^^^^^^^
>  9 |   Github,
     | ^^^^^^^^^
> 10 |   Home,
     | ^^^^^^^
> 11 |   Linkedin,
     | ^^^^^^^^^^^
> 12 |   Mail,
     | ^^^^^^^
> 13 |   Menu,
     | ^^^^^^^
> 14 |   Palette,
     | ^^^^^^^^^^
> 15 |   Video,
     | ^^^^^^^^
> 16 |   X,
     | ^^^^
> 17 |   type LucideIcon,
     | ^^^^^^^^^^^^^^^^^^
> 18 | } from "lucide-react";
     | ^^^^^^^^^^^^^^^^^^^^^^
  19 |
  20 | import type { IconKey } from "@/lib/site-data";
  21 |

The export Github was not found in module [project]/node_modules/lucide-react/dist/esm/lucide-react.mjs [app-ssr] (ecmascript).
Did you mean to import Gift?
All exports of the module are statically known (It doesn't have dynamic exports). So it's known statically that the requested export doesn't exist.

Import traces:
  Server Component:
    ./src/components/site/site-icons.tsx
    ./src/app/page.tsx

  Client Component Browser:
    ./src/components/site/site-icons.tsx [Client Component Browser]
    ./src/components/site/site-canvas-desktop.tsx [Client Component Browser]
    ./src/components/site/site-canvas-desktop.tsx [Server Component]
    ./src/components/site/site-canvas.tsx [Server Component]
    ./src/app/page.tsx [Server Component]

  Client Component SSR:
    ./src/components/site/site-icons.tsx [Client Component SSR]
    ./src/components/site/site-canvas-desktop.tsx [Client Component SSR]
    ./src/components/site/site-canvas-desktop.tsx [Server Component]
    ./src/components/site/site-canvas.tsx [Server Component]
    ./src/app/page.tsx [Server Component] @ http://localhost:3000/_next/static/chunks/node_modules_next_dist_0u_w_5s._.js:1945
[ 1816671ms] [ERROR] ./src/components/site/site-icons.tsx:2:1
Export Linkedin doesn't exist in target module
   1 | import type { SVGProps } from "react";
>  2 | import {
     | ^^^^^^^
>  3 |   AppWindow,
     | ^^^^^^^^^^^^
>  4 |   ArrowUpRight,
     | ^^^^^^^^^^^^^^^
>  5 |   BookOpen,
     | ^^^^^^^^^^^
>  6 |   BriefcaseBusiness,
     | ^^^^^^^^^^^^^^^^^^^^
>  7 |   Camera,
     | ^^^^^^^^^
>  8 |   Code2,
     | ^^^^^^^^
>  9 |   Github,
     | ^^^^^^^^^
> 10 |   Home,
     | ^^^^^^^
> 11 |   Linkedin,
     | ^^^^^^^^^^^
> 12 |   Mail,
     | ^^^^^^^
> 13 |   Menu,
     | ^^^^^^^
> 14 |   Palette,
     | ^^^^^^^^^^
> 15 |   Video,
     | ^^^^^^^^
> 16 |   X,
     | ^^^^
> 17 |   type LucideIcon,
     | ^^^^^^^^^^^^^^^^^^
> 18 | } from "lucide-react";
     | ^^^^^^^^^^^^^^^^^^^^^^
  19 |
  20 | import type { IconKey } from "@/lib/site-data";
  21 |

The export Linkedin was not found in module [project]/node_modules/lucide-react/dist/esm/lucide-react.mjs [app-client] (ecmascript).
Did you mean to import Link?
All exports of the module are statically known (It doesn't have dynamic exports). So it's known statically that the requested export doesn't exist.

Import traces:
  Server Component:
    ./src/components/site/site-icons.tsx
    ./src/app/page.tsx

  Client Component Browser:
    ./src/components/site/site-icons.tsx [Client Component Browser]
    ./src/components/site/site-canvas-desktop.tsx [Client Component Browser]
    ./src/components/site/site-canvas-desktop.tsx [Server Component]
    ./src/components/site/site-canvas.tsx [Server Component]
    ./src/app/page.tsx [Server Component]

  Client Component SSR:
    ./src/components/site/site-icons.tsx [Client Component SSR]
    ./src/components/site/site-canvas-desktop.tsx [Client Component SSR]
    ./src/components/site/site-canvas-desktop.tsx [Server Component]
    ./src/components/site/site-canvas.tsx [Server Component]
    ./src/app/page.tsx [Server Component] @ http://localhost:3000/_next/static/chunks/node_modules_next_dist_0u_w_5s._.js:1945
[ 1816671ms] [ERROR] ./src/components/site/site-icons.tsx:2:1
Export Linkedin doesn't exist in target module
   1 | import type { SVGProps } from "react";
>  2 | import {
     | ^^^^^^^
>  3 |   AppWindow,
     | ^^^^^^^^^^^^
>  4 |   ArrowUpRight,
     | ^^^^^^^^^^^^^^^
>  5 |   BookOpen,
     | ^^^^^^^^^^^
>  6 |   BriefcaseBusiness,
     | ^^^^^^^^^^^^^^^^^^^^
>  7 |   Camera,
     | ^^^^^^^^^
>  8 |   Code2,
     | ^^^^^^^^
>  9 |   Github,
     | ^^^^^^^^^
> 10 |   Home,
     | ^^^^^^^
> 11 |   Linkedin,
     | ^^^^^^^^^^^
> 12 |   Mail,
     | ^^^^^^^
> 13 |   Menu,
     | ^^^^^^^
> 14 |   Palette,
     | ^^^^^^^^^^
> 15 |   Video,
     | ^^^^^^^^
> 16 |   X,
     | ^^^^
> 17 |   type LucideIcon,
     | ^^^^^^^^^^^^^^^^^^
> 18 | } from "lucide-react";
     | ^^^^^^^^^^^^^^^^^^^^^^
  19 |
  20 | import type { IconKey } from "@/lib/site-data";
  21 |

The export Linkedin was not found in module [project]/node_modules/lucide-react/dist/esm/lucide-react.mjs [app-rsc] (ecmascript).
Did you mean to import Link?
All exports of the module are statically known (It doesn't have dynamic exports). So it's known statically that the requested export doesn't exist.

Import traces:
  Server Component:
    ./src/components/site/site-icons.tsx
    ./src/app/page.tsx

  Client Component Browser:
    ./src/components/site/site-icons.tsx [Client Component Browser]
    ./src/components/site/site-canvas-desktop.tsx [Client Component Browser]
    ./src/components/site/site-canvas-desktop.tsx [Server Component]
    ./src/components/site/site-canvas.tsx [Server Component]
    ./src/app/page.tsx [Server Component]

  Client Component SSR:
    ./src/components/site/site-icons.tsx [Client Component SSR]
    ./src/components/site/site-canvas-desktop.tsx [Client Component SSR]
    ./src/components/site/site-canvas-desktop.tsx [Server Component]
    ./src/components/site/site-canvas.tsx [Server Component]
    ./src/app/page.tsx [Server Component] @ http://localhost:3000/_next/static/chunks/node_modules_next_dist_0u_w_5s._.js:1945
[ 1816671ms] [ERROR] ./src/components/site/site-icons.tsx:2:1
Export Linkedin doesn't exist in target module
   1 | import type { SVGProps } from "react";
>  2 | import {
     | ^^^^^^^
>  3 |   AppWindow,
     | ^^^^^^^^^^^^
>  4 |   ArrowUpRight,
     | ^^^^^^^^^^^^^^^
>  5 |   BookOpen,
     | ^^^^^^^^^^^
>  6 |   BriefcaseBusiness,
     | ^^^^^^^^^^^^^^^^^^^^
>  7 |   Camera,
     | ^^^^^^^^^
>  8 |   Code2,
     | ^^^^^^^^
>  9 |   Github,
     | ^^^^^^^^^
> 10 |   Home,
     | ^^^^^^^
> 11 |   Linkedin,
     | ^^^^^^^^^^^
> 12 |   Mail,
     | ^^^^^^^
> 13 |   Menu,
     | ^^^^^^^
> 14 |   Palette,
     | ^^^^^^^^^^
> 15 |   Video,
     | ^^^^^^^^
> 16 |   X,
     | ^^^^
> 17 |   type LucideIcon,
     | ^^^^^^^^^^^^^^^^^^
> 18 | } from "lucide-react";
     | ^^^^^^^^^^^^^^^^^^^^^^
  19 |
  20 | import type { IconKey } from "@/lib/site-data";
  21 |

The export Linkedin was not found in module [project]/node_modules/lucide-react/dist/esm/lucide-react.mjs [app-ssr] (ecmascript).
Did you mean to import Link?
All exports of the module are statically known (It doesn't have dynamic exports). So it's known statically that the requested export doesn't exist.

Import traces:
  Server Component:
    ./src/components/site/site-icons.tsx
    ./src/app/page.tsx

  Client Component Browser:
    ./src/components/site/site-icons.tsx [Client Component Browser]
    ./src/components/site/site-canvas-desktop.tsx [Client Component Browser]
    ./src/components/site/site-canvas-desktop.tsx [Server Component]
    ./src/components/site/site-canvas.tsx [Server Component]
    ./src/app/page.tsx [Server Component]

  Client Component SSR:
    ./src/components/site/site-icons.tsx [Client Component SSR]
    ./src/components/site/site-canvas-desktop.tsx [Client Component SSR]
    ./src/components/site/site-canvas-desktop.tsx [Server Component]
    ./src/components/site/site-canvas.tsx [Server Component]
    ./src/app/page.tsx [Server Component] @ http://localhost:3000/_next/static/chunks/node_modules_next_dist_0u_w_5s._.js:1945
[ 1816671ms] [ERROR] ./src/app/page.tsx:7:1
Export shelves doesn't exist in target module
   5 | import { Button } from "@/components/ui/button";
   6 | import { Separator } from "@/components/ui/separator";
>  7 | import { contactLink, heroCopy, shelves, socialChannels } from "@/lib/site-data";
     | ^^^^^^^^^^^^^^^^^^^^^^^^^^^^^^^^^^^^^^^^^^^^^^^^^^^^^^^^^^^^^^^^^^^^^^^^^^^^^^^^^
   8 |
   9 | const profileLinks = socialChannels.filter(
  10 |   (channel) => channel.label !== "Email",

The export shelves was not found in module [project]/src/lib/site-data.ts [app-rsc] (ecmascript).
Did you mean to import shelfRecords?
All exports of the module are statically known (It doesn't have dynamic exports). So it's known statically that the requested export doesn't exist. @ http://localhost:3000/_next/static/chunks/node_modules_next_dist_0u_w_5s._.js:1945
[ 1816752ms] [ERROR] ./src/components/site/site-canvas.tsx:7:27
`ssr: false` is not allowed with `next/dynamic` in Server Components. Please move it into a Client Component.
   5 | import { cn } from "@/lib/utils";
   6 |
>  7 | const SiteCanvasDesktop = dynamic(
     |                           ^^^^^^^
>  8 |   () =>
     | ^^^^^^^
>  9 |     import("@/components/site/site-canvas-desktop").then(
     | ^^^^^^^^^^^^^^^^^^^^^^^^^^^^^^^^^^^^^^^^^^^^^^^^^^^^^^^^^
> 10 |       (mod) => mod.SiteCanvasDesktop,
     | ^^^^^^^^^^^^^^^^^^^^^^^^^^^^^^^^^^^^^
> 11 |     ),
     | ^^^^^^
> 12 |   {
     | ^^^
> 13 |     ssr: false,
     | ^^^^^^^^^^^^^^^
> 14 |     loading: () => (
     | ^^^^^^^^^^^^^^^^^^^^
> 15 |       <div
     | ^^^^^^^^^^
> 16 |         className="hidden min-h-[560px] rounded-[1.5rem] border border-border bg-backgroun...
     | ^^^^^^^^^^^^^^^^^^^^^^^^^^^^^^^^^^^^^^^^^^^^^^^^^^^^^^^^^^^^^^^^^^^^^^^^^^^^^^^^^^^^^^^^^^^^^
> 17 |         aria-hidden
     | ^^^^^^^^^^^^^^^^^^^
> 18 |       />
     | ^^^^^^^^
> 19 |     ),
     | ^^^^^^
> 20 |   },
     | ^^^^
> 21 | );
     | ^
  22 |
  23 | const accentClasses = {
  24 |   ink: "border-foreground/45 text-foreground",

Ecmascript file had an error

Import trace:
  Server Component:
    ./src/components/site/site-canvas.tsx
    ./src/app/page.tsx @ http://localhost:3000/_next/static/chunks/node_modules_next_dist_0u_w_5s._.js:1945
[ 1816753ms] [ERROR] ./src/components/site/site-icons.tsx:2:1
Export Github doesn't exist in target module
   1 | import type { SVGProps } from "react";
>  2 | import {
     | ^^^^^^^
>  3 |   AppWindow,
     | ^^^^^^^^^^^^
>  4 |   ArrowUpRight,
     | ^^^^^^^^^^^^^^^
>  5 |   BookOpen,
     | ^^^^^^^^^^^
>  6 |   BriefcaseBusiness,
     | ^^^^^^^^^^^^^^^^^^^^
>  7 |   Camera,
     | ^^^^^^^^^
>  8 |   Code2,
     | ^^^^^^^^
>  9 |   Github,
     | ^^^^^^^^^
> 10 |   Home,
     | ^^^^^^^
> 11 |   Linkedin,
     | ^^^^^^^^^^^
> 12 |   Mail,
     | ^^^^^^^
> 13 |   Menu,
     | ^^^^^^^
> 14 |   Palette,
     | ^^^^^^^^^^
> 15 |   Video,
     | ^^^^^^^^
> 16 |   X,
     | ^^^^
> 17 |   type LucideIcon,
     | ^^^^^^^^^^^^^^^^^^
> 18 | } from "lucide-react";
     | ^^^^^^^^^^^^^^^^^^^^^^
  19 |
  20 | import type { IconKey } from "@/lib/site-data";
  21 |

The export Github was not found in module [project]/node_modules/lucide-react/dist/esm/lucide-react.mjs [app-client] (ecmascript).
Did you mean to import Gift?
All exports of the module are statically known (It doesn't have dynamic exports). So it's known statically that the requested export doesn't exist.

Import traces:
  Server Component:
    ./src/components/site/site-icons.tsx
    ./src/app/page.tsx

  Client Component Browser:
    ./src/components/site/site-icons.tsx [Client Component Browser]
    ./src/components/site/site-canvas-desktop.tsx [Client Component Browser]
    ./src/components/site/site-canvas-desktop.tsx [Server Component]
    ./src/components/site/site-canvas.tsx [Server Component]
    ./src/app/page.tsx [Server Component]

  Client Component SSR:
    ./src/components/site/site-icons.tsx [Client Component SSR]
    ./src/components/site/site-canvas-desktop.tsx [Client Component SSR]
    ./src/components/site/site-canvas-desktop.tsx [Server Component]
    ./src/components/site/site-canvas.tsx [Server Component]
    ./src/app/page.tsx [Server Component] @ http://localhost:3000/_next/static/chunks/node_modules_next_dist_0u_w_5s._.js:1945
[ 1816753ms] [ERROR] ./src/components/site/site-icons.tsx:2:1
Export Github doesn't exist in target module
   1 | import type { SVGProps } from "react";
>  2 | import {
     | ^^^^^^^
>  3 |   AppWindow,
     | ^^^^^^^^^^^^
>  4 |   ArrowUpRight,
     | ^^^^^^^^^^^^^^^
>  5 |   BookOpen,
     | ^^^^^^^^^^^
>  6 |   BriefcaseBusiness,
     | ^^^^^^^^^^^^^^^^^^^^
>  7 |   Camera,
     | ^^^^^^^^^
>  8 |   Code2,
     | ^^^^^^^^
>  9 |   Github,
     | ^^^^^^^^^
> 10 |   Home,
     | ^^^^^^^
> 11 |   Linkedin,
     | ^^^^^^^^^^^
> 12 |   Mail,
     | ^^^^^^^
> 13 |   Menu,
     | ^^^^^^^
> 14 |   Palette,
     | ^^^^^^^^^^
> 15 |   Video,
     | ^^^^^^^^
> 16 |   X,
     | ^^^^
> 17 |   type LucideIcon,
     | ^^^^^^^^^^^^^^^^^^
> 18 | } from "lucide-react";
     | ^^^^^^^^^^^^^^^^^^^^^^
  19 |
  20 | import type { IconKey } from "@/lib/site-data";
  21 |

The export Github was not found in module [project]/node_modules/lucide-react/dist/esm/lucide-react.mjs [app-rsc] (ecmascript).
Did you mean to import Gift?
All exports of the module are statically known (It doesn't have dynamic exports). So it's known statically that the requested export doesn't exist.

Import traces:
  Server Component:
    ./src/components/site/site-icons.tsx
    ./src/app/page.tsx

  Client Component Browser:
    ./src/components/site/site-icons.tsx [Client Component Browser]
    ./src/components/site/site-canvas-desktop.tsx [Client Component Browser]
    ./src/components/site/site-canvas-desktop.tsx [Server Component]
    ./src/components/site/site-canvas.tsx [Server Component]
    ./src/app/page.tsx [Server Component]

  Client Component SSR:
    ./src/components/site/site-icons.tsx [Client Component SSR]
    ./src/components/site/site-canvas-desktop.tsx [Client Component SSR]
    ./src/components/site/site-canvas-desktop.tsx [Server Component]
    ./src/components/site/site-canvas.tsx [Server Component]
    ./src/app/page.tsx [Server Component] @ http://localhost:3000/_next/static/chunks/node_modules_next_dist_0u_w_5s._.js:1945
[ 1816753ms] [ERROR] ./src/components/site/site-icons.tsx:2:1
Export Github doesn't exist in target module
   1 | import type { SVGProps } from "react";
>  2 | import {
     | ^^^^^^^
>  3 |   AppWindow,
     | ^^^^^^^^^^^^
>  4 |   ArrowUpRight,
     | ^^^^^^^^^^^^^^^
>  5 |   BookOpen,
     | ^^^^^^^^^^^
>  6 |   BriefcaseBusiness,
     | ^^^^^^^^^^^^^^^^^^^^
>  7 |   Camera,
     | ^^^^^^^^^
>  8 |   Code2,
     | ^^^^^^^^
>  9 |   Github,
     | ^^^^^^^^^
> 10 |   Home,
     | ^^^^^^^
> 11 |   Linkedin,
     | ^^^^^^^^^^^
> 12 |   Mail,
     | ^^^^^^^
> 13 |   Menu,
     | ^^^^^^^
> 14 |   Palette,
     | ^^^^^^^^^^
> 15 |   Video,
     | ^^^^^^^^
> 16 |   X,
     | ^^^^
> 17 |   type LucideIcon,
     | ^^^^^^^^^^^^^^^^^^
> 18 | } from "lucide-react";
     | ^^^^^^^^^^^^^^^^^^^^^^
  19 |
  20 | import type { IconKey } from "@/lib/site-data";
  21 |

The export Github was not found in module [project]/node_modules/lucide-react/dist/esm/lucide-react.mjs [app-ssr] (ecmascript).
Did you mean to import Gift?
All exports of the module are statically known (It doesn't have dynamic exports). So it's known statically that the requested export doesn't exist.

Import traces:
  Server Component:
    ./src/components/site/site-icons.tsx
    ./src/app/page.tsx

  Client Component Browser:
    ./src/components/site/site-icons.tsx [Client Component Browser]
    ./src/components/site/site-canvas-desktop.tsx [Client Component Browser]
    ./src/components/site/site-canvas-desktop.tsx [Server Component]
    ./src/components/site/site-canvas.tsx [Server Component]
    ./src/app/page.tsx [Server Component]

  Client Component SSR:
    ./src/components/site/site-icons.tsx [Client Component SSR]
    ./src/components/site/site-canvas-desktop.tsx [Client Component SSR]
    ./src/components/site/site-canvas-desktop.tsx [Server Component]
    ./src/components/site/site-canvas.tsx [Server Component]
    ./src/app/page.tsx [Server Component] @ http://localhost:3000/_next/static/chunks/node_modules_next_dist_0u_w_5s._.js:1945
[ 1816753ms] [ERROR] ./src/components/site/site-icons.tsx:2:1
Export Linkedin doesn't exist in target module
   1 | import type { SVGProps } from "react";
>  2 | import {
     | ^^^^^^^
>  3 |   AppWindow,
     | ^^^^^^^^^^^^
>  4 |   ArrowUpRight,
     | ^^^^^^^^^^^^^^^
>  5 |   BookOpen,
     | ^^^^^^^^^^^
>  6 |   BriefcaseBusiness,
     | ^^^^^^^^^^^^^^^^^^^^
>  7 |   Camera,
     | ^^^^^^^^^
>  8 |   Code2,
     | ^^^^^^^^
>  9 |   Github,
     | ^^^^^^^^^
> 10 |   Home,
     | ^^^^^^^
> 11 |   Linkedin,
     | ^^^^^^^^^^^
> 12 |   Mail,
     | ^^^^^^^
> 13 |   Menu,
     | ^^^^^^^
> 14 |   Palette,
     | ^^^^^^^^^^
> 15 |   Video,
     | ^^^^^^^^
> 16 |   X,
     | ^^^^
> 17 |   type LucideIcon,
     | ^^^^^^^^^^^^^^^^^^
> 18 | } from "lucide-react";
     | ^^^^^^^^^^^^^^^^^^^^^^
  19 |
  20 | import type { IconKey } from "@/lib/site-data";
  21 |

The export Linkedin was not found in module [project]/node_modules/lucide-react/dist/esm/lucide-react.mjs [app-client] (ecmascript).
Did you mean to import Link?
All exports of the module are statically known (It doesn't have dynamic exports). So it's known statically that the requested export doesn't exist.

Import traces:
  Server Component:
    ./src/components/site/site-icons.tsx
    ./src/app/page.tsx

  Client Component Browser:
    ./src/components/site/site-icons.tsx [Client Component Browser]
    ./src/components/site/site-canvas-desktop.tsx [Client Component Browser]
    ./src/components/site/site-canvas-desktop.tsx [Server Component]
    ./src/components/site/site-canvas.tsx [Server Component]
    ./src/app/page.tsx [Server Component]

  Client Component SSR:
    ./src/components/site/site-icons.tsx [Client Component SSR]
    ./src/components/site/site-canvas-desktop.tsx [Client Component SSR]
    ./src/components/site/site-canvas-desktop.tsx [Server Component]
    ./src/components/site/site-canvas.tsx [Server Component]
    ./src/app/page.tsx [Server Component] @ http://localhost:3000/_next/static/chunks/node_modules_next_dist_0u_w_5s._.js:1945
[ 1816753ms] [ERROR] ./src/components/site/site-icons.tsx:2:1
Export Linkedin doesn't exist in target module
   1 | import type { SVGProps } from "react";
>  2 | import {
     | ^^^^^^^
>  3 |   AppWindow,
     | ^^^^^^^^^^^^
>  4 |   ArrowUpRight,
     | ^^^^^^^^^^^^^^^
>  5 |   BookOpen,
     | ^^^^^^^^^^^
>  6 |   BriefcaseBusiness,
     | ^^^^^^^^^^^^^^^^^^^^
>  7 |   Camera,
     | ^^^^^^^^^
>  8 |   Code2,
     | ^^^^^^^^
>  9 |   Github,
     | ^^^^^^^^^
> 10 |   Home,
     | ^^^^^^^
> 11 |   Linkedin,
     | ^^^^^^^^^^^
> 12 |   Mail,
     | ^^^^^^^
> 13 |   Menu,
     | ^^^^^^^
> 14 |   Palette,
     | ^^^^^^^^^^
> 15 |   Video,
     | ^^^^^^^^
> 16 |   X,
     | ^^^^
> 17 |   type LucideIcon,
     | ^^^^^^^^^^^^^^^^^^
> 18 | } from "lucide-react";
     | ^^^^^^^^^^^^^^^^^^^^^^
  19 |
  20 | import type { IconKey } from "@/lib/site-data";
  21 |

The export Linkedin was not found in module [project]/node_modules/lucide-react/dist/esm/lucide-react.mjs [app-rsc] (ecmascript).
Did you mean to import Link?
All exports of the module are statically known (It doesn't have dynamic exports). So it's known statically that the requested export doesn't exist.

Import traces:
  Server Component:
    ./src/components/site/site-icons.tsx
    ./src/app/page.tsx

  Client Component Browser:
    ./src/components/site/site-icons.tsx [Client Component Browser]
    ./src/components/site/site-canvas-desktop.tsx [Client Component Browser]
    ./src/components/site/site-canvas-desktop.tsx [Server Component]
    ./src/components/site/site-canvas.tsx [Server Component]
    ./src/app/page.tsx [Server Component]

  Client Component SSR:
    ./src/components/site/site-icons.tsx [Client Component SSR]
    ./src/components/site/site-canvas-desktop.tsx [Client Component SSR]
    ./src/components/site/site-canvas-desktop.tsx [Server Component]
    ./src/components/site/site-canvas.tsx [Server Component]
    ./src/app/page.tsx [Server Component] @ http://localhost:3000/_next/static/chunks/node_modules_next_dist_0u_w_5s._.js:1945
[ 1816753ms] [ERROR] ./src/components/site/site-icons.tsx:2:1
Export Linkedin doesn't exist in target module
   1 | import type { SVGProps } from "react";
>  2 | import {
     | ^^^^^^^
>  3 |   AppWindow,
     | ^^^^^^^^^^^^
>  4 |   ArrowUpRight,
     | ^^^^^^^^^^^^^^^
>  5 |   BookOpen,
     | ^^^^^^^^^^^
>  6 |   BriefcaseBusiness,
     | ^^^^^^^^^^^^^^^^^^^^
>  7 |   Camera,
     | ^^^^^^^^^
>  8 |   Code2,
     | ^^^^^^^^
>  9 |   Github,
     | ^^^^^^^^^
> 10 |   Home,
     | ^^^^^^^
> 11 |   Linkedin,
     | ^^^^^^^^^^^
> 12 |   Mail,
     | ^^^^^^^
> 13 |   Menu,
     | ^^^^^^^
> 14 |   Palette,
     | ^^^^^^^^^^
> 15 |   Video,
     | ^^^^^^^^
> 16 |   X,
     | ^^^^
> 17 |   type LucideIcon,
     | ^^^^^^^^^^^^^^^^^^
> 18 | } from "lucide-react";
     | ^^^^^^^^^^^^^^^^^^^^^^
  19 |
  20 | import type { IconKey } from "@/lib/site-data";
  21 |

The export Linkedin was not found in module [project]/node_modules/lucide-react/dist/esm/lucide-react.mjs [app-ssr] (ecmascript).
Did you mean to import Link?
All exports of the module are statically known (It doesn't have dynamic exports). So it's known statically that the requested export doesn't exist.

Import traces:
  Server Component:
    ./src/components/site/site-icons.tsx
    ./src/app/page.tsx

  Client Component Browser:
    ./src/components/site/site-icons.tsx [Client Component Browser]
    ./src/components/site/site-canvas-desktop.tsx [Client Component Browser]
    ./src/components/site/site-canvas-desktop.tsx [Server Component]
    ./src/components/site/site-canvas.tsx [Server Component]
    ./src/app/page.tsx [Server Component]

  Client Component SSR:
    ./src/components/site/site-icons.tsx [Client Component SSR]
    ./src/components/site/site-canvas-desktop.tsx [Client Component SSR]
    ./src/components/site/site-canvas-desktop.tsx [Server Component]
    ./src/components/site/site-canvas.tsx [Server Component]
    ./src/app/page.tsx [Server Component] @ http://localhost:3000/_next/static/chunks/node_modules_next_dist_0u_w_5s._.js:1945
[ 1816753ms] [ERROR] ./src/app/page.tsx:7:1
Export shelves doesn't exist in target module
   5 | import { Button } from "@/components/ui/button";
   6 | import { Separator } from "@/components/ui/separator";
>  7 | import { contactLink, heroCopy, shelves, socialChannels } from "@/lib/site-data";
     | ^^^^^^^^^^^^^^^^^^^^^^^^^^^^^^^^^^^^^^^^^^^^^^^^^^^^^^^^^^^^^^^^^^^^^^^^^^^^^^^^^
   8 |
   9 | const profileLinks = socialChannels.filter(
  10 |   (channel) => channel.label !== "Email",

The export shelves was not found in module [project]/src/lib/site-data.ts [app-rsc] (ecmascript).
Did you mean to import shelfRecords?
All exports of the module are statically known (It doesn't have dynamic exports). So it's known statically that the requested export doesn't exist. @ http://localhost:3000/_next/static/chunks/node_modules_next_dist_0u_w_5s._.js:1945
[ 1816800ms] [ERROR] Failed to load resource: the server responded with a status of 500 (Internal Server Error) @ http://localhost:3000/:0
[ 1816827ms] [INFO] %cDownload the React DevTools for a better development experience: https://react.dev/link/react-devtools font-weight:bold @ http://localhost:3000/_next/static/chunks/node_modules_react-dom_0bruynb._.js:15305
[ 1816840ms] Error: ./src/components/site/site-canvas.tsx:7:27
`ssr: false` is not allowed with `next/dynamic` in Server Components. Please move it into a Client Component.
   5 | import { cn } from "@/lib/utils";
   6 |
>  7 | const SiteCanvasDesktop = dynamic(
     |                           ^^^^^^^
>  8 |   () =>
     | ^^^^^^^
>  9 |     import("@/components/site/site-canvas-desktop").then(
     | ^^^^^^^^^^^^^^^^^^^^^^^^^^^^^^^^^^^^^^^^^^^^^^^^^^^^^^^^^
> 10 |       (mod) => mod.SiteCanvasDesktop,
     | ^^^^^^^^^^^^^^^^^^^^^^^^^^^^^^^^^^^^^
> 11 |     ),
     | ^^^^^^
> 12 |   {
     | ^^^
> 13 |     ssr: false,
     | ^^^^^^^^^^^^^^^
> 14 |     loading: () => (
     | ^^^^^^^^^^^^^^^^^^^^
> 15 |       <div
     | ^^^^^^^^^^
> 16 |         className="hidden min-h-[560px] rounded-[1.5rem] border border-border bg-backgroun...
     | ^^^^^^^^^^^^^^^^^^^^^^^^^^^^^^^^^^^^^^^^^^^^^^^^^^^^^^^^^^^^^^^^^^^^^^^^^^^^^^^^^^^^^^^^^^^^^
> 17 |         aria-hidden
     | ^^^^^^^^^^^^^^^^^^^
> 18 |       />
     | ^^^^^^^^
> 19 |     ),
     | ^^^^^^
> 20 |   },
     | ^^^^
> 21 | );
     | ^
  22 |
  23 | const accentClasses = {
  24 |   ink: "border-foreground/45 text-foreground",

Ecmascript file had an error

Import trace:
  Server Component:
    ./src/components/site/site-canvas.tsx
    ./src/app/page.tsx


    at <unknown> (Error: ./src/components/site/site-canvas.tsx:7:27)
    at Object.getCompilationErrors (file:///Users/josephsimo/Downloads/joesimo/node_modules/next/dist/server/dev/hot-reloader-turbopack.js:1186:59)
    at DevBundlerService.getCompilationError (file:///Users/josephsimo/Downloads/joesimo/node_modules/next/dist/server/lib/dev-bundler-service.js:44:55)
    at DevServer.getCompilationError (file:///Users/josephsimo/Downloads/joesimo/node_modules/next/dist/server/dev/next-dev-server.js:720:42)
    at DevServer.findPageComponents (file:///Users/josephsimo/Downloads/joesimo/node_modules/next/dist/server/dev/next-dev-server.js:690:43)
    at async DevServer.renderErrorToResponseImpl (file:///Users/josephsimo/Downloads/joesimo/node_modules/next/dist/server/base-server.js:1753:26)
[ 1816841ms] [LOG] [HMR] connected @ http://localhost:3000/_next/static/chunks/node_modules_next_dist_0u_w_5s._.js:1226
[ 1816845ms] [ERROR] ./src/components/site/site-canvas.tsx:7:27
`ssr: false` is not allowed with `next/dynamic` in Server Components. Please move it into a Client Component.
   5 | import { cn } from "@/lib/utils";
   6 |
>  7 | const SiteCanvasDesktop = dynamic(
     |                           ^^^^^^^
>  8 |   () =>
     | ^^^^^^^
>  9 |     import("@/components/site/site-canvas-desktop").then(
     | ^^^^^^^^^^^^^^^^^^^^^^^^^^^^^^^^^^^^^^^^^^^^^^^^^^^^^^^^^
> 10 |       (mod) => mod.SiteCanvasDesktop,
     | ^^^^^^^^^^^^^^^^^^^^^^^^^^^^^^^^^^^^^
> 11 |     ),
     | ^^^^^^
> 12 |   {
     | ^^^
> 13 |     ssr: false,
     | ^^^^^^^^^^^^^^^
> 14 |     loading: () => (
     | ^^^^^^^^^^^^^^^^^^^^
> 15 |       <div
     | ^^^^^^^^^^
> 16 |         className="hidden min-h-[560px] rounded-[1.5rem] border border-border bg-backgroun...
     | ^^^^^^^^^^^^^^^^^^^^^^^^^^^^^^^^^^^^^^^^^^^^^^^^^^^^^^^^^^^^^^^^^^^^^^^^^^^^^^^^^^^^^^^^^^^^^
> 17 |         aria-hidden
     | ^^^^^^^^^^^^^^^^^^^
> 18 |       />
     | ^^^^^^^^
> 19 |     ),
     | ^^^^^^
> 20 |   },
     | ^^^^
> 21 | );
     | ^
  22 |
  23 | const accentClasses = {
  24 |   ink: "border-foreground/45 text-foreground",

Ecmascript file had an error

Import trace:
  Server Component:
    ./src/components/site/site-canvas.tsx
    ./src/app/page.tsx @ http://localhost:3000/_next/static/chunks/node_modules_next_dist_0u_w_5s._.js:1945
[ 1816846ms] [ERROR] ./src/components/site/site-icons.tsx:2:1
Export Github doesn't exist in target module
   1 | import type { SVGProps } from "react";
>  2 | import {
     | ^^^^^^^
>  3 |   AppWindow,
     | ^^^^^^^^^^^^
>  4 |   ArrowUpRight,
     | ^^^^^^^^^^^^^^^
>  5 |   BookOpen,
     | ^^^^^^^^^^^
>  6 |   BriefcaseBusiness,
     | ^^^^^^^^^^^^^^^^^^^^
>  7 |   Camera,
     | ^^^^^^^^^
>  8 |   Code2,
     | ^^^^^^^^
>  9 |   Github,
     | ^^^^^^^^^
> 10 |   Home,
     | ^^^^^^^
> 11 |   Linkedin,
     | ^^^^^^^^^^^
> 12 |   Mail,
     | ^^^^^^^
> 13 |   Menu,
     | ^^^^^^^
> 14 |   Palette,
     | ^^^^^^^^^^
> 15 |   Video,
     | ^^^^^^^^
> 16 |   X,
     | ^^^^
> 17 |   type LucideIcon,
     | ^^^^^^^^^^^^^^^^^^
> 18 | } from "lucide-react";
     | ^^^^^^^^^^^^^^^^^^^^^^
  19 |
  20 | import type { IconKey } from "@/lib/site-data";
  21 |

The export Github was not found in module [project]/node_modules/lucide-react/dist/esm/lucide-react.mjs [app-client] (ecmascript).
Did you mean to import Gift?
All exports of the module are statically known (It doesn't have dynamic exports). So it's known statically that the requested export doesn't exist.

Import traces:
  Server Component:
    ./src/components/site/site-icons.tsx
    ./src/app/page.tsx

  Client Component Browser:
    ./src/components/site/site-icons.tsx [Client Component Browser]
    ./src/components/site/site-canvas-desktop.tsx [Client Component Browser]
    ./src/components/site/site-canvas-desktop.tsx [Server Component]
    ./src/components/site/site-canvas.tsx [Server Component]
    ./src/app/page.tsx [Server Component]

  Client Component SSR:
    ./src/components/site/site-icons.tsx [Client Component SSR]
    ./src/components/site/site-canvas-desktop.tsx [Client Component SSR]
    ./src/components/site/site-canvas-desktop.tsx [Server Component]
    ./src/components/site/site-canvas.tsx [Server Component]
    ./src/app/page.tsx [Server Component] @ http://localhost:3000/_next/static/chunks/node_modules_next_dist_0u_w_5s._.js:1945
[ 1816846ms] [ERROR] ./src/components/site/site-icons.tsx:2:1
Export Github doesn't exist in target module
   1 | import type { SVGProps } from "react";
>  2 | import {
     | ^^^^^^^
>  3 |   AppWindow,
     | ^^^^^^^^^^^^
>  4 |   ArrowUpRight,
     | ^^^^^^^^^^^^^^^
>  5 |   BookOpen,
     | ^^^^^^^^^^^
>  6 |   BriefcaseBusiness,
     | ^^^^^^^^^^^^^^^^^^^^
>  7 |   Camera,
     | ^^^^^^^^^
>  8 |   Code2,
     | ^^^^^^^^
>  9 |   Github,
     | ^^^^^^^^^
> 10 |   Home,
     | ^^^^^^^
> 11 |   Linkedin,
     | ^^^^^^^^^^^
> 12 |   Mail,
     | ^^^^^^^
> 13 |   Menu,
     | ^^^^^^^
> 14 |   Palette,
     | ^^^^^^^^^^
> 15 |   Video,
     | ^^^^^^^^
> 16 |   X,
     | ^^^^
> 17 |   type LucideIcon,
     | ^^^^^^^^^^^^^^^^^^
> 18 | } from "lucide-react";
     | ^^^^^^^^^^^^^^^^^^^^^^
  19 |
  20 | import type { IconKey } from "@/lib/site-data";
  21 |

The export Github was not found in module [project]/node_modules/lucide-react/dist/esm/lucide-react.mjs [app-rsc] (ecmascript).
Did you mean to import Gift?
All exports of the module are statically known (It doesn't have dynamic exports). So it's known statically that the requested export doesn't exist.

Import traces:
  Server Component:
    ./src/components/site/site-icons.tsx
    ./src/app/page.tsx

  Client Component Browser:
    ./src/components/site/site-icons.tsx [Client Component Browser]
    ./src/components/site/site-canvas-desktop.tsx [Client Component Browser]
    ./src/components/site/site-canvas-desktop.tsx [Server Component]
    ./src/components/site/site-canvas.tsx [Server Component]
    ./src/app/page.tsx [Server Component]

  Client Component SSR:
    ./src/components/site/site-icons.tsx [Client Component SSR]
    ./src/components/site/site-canvas-desktop.tsx [Client Component SSR]
    ./src/components/site/site-canvas-desktop.tsx [Server Component]
    ./src/components/site/site-canvas.tsx [Server Component]
    ./src/app/page.tsx [Server Component] @ http://localhost:3000/_next/static/chunks/node_modules_next_dist_0u_w_5s._.js:1945
[ 1816846ms] [ERROR] ./src/components/site/site-icons.tsx:2:1
Export Github doesn't exist in target module
   1 | import type { SVGProps } from "react";
>  2 | import {
     | ^^^^^^^
>  3 |   AppWindow,
     | ^^^^^^^^^^^^
>  4 |   ArrowUpRight,
     | ^^^^^^^^^^^^^^^
>  5 |   BookOpen,
     | ^^^^^^^^^^^
>  6 |   BriefcaseBusiness,
     | ^^^^^^^^^^^^^^^^^^^^
>  7 |   Camera,
     | ^^^^^^^^^
>  8 |   Code2,
     | ^^^^^^^^
>  9 |   Github,
     | ^^^^^^^^^
> 10 |   Home,
     | ^^^^^^^
> 11 |   Linkedin,
     | ^^^^^^^^^^^
> 12 |   Mail,
     | ^^^^^^^
> 13 |   Menu,
     | ^^^^^^^
> 14 |   Palette,
     | ^^^^^^^^^^
> 15 |   Video,
     | ^^^^^^^^
> 16 |   X,
     | ^^^^
> 17 |   type LucideIcon,
     | ^^^^^^^^^^^^^^^^^^
> 18 | } from "lucide-react";
     | ^^^^^^^^^^^^^^^^^^^^^^
  19 |
  20 | import type { IconKey } from "@/lib/site-data";
  21 |

The export Github was not found in module [project]/node_modules/lucide-react/dist/esm/lucide-react.mjs [app-ssr] (ecmascript).
Did you mean to import Gift?
All exports of the module are statically known (It doesn't have dynamic exports). So it's known statically that the requested export doesn't exist.

Import traces:
  Server Component:
    ./src/components/site/site-icons.tsx
    ./src/app/page.tsx

  Client Component Browser:
    ./src/components/site/site-icons.tsx [Client Component Browser]
    ./src/components/site/site-canvas-desktop.tsx [Client Component Browser]
    ./src/components/site/site-canvas-desktop.tsx [Server Component]
    ./src/components/site/site-canvas.tsx [Server Component]
    ./src/app/page.tsx [Server Component]

  Client Component SSR:
    ./src/components/site/site-icons.tsx [Client Component SSR]
    ./src/components/site/site-canvas-desktop.tsx [Client Component SSR]
    ./src/components/site/site-canvas-desktop.tsx [Server Component]
    ./src/components/site/site-canvas.tsx [Server Component]
    ./src/app/page.tsx [Server Component] @ http://localhost:3000/_next/static/chunks/node_modules_next_dist_0u_w_5s._.js:1945
[ 1816846ms] [ERROR] ./src/components/site/site-icons.tsx:2:1
Export Linkedin doesn't exist in target module
   1 | import type { SVGProps } from "react";
>  2 | import {
     | ^^^^^^^
>  3 |   AppWindow,
     | ^^^^^^^^^^^^
>  4 |   ArrowUpRight,
     | ^^^^^^^^^^^^^^^
>  5 |   BookOpen,
     | ^^^^^^^^^^^
>  6 |   BriefcaseBusiness,
     | ^^^^^^^^^^^^^^^^^^^^
>  7 |   Camera,
     | ^^^^^^^^^
>  8 |   Code2,
     | ^^^^^^^^
>  9 |   Github,
     | ^^^^^^^^^
> 10 |   Home,
     | ^^^^^^^
> 11 |   Linkedin,
     | ^^^^^^^^^^^
> 12 |   Mail,
     | ^^^^^^^
> 13 |   Menu,
     | ^^^^^^^
> 14 |   Palette,
     | ^^^^^^^^^^
> 15 |   Video,
     | ^^^^^^^^
> 16 |   X,
     | ^^^^
> 17 |   type LucideIcon,
     | ^^^^^^^^^^^^^^^^^^
> 18 | } from "lucide-react";
     | ^^^^^^^^^^^^^^^^^^^^^^
  19 |
  20 | import type { IconKey } from "@/lib/site-data";
  21 |

The export Linkedin was not found in module [project]/node_modules/lucide-react/dist/esm/lucide-react.mjs [app-client] (ecmascript).
Did you mean to import Link?
All exports of the module are statically known (It doesn't have dynamic exports). So it's known statically that the requested export doesn't exist.

Import traces:
  Server Component:
    ./src/components/site/site-icons.tsx
    ./src/app/page.tsx

  Client Component Browser:
    ./src/components/site/site-icons.tsx [Client Component Browser]
    ./src/components/site/site-canvas-desktop.tsx [Client Component Browser]
    ./src/components/site/site-canvas-desktop.tsx [Server Component]
    ./src/components/site/site-canvas.tsx [Server Component]
    ./src/app/page.tsx [Server Component]

  Client Component SSR:
    ./src/components/site/site-icons.tsx [Client Component SSR]
    ./src/components/site/site-canvas-desktop.tsx [Client Component SSR]
    ./src/components/site/site-canvas-desktop.tsx [Server Component]
    ./src/components/site/site-canvas.tsx [Server Component]
    ./src/app/page.tsx [Server Component] @ http://localhost:3000/_next/static/chunks/node_modules_next_dist_0u_w_5s._.js:1945
[ 1816846ms] [ERROR] ./src/components/site/site-icons.tsx:2:1
Export Linkedin doesn't exist in target module
   1 | import type { SVGProps } from "react";
>  2 | import {
     | ^^^^^^^
>  3 |   AppWindow,
     | ^^^^^^^^^^^^
>  4 |   ArrowUpRight,
     | ^^^^^^^^^^^^^^^
>  5 |   BookOpen,
     | ^^^^^^^^^^^
>  6 |   BriefcaseBusiness,
     | ^^^^^^^^^^^^^^^^^^^^
>  7 |   Camera,
     | ^^^^^^^^^
>  8 |   Code2,
     | ^^^^^^^^
>  9 |   Github,
     | ^^^^^^^^^
> 10 |   Home,
     | ^^^^^^^
> 11 |   Linkedin,
     | ^^^^^^^^^^^
> 12 |   Mail,
     | ^^^^^^^
> 13 |   Menu,
     | ^^^^^^^
> 14 |   Palette,
     | ^^^^^^^^^^
> 15 |   Video,
     | ^^^^^^^^
> 16 |   X,
     | ^^^^
> 17 |   type LucideIcon,
     | ^^^^^^^^^^^^^^^^^^
> 18 | } from "lucide-react";
     | ^^^^^^^^^^^^^^^^^^^^^^
  19 |
  20 | import type { IconKey } from "@/lib/site-data";
  21 |

The export Linkedin was not found in module [project]/node_modules/lucide-react/dist/esm/lucide-react.mjs [app-rsc] (ecmascript).
Did you mean to import Link?
All exports of the module are statically known (It doesn't have dynamic exports). So it's known statically that the requested export doesn't exist.

Import traces:
  Server Component:
    ./src/components/site/site-icons.tsx
    ./src/app/page.tsx

  Client Component Browser:
    ./src/components/site/site-icons.tsx [Client Component Browser]
    ./src/components/site/site-canvas-desktop.tsx [Client Component Browser]
    ./src/components/site/site-canvas-desktop.tsx [Server Component]
    ./src/components/site/site-canvas.tsx [Server Component]
    ./src/app/page.tsx [Server Component]

  Client Component SSR:
    ./src/components/site/site-icons.tsx [Client Component SSR]
    ./src/components/site/site-canvas-desktop.tsx [Client Component SSR]
    ./src/components/site/site-canvas-desktop.tsx [Server Component]
    ./src/components/site/site-canvas.tsx [Server Component]
    ./src/app/page.tsx [Server Component] @ http://localhost:3000/_next/static/chunks/node_modules_next_dist_0u_w_5s._.js:1945
[ 1816846ms] [ERROR] ./src/components/site/site-icons.tsx:2:1
Export Linkedin doesn't exist in target module
   1 | import type { SVGProps } from "react";
>  2 | import {
     | ^^^^^^^
>  3 |   AppWindow,
     | ^^^^^^^^^^^^
>  4 |   ArrowUpRight,
     | ^^^^^^^^^^^^^^^
>  5 |   BookOpen,
     | ^^^^^^^^^^^
>  6 |   BriefcaseBusiness,
     | ^^^^^^^^^^^^^^^^^^^^
>  7 |   Camera,
     | ^^^^^^^^^
>  8 |   Code2,
     | ^^^^^^^^
>  9 |   Github,
     | ^^^^^^^^^
> 10 |   Home,
     | ^^^^^^^
> 11 |   Linkedin,
     | ^^^^^^^^^^^
> 12 |   Mail,
     | ^^^^^^^
> 13 |   Menu,
     | ^^^^^^^
> 14 |   Palette,
     | ^^^^^^^^^^
> 15 |   Video,
     | ^^^^^^^^
> 16 |   X,
     | ^^^^
> 17 |   type LucideIcon,
     | ^^^^^^^^^^^^^^^^^^
> 18 | } from "lucide-react";
     | ^^^^^^^^^^^^^^^^^^^^^^
  19 |
  20 | import type { IconKey } from "@/lib/site-data";
  21 |

The export Linkedin was not found in module [project]/node_modules/lucide-react/dist/esm/lucide-react.mjs [app-ssr] (ecmascript).
Did you mean to import Link?
All exports of the module are statically known (It doesn't have dynamic exports). So it's known statically that the requested export doesn't exist.

Import traces:
  Server Component:
    ./src/components/site/site-icons.tsx
    ./src/app/page.tsx

  Client Component Browser:
    ./src/components/site/site-icons.tsx [Client Component Browser]
    ./src/components/site/site-canvas-desktop.tsx [Client Component Browser]
    ./src/components/site/site-canvas-desktop.tsx [Server Component]
    ./src/components/site/site-canvas.tsx [Server Component]
    ./src/app/page.tsx [Server Component]

  Client Component SSR:
    ./src/components/site/site-icons.tsx [Client Component SSR]
    ./src/components/site/site-canvas-desktop.tsx [Client Component SSR]
    ./src/components/site/site-canvas-desktop.tsx [Server Component]
    ./src/components/site/site-canvas.tsx [Server Component]
    ./src/app/page.tsx [Server Component] @ http://localhost:3000/_next/static/chunks/node_modules_next_dist_0u_w_5s._.js:1945
[ 1816846ms] [ERROR] ./src/app/page.tsx:7:1
Export shelves doesn't exist in target module
   5 | import { Button } from "@/components/ui/button";
   6 | import { Separator } from "@/components/ui/separator";
>  7 | import { contactLink, heroCopy, shelves, socialChannels } from "@/lib/site-data";
     | ^^^^^^^^^^^^^^^^^^^^^^^^^^^^^^^^^^^^^^^^^^^^^^^^^^^^^^^^^^^^^^^^^^^^^^^^^^^^^^^^^
   8 |
   9 | const profileLinks = socialChannels.filter(
  10 |   (channel) => channel.label !== "Email",

The export shelves was not found in module [project]/src/lib/site-data.ts [app-rsc] (ecmascript).
Did you mean to import shelfRecords?
All exports of the module are statically known (It doesn't have dynamic exports). So it's known statically that the requested export doesn't exist. @ http://localhost:3000/_next/static/chunks/node_modules_next_dist_0u_w_5s._.js:1945
[ 1816890ms] [ERROR] ./src/components/site/site-canvas.tsx:7:27
`ssr: false` is not allowed with `next/dynamic` in Server Components. Please move it into a Client Component.
   5 | import { cn } from "@/lib/utils";
   6 |
>  7 | const SiteCanvasDesktop = dynamic(
     |                           ^^^^^^^
>  8 |   () =>
     | ^^^^^^^
>  9 |     import("@/components/site/site-canvas-desktop").then(
     | ^^^^^^^^^^^^^^^^^^^^^^^^^^^^^^^^^^^^^^^^^^^^^^^^^^^^^^^^^
> 10 |       (mod) => mod.SiteCanvasDesktop,
     | ^^^^^^^^^^^^^^^^^^^^^^^^^^^^^^^^^^^^^
> 11 |     ),
     | ^^^^^^
> 12 |   {
     | ^^^
> 13 |     ssr: false,
     | ^^^^^^^^^^^^^^^
> 14 |     loading: () => (
     | ^^^^^^^^^^^^^^^^^^^^
> 15 |       <div
     | ^^^^^^^^^^
> 16 |         className="hidden min-h-[560px] rounded-[1.5rem] border border-border bg-backgroun...
     | ^^^^^^^^^^^^^^^^^^^^^^^^^^^^^^^^^^^^^^^^^^^^^^^^^^^^^^^^^^^^^^^^^^^^^^^^^^^^^^^^^^^^^^^^^^^^^
> 17 |         aria-hidden
     | ^^^^^^^^^^^^^^^^^^^
> 18 |       />
     | ^^^^^^^^
> 19 |     ),
     | ^^^^^^
> 20 |   },
     | ^^^^
> 21 | );
     | ^
  22 |
  23 | const accentClasses = {
  24 |   ink: "border-foreground/45 text-foreground",

Ecmascript file had an error

Import trace:
  Server Component:
    ./src/components/site/site-canvas.tsx
    ./src/app/page.tsx @ http://localhost:3000/_next/static/chunks/node_modules_next_dist_0u_w_5s._.js:1945
[ 1816890ms] [ERROR] ./src/components/site/site-icons.tsx:2:1
Export Github doesn't exist in target module
   1 | import type { SVGProps } from "react";
>  2 | import {
     | ^^^^^^^
>  3 |   AppWindow,
     | ^^^^^^^^^^^^
>  4 |   ArrowUpRight,
     | ^^^^^^^^^^^^^^^
>  5 |   BookOpen,
     | ^^^^^^^^^^^
>  6 |   BriefcaseBusiness,
     | ^^^^^^^^^^^^^^^^^^^^
>  7 |   Camera,
     | ^^^^^^^^^
>  8 |   Code2,
     | ^^^^^^^^
>  9 |   Github,
     | ^^^^^^^^^
> 10 |   Home,
     | ^^^^^^^
> 11 |   Linkedin,
     | ^^^^^^^^^^^
> 12 |   Mail,
     | ^^^^^^^
> 13 |   Menu,
     | ^^^^^^^
> 14 |   Palette,
     | ^^^^^^^^^^
> 15 |   Video,
     | ^^^^^^^^
> 16 |   X,
     | ^^^^
> 17 |   type LucideIcon,
     | ^^^^^^^^^^^^^^^^^^
> 18 | } from "lucide-react";
     | ^^^^^^^^^^^^^^^^^^^^^^
  19 |
  20 | import type { IconKey } from "@/lib/site-data";
  21 |

The export Github was not found in module [project]/node_modules/lucide-react/dist/esm/lucide-react.mjs [app-client] (ecmascript).
Did you mean to import Gift?
All exports of the module are statically known (It doesn't have dynamic exports). So it's known statically that the requested export doesn't exist.

Import traces:
  Server Component:
    ./src/components/site/site-icons.tsx
    ./src/app/page.tsx

  Client Component Browser:
    ./src/components/site/site-icons.tsx [Client Component Browser]
    ./src/components/site/site-canvas-desktop.tsx [Client Component Browser]
    ./src/components/site/site-canvas-desktop.tsx [Server Component]
    ./src/components/site/site-canvas.tsx [Server Component]
    ./src/app/page.tsx [Server Component]

  Client Component SSR:
    ./src/components/site/site-icons.tsx [Client Component SSR]
    ./src/components/site/site-canvas-desktop.tsx [Client Component SSR]
    ./src/components/site/site-canvas-desktop.tsx [Server Component]
    ./src/components/site/site-canvas.tsx [Server Component]
    ./src/app/page.tsx [Server Component] @ http://localhost:3000/_next/static/chunks/node_modules_next_dist_0u_w_5s._.js:1945
[ 1816890ms] [ERROR] ./src/components/site/site-icons.tsx:2:1
Export Github doesn't exist in target module
   1 | import type { SVGProps } from "react";
>  2 | import {
     | ^^^^^^^
>  3 |   AppWindow,
     | ^^^^^^^^^^^^
>  4 |   ArrowUpRight,
     | ^^^^^^^^^^^^^^^
>  5 |   BookOpen,
     | ^^^^^^^^^^^
>  6 |   BriefcaseBusiness,
     | ^^^^^^^^^^^^^^^^^^^^
>  7 |   Camera,
     | ^^^^^^^^^
>  8 |   Code2,
     | ^^^^^^^^
>  9 |   Github,
     | ^^^^^^^^^
> 10 |   Home,
     | ^^^^^^^
> 11 |   Linkedin,
     | ^^^^^^^^^^^
> 12 |   Mail,
     | ^^^^^^^
> 13 |   Menu,
     | ^^^^^^^
> 14 |   Palette,
     | ^^^^^^^^^^
> 15 |   Video,
     | ^^^^^^^^
> 16 |   X,
     | ^^^^
> 17 |   type LucideIcon,
     | ^^^^^^^^^^^^^^^^^^
> 18 | } from "lucide-react";
     | ^^^^^^^^^^^^^^^^^^^^^^
  19 |
  20 | import type { IconKey } from "@/lib/site-data";
  21 |

The export Github was not found in module [project]/node_modules/lucide-react/dist/esm/lucide-react.mjs [app-rsc] (ecmascript).
Did you mean to import Gift?
All exports of the module are statically known (It doesn't have dynamic exports). So it's known statically that the requested export doesn't exist.

Import traces:
  Server Component:
    ./src/components/site/site-icons.tsx
    ./src/app/page.tsx

  Client Component Browser:
    ./src/components/site/site-icons.tsx [Client Component Browser]
    ./src/components/site/site-canvas-desktop.tsx [Client Component Browser]
    ./src/components/site/site-canvas-desktop.tsx [Server Component]
    ./src/components/site/site-canvas.tsx [Server Component]
    ./src/app/page.tsx [Server Component]

  Client Component SSR:
    ./src/components/site/site-icons.tsx [Client Component SSR]
    ./src/components/site/site-canvas-desktop.tsx [Client Component SSR]
    ./src/components/site/site-canvas-desktop.tsx [Server Component]
    ./src/components/site/site-canvas.tsx [Server Component]
    ./src/app/page.tsx [Server Component] @ http://localhost:3000/_next/static/chunks/node_modules_next_dist_0u_w_5s._.js:1945
[ 1816890ms] [ERROR] ./src/components/site/site-icons.tsx:2:1
Export Github doesn't exist in target module
   1 | import type { SVGProps } from "react";
>  2 | import {
     | ^^^^^^^
>  3 |   AppWindow,
     | ^^^^^^^^^^^^
>  4 |   ArrowUpRight,
     | ^^^^^^^^^^^^^^^
>  5 |   BookOpen,
     | ^^^^^^^^^^^
>  6 |   BriefcaseBusiness,
     | ^^^^^^^^^^^^^^^^^^^^
>  7 |   Camera,
     | ^^^^^^^^^
>  8 |   Code2,
     | ^^^^^^^^
>  9 |   Github,
     | ^^^^^^^^^
> 10 |   Home,
     | ^^^^^^^
> 11 |   Linkedin,
     | ^^^^^^^^^^^
> 12 |   Mail,
     | ^^^^^^^
> 13 |   Menu,
     | ^^^^^^^
> 14 |   Palette,
     | ^^^^^^^^^^
> 15 |   Video,
     | ^^^^^^^^
> 16 |   X,
     | ^^^^
> 17 |   type LucideIcon,
     | ^^^^^^^^^^^^^^^^^^
> 18 | } from "lucide-react";
     | ^^^^^^^^^^^^^^^^^^^^^^
  19 |
  20 | import type { IconKey } from "@/lib/site-data";
  21 |

The export Github was not found in module [project]/node_modules/lucide-react/dist/esm/lucide-react.mjs [app-ssr] (ecmascript).
Did you mean to import Gift?
All exports of the module are statically known (It doesn't have dynamic exports). So it's known statically that the requested export doesn't exist.

Import traces:
  Server Component:
    ./src/components/site/site-icons.tsx
    ./src/app/page.tsx

  Client Component Browser:
    ./src/components/site/site-icons.tsx [Client Component Browser]
    ./src/components/site/site-canvas-desktop.tsx [Client Component Browser]
    ./src/components/site/site-canvas-desktop.tsx [Server Component]
    ./src/components/site/site-canvas.tsx [Server Component]
    ./src/app/page.tsx [Server Component]

  Client Component SSR:
    ./src/components/site/site-icons.tsx [Client Component SSR]
    ./src/components/site/site-canvas-desktop.tsx [Client Component SSR]
    ./src/components/site/site-canvas-desktop.tsx [Server Component]
    ./src/components/site/site-canvas.tsx [Server Component]
    ./src/app/page.tsx [Server Component] @ http://localhost:3000/_next/static/chunks/node_modules_next_dist_0u_w_5s._.js:1945
[ 1816891ms] [ERROR] ./src/components/site/site-icons.tsx:2:1
Export Linkedin doesn't exist in target module
   1 | import type { SVGProps } from "react";
>  2 | import {
     | ^^^^^^^
>  3 |   AppWindow,
     | ^^^^^^^^^^^^
>  4 |   ArrowUpRight,
     | ^^^^^^^^^^^^^^^
>  5 |   BookOpen,
     | ^^^^^^^^^^^
>  6 |   BriefcaseBusiness,
     | ^^^^^^^^^^^^^^^^^^^^
>  7 |   Camera,
     | ^^^^^^^^^
>  8 |   Code2,
     | ^^^^^^^^
>  9 |   Github,
     | ^^^^^^^^^
> 10 |   Home,
     | ^^^^^^^
> 11 |   Linkedin,
     | ^^^^^^^^^^^
> 12 |   Mail,
     | ^^^^^^^
> 13 |   Menu,
     | ^^^^^^^
> 14 |   Palette,
     | ^^^^^^^^^^
> 15 |   Video,
     | ^^^^^^^^
> 16 |   X,
     | ^^^^
> 17 |   type LucideIcon,
     | ^^^^^^^^^^^^^^^^^^
> 18 | } from "lucide-react";
     | ^^^^^^^^^^^^^^^^^^^^^^
  19 |
  20 | import type { IconKey } from "@/lib/site-data";
  21 |

The export Linkedin was not found in module [project]/node_modules/lucide-react/dist/esm/lucide-react.mjs [app-client] (ecmascript).
Did you mean to import Link?
All exports of the module are statically known (It doesn't have dynamic exports). So it's known statically that the requested export doesn't exist.

Import traces:
  Server Component:
    ./src/components/site/site-icons.tsx
    ./src/app/page.tsx

  Client Component Browser:
    ./src/components/site/site-icons.tsx [Client Component Browser]
    ./src/components/site/site-canvas-desktop.tsx [Client Component Browser]
    ./src/components/site/site-canvas-desktop.tsx [Server Component]
    ./src/components/site/site-canvas.tsx [Server Component]
    ./src/app/page.tsx [Server Component]

  Client Component SSR:
    ./src/components/site/site-icons.tsx [Client Component SSR]
    ./src/components/site/site-canvas-desktop.tsx [Client Component SSR]
    ./src/components/site/site-canvas-desktop.tsx [Server Component]
    ./src/components/site/site-canvas.tsx [Server Component]
    ./src/app/page.tsx [Server Component] @ http://localhost:3000/_next/static/chunks/node_modules_next_dist_0u_w_5s._.js:1945
[ 1816891ms] [ERROR] ./src/components/site/site-icons.tsx:2:1
Export Linkedin doesn't exist in target module
   1 | import type { SVGProps } from "react";
>  2 | import {
     | ^^^^^^^
>  3 |   AppWindow,
     | ^^^^^^^^^^^^
>  4 |   ArrowUpRight,
     | ^^^^^^^^^^^^^^^
>  5 |   BookOpen,
     | ^^^^^^^^^^^
>  6 |   BriefcaseBusiness,
     | ^^^^^^^^^^^^^^^^^^^^
>  7 |   Camera,
     | ^^^^^^^^^
>  8 |   Code2,
     | ^^^^^^^^
>  9 |   Github,
     | ^^^^^^^^^
> 10 |   Home,
     | ^^^^^^^
> 11 |   Linkedin,
     | ^^^^^^^^^^^
> 12 |   Mail,
     | ^^^^^^^
> 13 |   Menu,
     | ^^^^^^^
> 14 |   Palette,
     | ^^^^^^^^^^
> 15 |   Video,
     | ^^^^^^^^
> 16 |   X,
     | ^^^^
> 17 |   type LucideIcon,
     | ^^^^^^^^^^^^^^^^^^
> 18 | } from "lucide-react";
     | ^^^^^^^^^^^^^^^^^^^^^^
  19 |
  20 | import type { IconKey } from "@/lib/site-data";
  21 |

The export Linkedin was not found in module [project]/node_modules/lucide-react/dist/esm/lucide-react.mjs [app-rsc] (ecmascript).
Did you mean to import Link?
All exports of the module are statically known (It doesn't have dynamic exports). So it's known statically that the requested export doesn't exist.

Import traces:
  Server Component:
    ./src/components/site/site-icons.tsx
    ./src/app/page.tsx

  Client Component Browser:
    ./src/components/site/site-icons.tsx [Client Component Browser]
    ./src/components/site/site-canvas-desktop.tsx [Client Component Browser]
    ./src/components/site/site-canvas-desktop.tsx [Server Component]
    ./src/components/site/site-canvas.tsx [Server Component]
    ./src/app/page.tsx [Server Component]

  Client Component SSR:
    ./src/components/site/site-icons.tsx [Client Component SSR]
    ./src/components/site/site-canvas-desktop.tsx [Client Component SSR]
    ./src/components/site/site-canvas-desktop.tsx [Server Component]
    ./src/components/site/site-canvas.tsx [Server Component]
    ./src/app/page.tsx [Server Component] @ http://localhost:3000/_next/static/chunks/node_modules_next_dist_0u_w_5s._.js:1945
[ 1816891ms] [ERROR] ./src/components/site/site-icons.tsx:2:1
Export Linkedin doesn't exist in target module
   1 | import type { SVGProps } from "react";
>  2 | import {
     | ^^^^^^^
>  3 |   AppWindow,
     | ^^^^^^^^^^^^
>  4 |   ArrowUpRight,
     | ^^^^^^^^^^^^^^^
>  5 |   BookOpen,
     | ^^^^^^^^^^^
>  6 |   BriefcaseBusiness,
     | ^^^^^^^^^^^^^^^^^^^^
>  7 |   Camera,
     | ^^^^^^^^^
>  8 |   Code2,
     | ^^^^^^^^
>  9 |   Github,
     | ^^^^^^^^^
> 10 |   Home,
     | ^^^^^^^
> 11 |   Linkedin,
     | ^^^^^^^^^^^
> 12 |   Mail,
     | ^^^^^^^
> 13 |   Menu,
     | ^^^^^^^
> 14 |   Palette,
     | ^^^^^^^^^^
> 15 |   Video,
     | ^^^^^^^^
> 16 |   X,
     | ^^^^
> 17 |   type LucideIcon,
     | ^^^^^^^^^^^^^^^^^^
> 18 | } from "lucide-react";
     | ^^^^^^^^^^^^^^^^^^^^^^
  19 |
  20 | import type { IconKey } from "@/lib/site-data";
  21 |

The export Linkedin was not found in module [project]/node_modules/lucide-react/dist/esm/lucide-react.mjs [app-ssr] (ecmascript).
Did you mean to import Link?
All exports of the module are statically known (It doesn't have dynamic exports). So it's known statically that the requested export doesn't exist.

Import traces:
  Server Component:
    ./src/components/site/site-icons.tsx
    ./src/app/page.tsx

  Client Component Browser:
    ./src/components/site/site-icons.tsx [Client Component Browser]
    ./src/components/site/site-canvas-desktop.tsx [Client Component Browser]
    ./src/components/site/site-canvas-desktop.tsx [Server Component]
    ./src/components/site/site-canvas.tsx [Server Component]
    ./src/app/page.tsx [Server Component]

  Client Component SSR:
    ./src/components/site/site-icons.tsx [Client Component SSR]
    ./src/components/site/site-canvas-desktop.tsx [Client Component SSR]
    ./src/components/site/site-canvas-desktop.tsx [Server Component]
    ./src/components/site/site-canvas.tsx [Server Component]
    ./src/app/page.tsx [Server Component] @ http://localhost:3000/_next/static/chunks/node_modules_next_dist_0u_w_5s._.js:1945
[ 1816891ms] [ERROR] ./src/app/page.tsx:7:1
Export shelves doesn't exist in target module
   5 | import { Button } from "@/components/ui/button";
   6 | import { Separator } from "@/components/ui/separator";
>  7 | import { contactLink, heroCopy, shelves, socialChannels } from "@/lib/site-data";
     | ^^^^^^^^^^^^^^^^^^^^^^^^^^^^^^^^^^^^^^^^^^^^^^^^^^^^^^^^^^^^^^^^^^^^^^^^^^^^^^^^^
   8 |
   9 | const profileLinks = socialChannels.filter(
  10 |   (channel) => channel.label !== "Email",

The export shelves was not found in module [project]/src/lib/site-data.ts [app-rsc] (ecmascript).
Did you mean to import shelfRecords?
All exports of the module are statically known (It doesn't have dynamic exports). So it's known statically that the requested export doesn't exist. @ http://localhost:3000/_next/static/chunks/node_modules_next_dist_0u_w_5s._.js:1945
[ 1816948ms] [LOG] [Fast Refresh] rebuilding @ http://localhost:3000/_next/static/chunks/node_modules_next_dist_0u_w_5s._.js:1226
[ 1841842ms] [LOG] [Fast Refresh] rebuilding @ http://localhost:3000/_next/static/chunks/node_modules_next_dist_0u_w_5s._.js:1226
[ 1843562ms] [WARNING] [Fast Refresh] performing full reload

Fast Refresh will perform a full reload when you edit a file that's imported by modules outside of the React rendering tree.
You might have a file which exports a React component but also exports a value that is imported by a non-React component file.
Consider migrating the non-React component export to a separate file and importing it into both files.

It is also possible the parent component of the component you edited is a class component, which disables Fast Refresh.
Fast Refresh requires at least one parent function component in your React tree. @ http://localhost:3000/_next/static/chunks/node_modules_next_dist_0u_w_5s._.js:1226
[ 1843571ms] [WARNING] [Fast Refresh] performing full reload because your application had an unrecoverable error @ http://localhost:3000/_next/static/chunks/node_modules_next_dist_0u_w_5s._.js:1226
[ 1845342ms] [LOG] [Fast Refresh] done in 1745ms @ http://localhost:3000/_next/static/chunks/node_modules_next_dist_0u_w_5s._.js:1226
[ 1845541ms] [ERROR] Failed to load resource: the server responded with a status of 404 (Not Found) @ http://localhost:3000/:0
[ 1845588ms] [INFO] %cDownload the React DevTools for a better development experience: https://react.dev/link/react-devtools font-weight:bold @ http://localhost:3000/_next/static/chunks/node_modules_next_dist_115brz8._.js:2477
[ 1845607ms] [LOG] [HMR] connected @ http://localhost:3000/_next/static/chunks/node_modules_next_dist_115brz8._.js:2477
[ 1875603ms] [LOG] [Fast Refresh] rebuilding @ http://localhost:3000/_next/static/chunks/node_modules_next_dist_115brz8._.js:2477
[ 1876777ms] [ERROR] Failed to load resource: the server responded with a status of 404 (Not Found) @ http://localhost:3000/?_rsc=gJvLbHS0Udr_qZza:0
[ 1880930ms] [ERROR] ./src/components/site/site-canvas.tsx:7:27
`ssr: false` is not allowed with `next/dynamic` in Server Components. Please move it into a Client Component.
   5 | import { cn } from "@/lib/utils";
   6 |
>  7 | const SiteCanvasDesktop = dynamic(
     |                           ^^^^^^^
>  8 |   () =>
     | ^^^^^^^
>  9 |     import("@/components/site/site-canvas-desktop").then(
     | ^^^^^^^^^^^^^^^^^^^^^^^^^^^^^^^^^^^^^^^^^^^^^^^^^^^^^^^^^
> 10 |       (mod) => mod.SiteCanvasDesktop,
     | ^^^^^^^^^^^^^^^^^^^^^^^^^^^^^^^^^^^^^
> 11 |     ),
     | ^^^^^^
> 12 |   {
     | ^^^
> 13 |     ssr: false,
     | ^^^^^^^^^^^^^^^
> 14 |     loading: () => (
     | ^^^^^^^^^^^^^^^^^^^^
> 15 |       <div
     | ^^^^^^^^^^
> 16 |         className="hidden min-h-[560px] rounded-[1.5rem] border border-border bg-backgroun...
     | ^^^^^^^^^^^^^^^^^^^^^^^^^^^^^^^^^^^^^^^^^^^^^^^^^^^^^^^^^^^^^^^^^^^^^^^^^^^^^^^^^^^^^^^^^^^^^
> 17 |         aria-hidden
     | ^^^^^^^^^^^^^^^^^^^
> 18 |       />
     | ^^^^^^^^
> 19 |     ),
     | ^^^^^^
> 20 |   },
     | ^^^^
> 21 | );
     | ^
  22 |
  23 | const accentClasses = {
  24 |   ink: "border-foreground/45 text-foreground",

Ecmascript file had an error

Import trace:
  Server Component:
    ./src/components/site/site-canvas.tsx
    ./src/app/page.tsx @ http://localhost:3000/_next/static/chunks/node_modules_next_dist_115brz8._.js:3318
[ 1880935ms] [ERROR] ./src/components/site/site-icons.tsx:2:1
Export Github doesn't exist in target module
   1 | import type { SVGProps } from "react";
>  2 | import {
     | ^^^^^^^
>  3 |   AppWindow,
     | ^^^^^^^^^^^^
>  4 |   ArrowUpRight,
     | ^^^^^^^^^^^^^^^
>  5 |   BookOpen,
     | ^^^^^^^^^^^
>  6 |   BriefcaseBusiness,
     | ^^^^^^^^^^^^^^^^^^^^
>  7 |   Camera,
     | ^^^^^^^^^
>  8 |   Code2,
     | ^^^^^^^^
>  9 |   Github,
     | ^^^^^^^^^
> 10 |   Home,
     | ^^^^^^^
> 11 |   Linkedin,
     | ^^^^^^^^^^^
> 12 |   Mail,
     | ^^^^^^^
> 13 |   Menu,
     | ^^^^^^^
> 14 |   Palette,
     | ^^^^^^^^^^
> 15 |   Video,
     | ^^^^^^^^
> 16 |   X,
     | ^^^^
> 17 |   type LucideIcon,
     | ^^^^^^^^^^^^^^^^^^
> 18 | } from "lucide-react";
     | ^^^^^^^^^^^^^^^^^^^^^^
  19 |
  20 | import type { IconKey } from "@/lib/site-data";
  21 |

The export Github was not found in module [project]/node_modules/lucide-react/dist/esm/lucide-react.mjs [app-client] (ecmascript).
Did you mean to import Gift?
All exports of the module are statically known (It doesn't have dynamic exports). So it's known statically that the requested export doesn't exist.

Import traces:
  Server Component:
    ./src/components/site/site-icons.tsx
    ./src/app/page.tsx

  Client Component Browser:
    ./src/components/site/site-icons.tsx [Client Component Browser]
    ./src/components/site/mobile-nav.tsx [Client Component Browser]
    ./src/components/site/mobile-nav.tsx [Server Component]
    ./src/app/page.tsx [Server Component]

  Client Component SSR:
    ./src/components/site/site-icons.tsx [Client Component SSR]
    ./src/components/site/mobile-nav.tsx [Client Component SSR]
    ./src/components/site/mobile-nav.tsx [Server Component]
    ./src/app/page.tsx [Server Component] @ http://localhost:3000/_next/static/chunks/node_modules_next_dist_115brz8._.js:3318
[ 1880935ms] [ERROR] ./src/components/site/site-icons.tsx:2:1
Export Github doesn't exist in target module
   1 | import type { SVGProps } from "react";
>  2 | import {
     | ^^^^^^^
>  3 |   AppWindow,
     | ^^^^^^^^^^^^
>  4 |   ArrowUpRight,
     | ^^^^^^^^^^^^^^^
>  5 |   BookOpen,
     | ^^^^^^^^^^^
>  6 |   BriefcaseBusiness,
     | ^^^^^^^^^^^^^^^^^^^^
>  7 |   Camera,
     | ^^^^^^^^^
>  8 |   Code2,
     | ^^^^^^^^
>  9 |   Github,
     | ^^^^^^^^^
> 10 |   Home,
     | ^^^^^^^
> 11 |   Linkedin,
     | ^^^^^^^^^^^
> 12 |   Mail,
     | ^^^^^^^
> 13 |   Menu,
     | ^^^^^^^
> 14 |   Palette,
     | ^^^^^^^^^^
> 15 |   Video,
     | ^^^^^^^^
> 16 |   X,
     | ^^^^
> 17 |   type LucideIcon,
     | ^^^^^^^^^^^^^^^^^^
> 18 | } from "lucide-react";
     | ^^^^^^^^^^^^^^^^^^^^^^
  19 |
  20 | import type { IconKey } from "@/lib/site-data";
  21 |

The export Github was not found in module [project]/node_modules/lucide-react/dist/esm/lucide-react.mjs [app-rsc] (ecmascript).
Did you mean to import Gift?
All exports of the module are statically known (It doesn't have dynamic exports). So it's known statically that the requested export doesn't exist.

Import traces:
  Server Component:
    ./src/components/site/site-icons.tsx
    ./src/app/page.tsx

  Client Component Browser:
    ./src/components/site/site-icons.tsx [Client Component Browser]
    ./src/components/site/mobile-nav.tsx [Client Component Browser]
    ./src/components/site/mobile-nav.tsx [Server Component]
    ./src/app/page.tsx [Server Component]

  Client Component SSR:
    ./src/components/site/site-icons.tsx [Client Component SSR]
    ./src/components/site/mobile-nav.tsx [Client Component SSR]
    ./src/components/site/mobile-nav.tsx [Server Component]
    ./src/app/page.tsx [Server Component] @ http://localhost:3000/_next/static/chunks/node_modules_next_dist_115brz8._.js:3318
[ 1880935ms] [ERROR] ./src/components/site/site-icons.tsx:2:1
Export Github doesn't exist in target module
   1 | import type { SVGProps } from "react";
>  2 | import {
     | ^^^^^^^
>  3 |   AppWindow,
     | ^^^^^^^^^^^^
>  4 |   ArrowUpRight,
     | ^^^^^^^^^^^^^^^
>  5 |   BookOpen,
     | ^^^^^^^^^^^
>  6 |   BriefcaseBusiness,
     | ^^^^^^^^^^^^^^^^^^^^
>  7 |   Camera,
     | ^^^^^^^^^
>  8 |   Code2,
     | ^^^^^^^^
>  9 |   Github,
     | ^^^^^^^^^
> 10 |   Home,
     | ^^^^^^^
> 11 |   Linkedin,
     | ^^^^^^^^^^^
> 12 |   Mail,
     | ^^^^^^^
> 13 |   Menu,
     | ^^^^^^^
> 14 |   Palette,
     | ^^^^^^^^^^
> 15 |   Video,
     | ^^^^^^^^
> 16 |   X,
     | ^^^^
> 17 |   type LucideIcon,
     | ^^^^^^^^^^^^^^^^^^
> 18 | } from "lucide-react";
     | ^^^^^^^^^^^^^^^^^^^^^^
  19 |
  20 | import type { IconKey } from "@/lib/site-data";
  21 |

The export Github was not found in module [project]/node_modules/lucide-react/dist/esm/lucide-react.mjs [app-ssr] (ecmascript).
Did you mean to import Gift?
All exports of the module are statically known (It doesn't have dynamic exports). So it's known statically that the requested export doesn't exist.

Import traces:
  Server Component:
    ./src/components/site/site-icons.tsx
    ./src/app/page.tsx

  Client Component Browser:
    ./src/components/site/site-icons.tsx [Client Component Browser]
    ./src/components/site/mobile-nav.tsx [Client Component Browser]
    ./src/components/site/mobile-nav.tsx [Server Component]
    ./src/app/page.tsx [Server Component]

  Client Component SSR:
    ./src/components/site/site-icons.tsx [Client Component SSR]
    ./src/components/site/mobile-nav.tsx [Client Component SSR]
    ./src/components/site/mobile-nav.tsx [Server Component]
    ./src/app/page.tsx [Server Component] @ http://localhost:3000/_next/static/chunks/node_modules_next_dist_115brz8._.js:3318
[ 1880935ms] [ERROR] ./src/components/site/site-icons.tsx:2:1
Export Linkedin doesn't exist in target module
   1 | import type { SVGProps } from "react";
>  2 | import {
     | ^^^^^^^
>  3 |   AppWindow,
     | ^^^^^^^^^^^^
>  4 |   ArrowUpRight,
     | ^^^^^^^^^^^^^^^
>  5 |   BookOpen,
     | ^^^^^^^^^^^
>  6 |   BriefcaseBusiness,
     | ^^^^^^^^^^^^^^^^^^^^
>  7 |   Camera,
     | ^^^^^^^^^
>  8 |   Code2,
     | ^^^^^^^^
>  9 |   Github,
     | ^^^^^^^^^
> 10 |   Home,
     | ^^^^^^^
> 11 |   Linkedin,
     | ^^^^^^^^^^^
> 12 |   Mail,
     | ^^^^^^^
> 13 |   Menu,
     | ^^^^^^^
> 14 |   Palette,
     | ^^^^^^^^^^
> 15 |   Video,
     | ^^^^^^^^
> 16 |   X,
     | ^^^^
> 17 |   type LucideIcon,
     | ^^^^^^^^^^^^^^^^^^
> 18 | } from "lucide-react";
     | ^^^^^^^^^^^^^^^^^^^^^^
  19 |
  20 | import type { IconKey } from "@/lib/site-data";
  21 |

The export Linkedin was not found in module [project]/node_modules/lucide-react/dist/esm/lucide-react.mjs [app-client] (ecmascript).
Did you mean to import Link?
All exports of the module are statically known (It doesn't have dynamic exports). So it's known statically that the requested export doesn't exist.

Import traces:
  Server Component:
    ./src/components/site/site-icons.tsx
    ./src/app/page.tsx

  Client Component Browser:
    ./src/components/site/site-icons.tsx [Client Component Browser]
    ./src/components/site/mobile-nav.tsx [Client Component Browser]
    ./src/components/site/mobile-nav.tsx [Server Component]
    ./src/app/page.tsx [Server Component]

  Client Component SSR:
    ./src/components/site/site-icons.tsx [Client Component SSR]
    ./src/components/site/mobile-nav.tsx [Client Component SSR]
    ./src/components/site/mobile-nav.tsx [Server Component]
    ./src/app/page.tsx [Server Component] @ http://localhost:3000/_next/static/chunks/node_modules_next_dist_115brz8._.js:3318
[ 1880936ms] [ERROR] ./src/components/site/site-icons.tsx:2:1
Export Linkedin doesn't exist in target module
   1 | import type { SVGProps } from "react";
>  2 | import {
     | ^^^^^^^
>  3 |   AppWindow,
     | ^^^^^^^^^^^^
>  4 |   ArrowUpRight,
     | ^^^^^^^^^^^^^^^
>  5 |   BookOpen,
     | ^^^^^^^^^^^
>  6 |   BriefcaseBusiness,
     | ^^^^^^^^^^^^^^^^^^^^
>  7 |   Camera,
     | ^^^^^^^^^
>  8 |   Code2,
     | ^^^^^^^^
>  9 |   Github,
     | ^^^^^^^^^
> 10 |   Home,
     | ^^^^^^^
> 11 |   Linkedin,
     | ^^^^^^^^^^^
> 12 |   Mail,
     | ^^^^^^^
> 13 |   Menu,
     | ^^^^^^^
> 14 |   Palette,
     | ^^^^^^^^^^
> 15 |   Video,
     | ^^^^^^^^
> 16 |   X,
     | ^^^^
> 17 |   type LucideIcon,
     | ^^^^^^^^^^^^^^^^^^
> 18 | } from "lucide-react";
     | ^^^^^^^^^^^^^^^^^^^^^^
  19 |
  20 | import type { IconKey } from "@/lib/site-data";
  21 |

The export Linkedin was not found in module [project]/node_modules/lucide-react/dist/esm/lucide-react.mjs [app-rsc] (ecmascript).
Did you mean to import Link?
All exports of the module are statically known (It doesn't have dynamic exports). So it's known statically that the requested export doesn't exist.

Import traces:
  Server Component:
    ./src/components/site/site-icons.tsx
    ./src/app/page.tsx

  Client Component Browser:
    ./src/components/site/site-icons.tsx [Client Component Browser]
    ./src/components/site/mobile-nav.tsx [Client Component Browser]
    ./src/components/site/mobile-nav.tsx [Server Component]
    ./src/app/page.tsx [Server Component]

  Client Component SSR:
    ./src/components/site/site-icons.tsx [Client Component SSR]
    ./src/components/site/mobile-nav.tsx [Client Component SSR]
    ./src/components/site/mobile-nav.tsx [Server Component]
    ./src/app/page.tsx [Server Component] @ http://localhost:3000/_next/static/chunks/node_modules_next_dist_115brz8._.js:3318
[ 1880936ms] [ERROR] ./src/components/site/site-icons.tsx:2:1
Export Linkedin doesn't exist in target module
   1 | import type { SVGProps } from "react";
>  2 | import {
     | ^^^^^^^
>  3 |   AppWindow,
     | ^^^^^^^^^^^^
>  4 |   ArrowUpRight,
     | ^^^^^^^^^^^^^^^
>  5 |   BookOpen,
     | ^^^^^^^^^^^
>  6 |   BriefcaseBusiness,
     | ^^^^^^^^^^^^^^^^^^^^
>  7 |   Camera,
     | ^^^^^^^^^
>  8 |   Code2,
     | ^^^^^^^^
>  9 |   Github,
     | ^^^^^^^^^
> 10 |   Home,
     | ^^^^^^^
> 11 |   Linkedin,
     | ^^^^^^^^^^^
> 12 |   Mail,
     | ^^^^^^^
> 13 |   Menu,
     | ^^^^^^^
> 14 |   Palette,
     | ^^^^^^^^^^
> 15 |   Video,
     | ^^^^^^^^
> 16 |   X,
     | ^^^^
> 17 |   type LucideIcon,
     | ^^^^^^^^^^^^^^^^^^
> 18 | } from "lucide-react";
     | ^^^^^^^^^^^^^^^^^^^^^^
  19 |
  20 | import type { IconKey } from "@/lib/site-data";
  21 |

The export Linkedin was not found in module [project]/node_modules/lucide-react/dist/esm/lucide-react.mjs [app-ssr] (ecmascript).
Did you mean to import Link?
All exports of the module are statically known (It doesn't have dynamic exports). So it's known statically that the requested export doesn't exist.

Import traces:
  Server Component:
    ./src/components/site/site-icons.tsx
    ./src/app/page.tsx

  Client Component Browser:
    ./src/components/site/site-icons.tsx [Client Component Browser]
    ./src/components/site/mobile-nav.tsx [Client Component Browser]
    ./src/components/site/mobile-nav.tsx [Server Component]
    ./src/app/page.tsx [Server Component]

  Client Component SSR:
    ./src/components/site/site-icons.tsx [Client Component SSR]
    ./src/components/site/mobile-nav.tsx [Client Component SSR]
    ./src/components/site/mobile-nav.tsx [Server Component]
    ./src/app/page.tsx [Server Component] @ http://localhost:3000/_next/static/chunks/node_modules_next_dist_115brz8._.js:3318
[ 1880936ms] [ERROR] ./src/components/site/mobile-nav.tsx:17:1
Export shelves doesn't exist in target module
  15 |   DropdownMenuTrigger,
  16 | } from "@/components/ui/dropdown-menu";
> 17 | import {
     | ^^^^^^^
> 18 |   contactLink,
     | ^^^^^^^^^^^^^^
> 19 |   shelves,
     | ^^^^^^^^^^
> 20 |   socialChannels,
     | ^^^^^^^^^^^^^^^^^
> 21 |   type IconKey,
     | ^^^^^^^^^^^^^^^
> 22 |   type Shelf,
     | ^^^^^^^^^^^^^
> 23 |   type SocialChannel,
     | ^^^^^^^^^^^^^^^^^^^^^
> 24 | } from "@/lib/site-data";
     | ^^^^^^^^^^^^^^^^^^^^^^^^^
  25 | import { cn } from "@/lib/utils";
  26 |
  27 | const internalShelfIds = ["work", "apps", "writing"] as const satisfies readonly Shelf["id...

The export shelves was not found in module [project]/src/lib/site-data.ts [app-client] (ecmascript).
Did you mean to import shelfRecords?
All exports of the module are statically known (It doesn't have dynamic exports). So it's known statically that the requested export doesn't exist.

Import trace:
  Server Component:
    ./src/components/site/mobile-nav.tsx
    ./src/app/page.tsx @ http://localhost:3000/_next/static/chunks/node_modules_next_dist_115brz8._.js:3318
[ 1880936ms] [ERROR] ./src/components/site/mobile-nav.tsx:17:1
Export shelves doesn't exist in target module
  15 |   DropdownMenuTrigger,
  16 | } from "@/components/ui/dropdown-menu";
> 17 | import {
     | ^^^^^^^
> 18 |   contactLink,
     | ^^^^^^^^^^^^^^
> 19 |   shelves,
     | ^^^^^^^^^^
> 20 |   socialChannels,
     | ^^^^^^^^^^^^^^^^^
> 21 |   type IconKey,
     | ^^^^^^^^^^^^^^^
> 22 |   type Shelf,
     | ^^^^^^^^^^^^^
> 23 |   type SocialChannel,
     | ^^^^^^^^^^^^^^^^^^^^^
> 24 | } from "@/lib/site-data";
     | ^^^^^^^^^^^^^^^^^^^^^^^^^
  25 | import { cn } from "@/lib/utils";
  26 |
  27 | const internalShelfIds = ["work", "apps", "writing"] as const satisfies readonly Shelf["id...

The export shelves was not found in module [project]/src/lib/site-data.ts [app-ssr] (ecmascript).
Did you mean to import shelfRecords?
All exports of the module are statically known (It doesn't have dynamic exports). So it's known statically that the requested export doesn't exist.

Import trace:
  Server Component:
    ./src/components/site/mobile-nav.tsx
    ./src/app/page.tsx @ http://localhost:3000/_next/static/chunks/node_modules_next_dist_115brz8._.js:3318
[ 1881015ms] [ERROR] ./src/components/site/site-canvas.tsx:7:27
`ssr: false` is not allowed with `next/dynamic` in Server Components. Please move it into a Client Component.
   5 | import { cn } from "@/lib/utils";
   6 |
>  7 | const SiteCanvasDesktop = dynamic(
     |                           ^^^^^^^
>  8 |   () =>
     | ^^^^^^^
>  9 |     import("@/components/site/site-canvas-desktop").then(
     | ^^^^^^^^^^^^^^^^^^^^^^^^^^^^^^^^^^^^^^^^^^^^^^^^^^^^^^^^^
> 10 |       (mod) => mod.SiteCanvasDesktop,
     | ^^^^^^^^^^^^^^^^^^^^^^^^^^^^^^^^^^^^^
> 11 |     ),
     | ^^^^^^
> 12 |   {
     | ^^^
> 13 |     ssr: false,
     | ^^^^^^^^^^^^^^^
> 14 |     loading: () => (
     | ^^^^^^^^^^^^^^^^^^^^
> 15 |       <div
     | ^^^^^^^^^^
> 16 |         className="hidden min-h-[560px] rounded-[1.5rem] border border-border bg-backgroun...
     | ^^^^^^^^^^^^^^^^^^^^^^^^^^^^^^^^^^^^^^^^^^^^^^^^^^^^^^^^^^^^^^^^^^^^^^^^^^^^^^^^^^^^^^^^^^^^^
> 17 |         aria-hidden
     | ^^^^^^^^^^^^^^^^^^^
> 18 |       />
     | ^^^^^^^^
> 19 |     ),
     | ^^^^^^
> 20 |   },
     | ^^^^
> 21 | );
     | ^
  22 |
  23 | const accentClasses = {
  24 |   ink: "border-foreground/45 text-foreground",

Ecmascript file had an error

Import trace:
  Server Component:
    ./src/components/site/site-canvas.tsx
    ./src/app/page.tsx @ http://localhost:3000/_next/static/chunks/node_modules_next_dist_115brz8._.js:3318
[ 1881018ms] [ERROR] ./src/components/site/site-icons.tsx:2:1
Export Github doesn't exist in target module
   1 | import type { SVGProps } from "react";
>  2 | import {
     | ^^^^^^^
>  3 |   AppWindow,
     | ^^^^^^^^^^^^
>  4 |   ArrowUpRight,
     | ^^^^^^^^^^^^^^^
>  5 |   BookOpen,
     | ^^^^^^^^^^^
>  6 |   BriefcaseBusiness,
     | ^^^^^^^^^^^^^^^^^^^^
>  7 |   Camera,
     | ^^^^^^^^^
>  8 |   Code2,
     | ^^^^^^^^
>  9 |   Github,
     | ^^^^^^^^^
> 10 |   Home,
     | ^^^^^^^
> 11 |   Linkedin,
     | ^^^^^^^^^^^
> 12 |   Mail,
     | ^^^^^^^
> 13 |   Menu,
     | ^^^^^^^
> 14 |   Palette,
     | ^^^^^^^^^^
> 15 |   Video,
     | ^^^^^^^^
> 16 |   X,
     | ^^^^
> 17 |   type LucideIcon,
     | ^^^^^^^^^^^^^^^^^^
> 18 | } from "lucide-react";
     | ^^^^^^^^^^^^^^^^^^^^^^
  19 |
  20 | import type { IconKey } from "@/lib/site-data";
  21 |

The export Github was not found in module [project]/node_modules/lucide-react/dist/esm/lucide-react.mjs [app-client] (ecmascript).
Did you mean to import Gift?
All exports of the module are statically known (It doesn't have dynamic exports). So it's known statically that the requested export doesn't exist.

Import traces:
  Server Component:
    ./src/components/site/site-icons.tsx
    ./src/app/page.tsx

  Client Component Browser:
    ./src/components/site/site-icons.tsx [Client Component Browser]
    ./src/components/site/mobile-nav.tsx [Client Component Browser]
    ./src/components/site/mobile-nav.tsx [Server Component]
    ./src/app/page.tsx [Server Component]

  Client Component SSR:
    ./src/components/site/site-icons.tsx [Client Component SSR]
    ./src/components/site/mobile-nav.tsx [Client Component SSR]
    ./src/components/site/mobile-nav.tsx [Server Component]
    ./src/app/page.tsx [Server Component] @ http://localhost:3000/_next/static/chunks/node_modules_next_dist_115brz8._.js:3318
[ 1881019ms] [ERROR] ./src/components/site/site-icons.tsx:2:1
Export Github doesn't exist in target module
   1 | import type { SVGProps } from "react";
>  2 | import {
     | ^^^^^^^
>  3 |   AppWindow,
     | ^^^^^^^^^^^^
>  4 |   ArrowUpRight,
     | ^^^^^^^^^^^^^^^
>  5 |   BookOpen,
     | ^^^^^^^^^^^
>  6 |   BriefcaseBusiness,
     | ^^^^^^^^^^^^^^^^^^^^
>  7 |   Camera,
     | ^^^^^^^^^
>  8 |   Code2,
     | ^^^^^^^^
>  9 |   Github,
     | ^^^^^^^^^
> 10 |   Home,
     | ^^^^^^^
> 11 |   Linkedin,
     | ^^^^^^^^^^^
> 12 |   Mail,
     | ^^^^^^^
> 13 |   Menu,
     | ^^^^^^^
> 14 |   Palette,
     | ^^^^^^^^^^
> 15 |   Video,
     | ^^^^^^^^
> 16 |   X,
     | ^^^^
> 17 |   type LucideIcon,
     | ^^^^^^^^^^^^^^^^^^
> 18 | } from "lucide-react";
     | ^^^^^^^^^^^^^^^^^^^^^^
  19 |
  20 | import type { IconKey } from "@/lib/site-data";
  21 |

The export Github was not found in module [project]/node_modules/lucide-react/dist/esm/lucide-react.mjs [app-rsc] (ecmascript).
Did you mean to import Gift?
All exports of the module are statically known (It doesn't have dynamic exports). So it's known statically that the requested export doesn't exist.

Import traces:
  Server Component:
    ./src/components/site/site-icons.tsx
    ./src/app/page.tsx

  Client Component Browser:
    ./src/components/site/site-icons.tsx [Client Component Browser]
    ./src/components/site/mobile-nav.tsx [Client Component Browser]
    ./src/components/site/mobile-nav.tsx [Server Component]
    ./src/app/page.tsx [Server Component]

  Client Component SSR:
    ./src/components/site/site-icons.tsx [Client Component SSR]
    ./src/components/site/mobile-nav.tsx [Client Component SSR]
    ./src/components/site/mobile-nav.tsx [Server Component]
    ./src/app/page.tsx [Server Component] @ http://localhost:3000/_next/static/chunks/node_modules_next_dist_115brz8._.js:3318
[ 1881019ms] [ERROR] ./src/components/site/site-icons.tsx:2:1
Export Github doesn't exist in target module
   1 | import type { SVGProps } from "react";
>  2 | import {
     | ^^^^^^^
>  3 |   AppWindow,
     | ^^^^^^^^^^^^
>  4 |   ArrowUpRight,
     | ^^^^^^^^^^^^^^^
>  5 |   BookOpen,
     | ^^^^^^^^^^^
>  6 |   BriefcaseBusiness,
     | ^^^^^^^^^^^^^^^^^^^^
>  7 |   Camera,
     | ^^^^^^^^^
>  8 |   Code2,
     | ^^^^^^^^
>  9 |   Github,
     | ^^^^^^^^^
> 10 |   Home,
     | ^^^^^^^
> 11 |   Linkedin,
     | ^^^^^^^^^^^
> 12 |   Mail,
     | ^^^^^^^
> 13 |   Menu,
     | ^^^^^^^
> 14 |   Palette,
     | ^^^^^^^^^^
> 15 |   Video,
     | ^^^^^^^^
> 16 |   X,
     | ^^^^
> 17 |   type LucideIcon,
     | ^^^^^^^^^^^^^^^^^^
> 18 | } from "lucide-react";
     | ^^^^^^^^^^^^^^^^^^^^^^
  19 |
  20 | import type { IconKey } from "@/lib/site-data";
  21 |

The export Github was not found in module [project]/node_modules/lucide-react/dist/esm/lucide-react.mjs [app-ssr] (ecmascript).
Did you mean to import Gift?
All exports of the module are statically known (It doesn't have dynamic exports). So it's known statically that the requested export doesn't exist.

Import traces:
  Server Component:
    ./src/components/site/site-icons.tsx
    ./src/app/page.tsx

  Client Component Browser:
    ./src/components/site/site-icons.tsx [Client Component Browser]
    ./src/components/site/mobile-nav.tsx [Client Component Browser]
    ./src/components/site/mobile-nav.tsx [Server Component]
    ./src/app/page.tsx [Server Component]

  Client Component SSR:
    ./src/components/site/site-icons.tsx [Client Component SSR]
    ./src/components/site/mobile-nav.tsx [Client Component SSR]
    ./src/components/site/mobile-nav.tsx [Server Component]
    ./src/app/page.tsx [Server Component] @ http://localhost:3000/_next/static/chunks/node_modules_next_dist_115brz8._.js:3318
[ 1881020ms] [ERROR] ./src/components/site/site-icons.tsx:2:1
Export Linkedin doesn't exist in target module
   1 | import type { SVGProps } from "react";
>  2 | import {
     | ^^^^^^^
>  3 |   AppWindow,
     | ^^^^^^^^^^^^
>  4 |   ArrowUpRight,
     | ^^^^^^^^^^^^^^^
>  5 |   BookOpen,
     | ^^^^^^^^^^^
>  6 |   BriefcaseBusiness,
     | ^^^^^^^^^^^^^^^^^^^^
>  7 |   Camera,
     | ^^^^^^^^^
>  8 |   Code2,
     | ^^^^^^^^
>  9 |   Github,
     | ^^^^^^^^^
> 10 |   Home,
     | ^^^^^^^
> 11 |   Linkedin,
     | ^^^^^^^^^^^
> 12 |   Mail,
     | ^^^^^^^
> 13 |   Menu,
     | ^^^^^^^
> 14 |   Palette,
     | ^^^^^^^^^^
> 15 |   Video,
     | ^^^^^^^^
> 16 |   X,
     | ^^^^
> 17 |   type LucideIcon,
     | ^^^^^^^^^^^^^^^^^^
> 18 | } from "lucide-react";
     | ^^^^^^^^^^^^^^^^^^^^^^
  19 |
  20 | import type { IconKey } from "@/lib/site-data";
  21 |

The export Linkedin was not found in module [project]/node_modules/lucide-react/dist/esm/lucide-react.mjs [app-client] (ecmascript).
Did you mean to import Link?
All exports of the module are statically known (It doesn't have dynamic exports). So it's known statically that the requested export doesn't exist.

Import traces:
  Server Component:
    ./src/components/site/site-icons.tsx
    ./src/app/page.tsx

  Client Component Browser:
    ./src/components/site/site-icons.tsx [Client Component Browser]
    ./src/components/site/mobile-nav.tsx [Client Component Browser]
    ./src/components/site/mobile-nav.tsx [Server Component]
    ./src/app/page.tsx [Server Component]

  Client Component SSR:
    ./src/components/site/site-icons.tsx [Client Component SSR]
    ./src/components/site/mobile-nav.tsx [Client Component SSR]
    ./src/components/site/mobile-nav.tsx [Server Component]
    ./src/app/page.tsx [Server Component] @ http://localhost:3000/_next/static/chunks/node_modules_next_dist_115brz8._.js:3318
[ 1881020ms] [ERROR] ./src/components/site/site-icons.tsx:2:1
Export Linkedin doesn't exist in target module
   1 | import type { SVGProps } from "react";
>  2 | import {
     | ^^^^^^^
>  3 |   AppWindow,
     | ^^^^^^^^^^^^
>  4 |   ArrowUpRight,
     | ^^^^^^^^^^^^^^^
>  5 |   BookOpen,
     | ^^^^^^^^^^^
>  6 |   BriefcaseBusiness,
     | ^^^^^^^^^^^^^^^^^^^^
>  7 |   Camera,
     | ^^^^^^^^^
>  8 |   Code2,
     | ^^^^^^^^
>  9 |   Github,
     | ^^^^^^^^^
> 10 |   Home,
     | ^^^^^^^
> 11 |   Linkedin,
     | ^^^^^^^^^^^
> 12 |   Mail,
     | ^^^^^^^
> 13 |   Menu,
     | ^^^^^^^
> 14 |   Palette,
     | ^^^^^^^^^^
> 15 |   Video,
     | ^^^^^^^^
> 16 |   X,
     | ^^^^
> 17 |   type LucideIcon,
     | ^^^^^^^^^^^^^^^^^^
> 18 | } from "lucide-react";
     | ^^^^^^^^^^^^^^^^^^^^^^
  19 |
  20 | import type { IconKey } from "@/lib/site-data";
  21 |

The export Linkedin was not found in module [project]/node_modules/lucide-react/dist/esm/lucide-react.mjs [app-rsc] (ecmascript).
Did you mean to import Link?
All exports of the module are statically known (It doesn't have dynamic exports). So it's known statically that the requested export doesn't exist.

Import traces:
  Server Component:
    ./src/components/site/site-icons.tsx
    ./src/app/page.tsx

  Client Component Browser:
    ./src/components/site/site-icons.tsx [Client Component Browser]
    ./src/components/site/mobile-nav.tsx [Client Component Browser]
    ./src/components/site/mobile-nav.tsx [Server Component]
    ./src/app/page.tsx [Server Component]

  Client Component SSR:
    ./src/components/site/site-icons.tsx [Client Component SSR]
    ./src/components/site/mobile-nav.tsx [Client Component SSR]
    ./src/components/site/mobile-nav.tsx [Server Component]
    ./src/app/page.tsx [Server Component] @ http://localhost:3000/_next/static/chunks/node_modules_next_dist_115brz8._.js:3318
[ 1881020ms] [ERROR] ./src/components/site/site-icons.tsx:2:1
Export Linkedin doesn't exist in target module
   1 | import type { SVGProps } from "react";
>  2 | import {
     | ^^^^^^^
>  3 |   AppWindow,
     | ^^^^^^^^^^^^
>  4 |   ArrowUpRight,
     | ^^^^^^^^^^^^^^^
>  5 |   BookOpen,
     | ^^^^^^^^^^^
>  6 |   BriefcaseBusiness,
     | ^^^^^^^^^^^^^^^^^^^^
>  7 |   Camera,
     | ^^^^^^^^^
>  8 |   Code2,
     | ^^^^^^^^
>  9 |   Github,
     | ^^^^^^^^^
> 10 |   Home,
     | ^^^^^^^
> 11 |   Linkedin,
     | ^^^^^^^^^^^
> 12 |   Mail,
     | ^^^^^^^
> 13 |   Menu,
     | ^^^^^^^
> 14 |   Palette,
     | ^^^^^^^^^^
> 15 |   Video,
     | ^^^^^^^^
> 16 |   X,
     | ^^^^
> 17 |   type LucideIcon,
     | ^^^^^^^^^^^^^^^^^^
> 18 | } from "lucide-react";
     | ^^^^^^^^^^^^^^^^^^^^^^
  19 |
  20 | import type { IconKey } from "@/lib/site-data";
  21 |

The export Linkedin was not found in module [project]/node_modules/lucide-react/dist/esm/lucide-react.mjs [app-ssr] (ecmascript).
Did you mean to import Link?
All exports of the module are statically known (It doesn't have dynamic exports). So it's known statically that the requested export doesn't exist.

Import traces:
  Server Component:
    ./src/components/site/site-icons.tsx
    ./src/app/page.tsx

  Client Component Browser:
    ./src/components/site/site-icons.tsx [Client Component Browser]
    ./src/components/site/mobile-nav.tsx [Client Component Browser]
    ./src/components/site/mobile-nav.tsx [Server Component]
    ./src/app/page.tsx [Server Component]

  Client Component SSR:
    ./src/components/site/site-icons.tsx [Client Component SSR]
    ./src/components/site/mobile-nav.tsx [Client Component SSR]
    ./src/components/site/mobile-nav.tsx [Server Component]
    ./src/app/page.tsx [Server Component] @ http://localhost:3000/_next/static/chunks/node_modules_next_dist_115brz8._.js:3318
[ 1881020ms] [ERROR] ./src/components/site/mobile-nav.tsx:17:1
Export shelves doesn't exist in target module
  15 |   DropdownMenuTrigger,
  16 | } from "@/components/ui/dropdown-menu";
> 17 | import {
     | ^^^^^^^
> 18 |   contactLink,
     | ^^^^^^^^^^^^^^
> 19 |   shelves,
     | ^^^^^^^^^^
> 20 |   socialChannels,
     | ^^^^^^^^^^^^^^^^^
> 21 |   type IconKey,
     | ^^^^^^^^^^^^^^^
> 22 |   type Shelf,
     | ^^^^^^^^^^^^^
> 23 |   type SocialChannel,
     | ^^^^^^^^^^^^^^^^^^^^^
> 24 | } from "@/lib/site-data";
     | ^^^^^^^^^^^^^^^^^^^^^^^^^
  25 | import { cn } from "@/lib/utils";
  26 |
  27 | const internalShelfIds = ["work", "apps", "writing"] as const satisfies readonly Shelf["id...

The export shelves was not found in module [project]/src/lib/site-data.ts [app-client] (ecmascript).
Did you mean to import shelfRecords?
All exports of the module are statically known (It doesn't have dynamic exports). So it's known statically that the requested export doesn't exist.

Import trace:
  Server Component:
    ./src/components/site/mobile-nav.tsx
    ./src/app/page.tsx @ http://localhost:3000/_next/static/chunks/node_modules_next_dist_115brz8._.js:3318
[ 1881020ms] [ERROR] ./src/components/site/mobile-nav.tsx:17:1
Export shelves doesn't exist in target module
  15 |   DropdownMenuTrigger,
  16 | } from "@/components/ui/dropdown-menu";
> 17 | import {
     | ^^^^^^^
> 18 |   contactLink,
     | ^^^^^^^^^^^^^^
> 19 |   shelves,
     | ^^^^^^^^^^
> 20 |   socialChannels,
     | ^^^^^^^^^^^^^^^^^
> 21 |   type IconKey,
     | ^^^^^^^^^^^^^^^
> 22 |   type Shelf,
     | ^^^^^^^^^^^^^
> 23 |   type SocialChannel,
     | ^^^^^^^^^^^^^^^^^^^^^
> 24 | } from "@/lib/site-data";
     | ^^^^^^^^^^^^^^^^^^^^^^^^^
  25 | import { cn } from "@/lib/utils";
  26 |
  27 | const internalShelfIds = ["work", "apps", "writing"] as const satisfies readonly Shelf["id...

The export shelves was not found in module [project]/src/lib/site-data.ts [app-ssr] (ecmascript).
Did you mean to import shelfRecords?
All exports of the module are statically known (It doesn't have dynamic exports). So it's known statically that the requested export doesn't exist.

Import trace:
  Server Component:
    ./src/components/site/mobile-nav.tsx
    ./src/app/page.tsx @ http://localhost:3000/_next/static/chunks/node_modules_next_dist_115brz8._.js:3318
[ 1881122ms] [LOG] [Fast Refresh] rebuilding @ http://localhost:3000/_next/static/chunks/node_modules_next_dist_115brz8._.js:2477
[ 1881127ms] [ERROR] ./src/components/site/site-canvas.tsx:7:27
`ssr: false` is not allowed with `next/dynamic` in Server Components. Please move it into a Client Component.
   5 | import { cn } from "@/lib/utils";
   6 |
>  7 | const SiteCanvasDesktop = dynamic(
     |                           ^^^^^^^
>  8 |   () =>
     | ^^^^^^^
>  9 |     import("@/components/site/site-canvas-desktop").then(
     | ^^^^^^^^^^^^^^^^^^^^^^^^^^^^^^^^^^^^^^^^^^^^^^^^^^^^^^^^^
> 10 |       (mod) => mod.SiteCanvasDesktop,
     | ^^^^^^^^^^^^^^^^^^^^^^^^^^^^^^^^^^^^^
> 11 |     ),
     | ^^^^^^
> 12 |   {
     | ^^^
> 13 |     ssr: false,
     | ^^^^^^^^^^^^^^^
> 14 |     loading: () => (
     | ^^^^^^^^^^^^^^^^^^^^
> 15 |       <div
     | ^^^^^^^^^^
> 16 |         className="hidden min-h-[560px] rounded-[1.5rem] border border-border bg-backgroun...
     | ^^^^^^^^^^^^^^^^^^^^^^^^^^^^^^^^^^^^^^^^^^^^^^^^^^^^^^^^^^^^^^^^^^^^^^^^^^^^^^^^^^^^^^^^^^^^^
> 17 |         aria-hidden
     | ^^^^^^^^^^^^^^^^^^^
> 18 |       />
     | ^^^^^^^^
> 19 |     ),
     | ^^^^^^
> 20 |   },
     | ^^^^
> 21 | );
     | ^
  22 |
  23 | const accentClasses = {
  24 |   ink: "border-foreground/45 text-foreground",

Ecmascript file had an error

Import trace:
  Server Component:
    ./src/components/site/site-canvas.tsx
    ./src/app/page.tsx @ http://localhost:3000/_next/static/chunks/node_modules_next_dist_115brz8._.js:3318
[ 1881130ms] [ERROR] ./src/components/site/site-icons.tsx:2:1
Export Github doesn't exist in target module
   1 | import type { SVGProps } from "react";
>  2 | import {
     | ^^^^^^^
>  3 |   AppWindow,
     | ^^^^^^^^^^^^
>  4 |   ArrowUpRight,
     | ^^^^^^^^^^^^^^^
>  5 |   BookOpen,
     | ^^^^^^^^^^^
>  6 |   BriefcaseBusiness,
     | ^^^^^^^^^^^^^^^^^^^^
>  7 |   Camera,
     | ^^^^^^^^^
>  8 |   Code2,
     | ^^^^^^^^
>  9 |   Github,
     | ^^^^^^^^^
> 10 |   Home,
     | ^^^^^^^
> 11 |   Linkedin,
     | ^^^^^^^^^^^
> 12 |   Mail,
     | ^^^^^^^
> 13 |   Menu,
     | ^^^^^^^
> 14 |   Palette,
     | ^^^^^^^^^^
> 15 |   Video,
     | ^^^^^^^^
> 16 |   X,
     | ^^^^
> 17 |   type LucideIcon,
     | ^^^^^^^^^^^^^^^^^^
> 18 | } from "lucide-react";
     | ^^^^^^^^^^^^^^^^^^^^^^
  19 |
  20 | import type { IconKey } from "@/lib/site-data";
  21 |

The export Github was not found in module [project]/node_modules/lucide-react/dist/esm/lucide-react.mjs [app-client] (ecmascript).
Did you mean to import Gift?
All exports of the module are statically known (It doesn't have dynamic exports). So it's known statically that the requested export doesn't exist.

Import traces:
  Server Component:
    ./src/components/site/site-icons.tsx
    ./src/app/page.tsx

  Client Component Browser:
    ./src/components/site/site-icons.tsx [Client Component Browser]
    ./src/components/site/mobile-nav.tsx [Client Component Browser]
    ./src/components/site/mobile-nav.tsx [Server Component]
    ./src/app/page.tsx [Server Component]

  Client Component SSR:
    ./src/components/site/site-icons.tsx [Client Component SSR]
    ./src/components/site/mobile-nav.tsx [Client Component SSR]
    ./src/components/site/mobile-nav.tsx [Server Component]
    ./src/app/page.tsx [Server Component] @ http://localhost:3000/_next/static/chunks/node_modules_next_dist_115brz8._.js:3318
[ 1881130ms] [ERROR] ./src/components/site/site-icons.tsx:2:1
Export Github doesn't exist in target module
   1 | import type { SVGProps } from "react";
>  2 | import {
     | ^^^^^^^
>  3 |   AppWindow,
     | ^^^^^^^^^^^^
>  4 |   ArrowUpRight,
     | ^^^^^^^^^^^^^^^
>  5 |   BookOpen,
     | ^^^^^^^^^^^
>  6 |   BriefcaseBusiness,
     | ^^^^^^^^^^^^^^^^^^^^
>  7 |   Camera,
     | ^^^^^^^^^
>  8 |   Code2,
     | ^^^^^^^^
>  9 |   Github,
     | ^^^^^^^^^
> 10 |   Home,
     | ^^^^^^^
> 11 |   Linkedin,
     | ^^^^^^^^^^^
> 12 |   Mail,
     | ^^^^^^^
> 13 |   Menu,
     | ^^^^^^^
> 14 |   Palette,
     | ^^^^^^^^^^
> 15 |   Video,
     | ^^^^^^^^
> 16 |   X,
     | ^^^^
> 17 |   type LucideIcon,
     | ^^^^^^^^^^^^^^^^^^
> 18 | } from "lucide-react";
     | ^^^^^^^^^^^^^^^^^^^^^^
  19 |
  20 | import type { IconKey } from "@/lib/site-data";
  21 |

The export Github was not found in module [project]/node_modules/lucide-react/dist/esm/lucide-react.mjs [app-rsc] (ecmascript).
Did you mean to import Gift?
All exports of the module are statically known (It doesn't have dynamic exports). So it's known statically that the requested export doesn't exist.

Import traces:
  Server Component:
    ./src/components/site/site-icons.tsx
    ./src/app/page.tsx

  Client Component Browser:
    ./src/components/site/site-icons.tsx [Client Component Browser]
    ./src/components/site/mobile-nav.tsx [Client Component Browser]
    ./src/components/site/mobile-nav.tsx [Server Component]
    ./src/app/page.tsx [Server Component]

  Client Component SSR:
    ./src/components/site/site-icons.tsx [Client Component SSR]
    ./src/components/site/mobile-nav.tsx [Client Component SSR]
    ./src/components/site/mobile-nav.tsx [Server Component]
    ./src/app/page.tsx [Server Component] @ http://localhost:3000/_next/static/chunks/node_modules_next_dist_115brz8._.js:3318
[ 1881130ms] [ERROR] ./src/components/site/site-icons.tsx:2:1
Export Github doesn't exist in target module
   1 | import type { SVGProps } from "react";
>  2 | import {
     | ^^^^^^^
>  3 |   AppWindow,
     | ^^^^^^^^^^^^
>  4 |   ArrowUpRight,
     | ^^^^^^^^^^^^^^^
>  5 |   BookOpen,
     | ^^^^^^^^^^^
>  6 |   BriefcaseBusiness,
     | ^^^^^^^^^^^^^^^^^^^^
>  7 |   Camera,
     | ^^^^^^^^^
>  8 |   Code2,
     | ^^^^^^^^
>  9 |   Github,
     | ^^^^^^^^^
> 10 |   Home,
     | ^^^^^^^
> 11 |   Linkedin,
     | ^^^^^^^^^^^
> 12 |   Mail,
     | ^^^^^^^
> 13 |   Menu,
     | ^^^^^^^
> 14 |   Palette,
     | ^^^^^^^^^^
> 15 |   Video,
     | ^^^^^^^^
> 16 |   X,
     | ^^^^
> 17 |   type LucideIcon,
     | ^^^^^^^^^^^^^^^^^^
> 18 | } from "lucide-react";
     | ^^^^^^^^^^^^^^^^^^^^^^
  19 |
  20 | import type { IconKey } from "@/lib/site-data";
  21 |

The export Github was not found in module [project]/node_modules/lucide-react/dist/esm/lucide-react.mjs [app-ssr] (ecmascript).
Did you mean to import Gift?
All exports of the module are statically known (It doesn't have dynamic exports). So it's known statically that the requested export doesn't exist.

Import traces:
  Server Component:
    ./src/components/site/site-icons.tsx
    ./src/app/page.tsx

  Client Component Browser:
    ./src/components/site/site-icons.tsx [Client Component Browser]
    ./src/components/site/mobile-nav.tsx [Client Component Browser]
    ./src/components/site/mobile-nav.tsx [Server Component]
    ./src/app/page.tsx [Server Component]

  Client Component SSR:
    ./src/components/site/site-icons.tsx [Client Component SSR]
    ./src/components/site/mobile-nav.tsx [Client Component SSR]
    ./src/components/site/mobile-nav.tsx [Server Component]
    ./src/app/page.tsx [Server Component] @ http://localhost:3000/_next/static/chunks/node_modules_next_dist_115brz8._.js:3318
[ 1881130ms] [ERROR] ./src/components/site/site-icons.tsx:2:1
Export Linkedin doesn't exist in target module
   1 | import type { SVGProps } from "react";
>  2 | import {
     | ^^^^^^^
>  3 |   AppWindow,
     | ^^^^^^^^^^^^
>  4 |   ArrowUpRight,
     | ^^^^^^^^^^^^^^^
>  5 |   BookOpen,
     | ^^^^^^^^^^^
>  6 |   BriefcaseBusiness,
     | ^^^^^^^^^^^^^^^^^^^^
>  7 |   Camera,
     | ^^^^^^^^^
>  8 |   Code2,
     | ^^^^^^^^
>  9 |   Github,
     | ^^^^^^^^^
> 10 |   Home,
     | ^^^^^^^
> 11 |   Linkedin,
     | ^^^^^^^^^^^
> 12 |   Mail,
     | ^^^^^^^
> 13 |   Menu,
     | ^^^^^^^
> 14 |   Palette,
     | ^^^^^^^^^^
> 15 |   Video,
     | ^^^^^^^^
> 16 |   X,
     | ^^^^
> 17 |   type LucideIcon,
     | ^^^^^^^^^^^^^^^^^^
> 18 | } from "lucide-react";
     | ^^^^^^^^^^^^^^^^^^^^^^
  19 |
  20 | import type { IconKey } from "@/lib/site-data";
  21 |

The export Linkedin was not found in module [project]/node_modules/lucide-react/dist/esm/lucide-react.mjs [app-client] (ecmascript).
Did you mean to import Link?
All exports of the module are statically known (It doesn't have dynamic exports). So it's known statically that the requested export doesn't exist.

Import traces:
  Server Component:
    ./src/components/site/site-icons.tsx
    ./src/app/page.tsx

  Client Component Browser:
    ./src/components/site/site-icons.tsx [Client Component Browser]
    ./src/components/site/mobile-nav.tsx [Client Component Browser]
    ./src/components/site/mobile-nav.tsx [Server Component]
    ./src/app/page.tsx [Server Component]

  Client Component SSR:
    ./src/components/site/site-icons.tsx [Client Component SSR]
    ./src/components/site/mobile-nav.tsx [Client Component SSR]
    ./src/components/site/mobile-nav.tsx [Server Component]
    ./src/app/page.tsx [Server Component] @ http://localhost:3000/_next/static/chunks/node_modules_next_dist_115brz8._.js:3318
[ 1881131ms] [ERROR] ./src/components/site/site-icons.tsx:2:1
Export Linkedin doesn't exist in target module
   1 | import type { SVGProps } from "react";
>  2 | import {
     | ^^^^^^^
>  3 |   AppWindow,
     | ^^^^^^^^^^^^
>  4 |   ArrowUpRight,
     | ^^^^^^^^^^^^^^^
>  5 |   BookOpen,
     | ^^^^^^^^^^^
>  6 |   BriefcaseBusiness,
     | ^^^^^^^^^^^^^^^^^^^^
>  7 |   Camera,
     | ^^^^^^^^^
>  8 |   Code2,
     | ^^^^^^^^
>  9 |   Github,
     | ^^^^^^^^^
> 10 |   Home,
     | ^^^^^^^
> 11 |   Linkedin,
     | ^^^^^^^^^^^
> 12 |   Mail,
     | ^^^^^^^
> 13 |   Menu,
     | ^^^^^^^
> 14 |   Palette,
     | ^^^^^^^^^^
> 15 |   Video,
     | ^^^^^^^^
> 16 |   X,
     | ^^^^
> 17 |   type LucideIcon,
     | ^^^^^^^^^^^^^^^^^^
> 18 | } from "lucide-react";
     | ^^^^^^^^^^^^^^^^^^^^^^
  19 |
  20 | import type { IconKey } from "@/lib/site-data";
  21 |

The export Linkedin was not found in module [project]/node_modules/lucide-react/dist/esm/lucide-react.mjs [app-rsc] (ecmascript).
Did you mean to import Link?
All exports of the module are statically known (It doesn't have dynamic exports). So it's known statically that the requested export doesn't exist.

Import traces:
  Server Component:
    ./src/components/site/site-icons.tsx
    ./src/app/page.tsx

  Client Component Browser:
    ./src/components/site/site-icons.tsx [Client Component Browser]
    ./src/components/site/mobile-nav.tsx [Client Component Browser]
    ./src/components/site/mobile-nav.tsx [Server Component]
    ./src/app/page.tsx [Server Component]

  Client Component SSR:
    ./src/components/site/site-icons.tsx [Client Component SSR]
    ./src/components/site/mobile-nav.tsx [Client Component SSR]
    ./src/components/site/mobile-nav.tsx [Server Component]
    ./src/app/page.tsx [Server Component] @ http://localhost:3000/_next/static/chunks/node_modules_next_dist_115brz8._.js:3318
[ 1881131ms] [ERROR] ./src/components/site/site-icons.tsx:2:1
Export Linkedin doesn't exist in target module
   1 | import type { SVGProps } from "react";
>  2 | import {
     | ^^^^^^^
>  3 |   AppWindow,
     | ^^^^^^^^^^^^
>  4 |   ArrowUpRight,
     | ^^^^^^^^^^^^^^^
>  5 |   BookOpen,
     | ^^^^^^^^^^^
>  6 |   BriefcaseBusiness,
     | ^^^^^^^^^^^^^^^^^^^^
>  7 |   Camera,
     | ^^^^^^^^^
>  8 |   Code2,
     | ^^^^^^^^
>  9 |   Github,
     | ^^^^^^^^^
> 10 |   Home,
     | ^^^^^^^
> 11 |   Linkedin,
     | ^^^^^^^^^^^
> 12 |   Mail,
     | ^^^^^^^
> 13 |   Menu,
     | ^^^^^^^
> 14 |   Palette,
     | ^^^^^^^^^^
> 15 |   Video,
     | ^^^^^^^^
> 16 |   X,
     | ^^^^
> 17 |   type LucideIcon,
     | ^^^^^^^^^^^^^^^^^^
> 18 | } from "lucide-react";
     | ^^^^^^^^^^^^^^^^^^^^^^
  19 |
  20 | import type { IconKey } from "@/lib/site-data";
  21 |

The export Linkedin was not found in module [project]/node_modules/lucide-react/dist/esm/lucide-react.mjs [app-ssr] (ecmascript).
Did you mean to import Link?
All exports of the module are statically known (It doesn't have dynamic exports). So it's known statically that the requested export doesn't exist.

Import traces:
  Server Component:
    ./src/components/site/site-icons.tsx
    ./src/app/page.tsx

  Client Component Browser:
    ./src/components/site/site-icons.tsx [Client Component Browser]
    ./src/components/site/mobile-nav.tsx [Client Component Browser]
    ./src/components/site/mobile-nav.tsx [Server Component]
    ./src/app/page.tsx [Server Component]

  Client Component SSR:
    ./src/components/site/site-icons.tsx [Client Component SSR]
    ./src/components/site/mobile-nav.tsx [Client Component SSR]
    ./src/components/site/mobile-nav.tsx [Server Component]
    ./src/app/page.tsx [Server Component] @ http://localhost:3000/_next/static/chunks/node_modules_next_dist_115brz8._.js:3318
[ 1881131ms] [ERROR] ./src/components/site/mobile-nav.tsx:17:1
Export shelves doesn't exist in target module
  15 |   DropdownMenuTrigger,
  16 | } from "@/components/ui/dropdown-menu";
> 17 | import {
     | ^^^^^^^
> 18 |   contactLink,
     | ^^^^^^^^^^^^^^
> 19 |   shelves,
     | ^^^^^^^^^^
> 20 |   socialChannels,
     | ^^^^^^^^^^^^^^^^^
> 21 |   type IconKey,
     | ^^^^^^^^^^^^^^^
> 22 |   type Shelf,
     | ^^^^^^^^^^^^^
> 23 |   type SocialChannel,
     | ^^^^^^^^^^^^^^^^^^^^^
> 24 | } from "@/lib/site-data";
     | ^^^^^^^^^^^^^^^^^^^^^^^^^
  25 | import { cn } from "@/lib/utils";
  26 |
  27 | const internalShelfIds = ["work", "apps", "writing"] as const satisfies readonly Shelf["id...

The export shelves was not found in module [project]/src/lib/site-data.ts [app-client] (ecmascript).
Did you mean to import shelfRecords?
All exports of the module are statically known (It doesn't have dynamic exports). So it's known statically that the requested export doesn't exist.

Import trace:
  Server Component:
    ./src/components/site/mobile-nav.tsx
    ./src/app/page.tsx @ http://localhost:3000/_next/static/chunks/node_modules_next_dist_115brz8._.js:3318
[ 1881131ms] [ERROR] ./src/components/site/mobile-nav.tsx:17:1
Export shelves doesn't exist in target module
  15 |   DropdownMenuTrigger,
  16 | } from "@/components/ui/dropdown-menu";
> 17 | import {
     | ^^^^^^^
> 18 |   contactLink,
     | ^^^^^^^^^^^^^^
> 19 |   shelves,
     | ^^^^^^^^^^
> 20 |   socialChannels,
     | ^^^^^^^^^^^^^^^^^
> 21 |   type IconKey,
     | ^^^^^^^^^^^^^^^
> 22 |   type Shelf,
     | ^^^^^^^^^^^^^
> 23 |   type SocialChannel,
     | ^^^^^^^^^^^^^^^^^^^^^
> 24 | } from "@/lib/site-data";
     | ^^^^^^^^^^^^^^^^^^^^^^^^^
  25 | import { cn } from "@/lib/utils";
  26 |
  27 | const internalShelfIds = ["work", "apps", "writing"] as const satisfies readonly Shelf["id...

The export shelves was not found in module [project]/src/lib/site-data.ts [app-ssr] (ecmascript).
Did you mean to import shelfRecords?
All exports of the module are statically known (It doesn't have dynamic exports). So it's known statically that the requested export doesn't exist.

Import trace:
  Server Component:
    ./src/components/site/mobile-nav.tsx
    ./src/app/page.tsx @ http://localhost:3000/_next/static/chunks/node_modules_next_dist_115brz8._.js:3318
[ 1881139ms] [ERROR] Failed to load resource: the server responded with a status of 500 (Internal Server Error) @ http://localhost:3000/?_rsc=gJvLbHS0Udr_qZza:0
[ 1881170ms] [ERROR] Failed to load resource: the server responded with a status of 500 (Internal Server Error) @ http://localhost:3000/:0
[ 1881354ms] [INFO] %cDownload the React DevTools for a better development experience: https://react.dev/link/react-devtools font-weight:bold @ http://localhost:3000/_next/static/chunks/node_modules_react-dom_0bruynb._.js:15305
[ 1881425ms] Error: ./src/components/site/site-canvas.tsx:7:27
`ssr: false` is not allowed with `next/dynamic` in Server Components. Please move it into a Client Component.
   5 | import { cn } from "@/lib/utils";
   6 |
>  7 | const SiteCanvasDesktop = dynamic(
     |                           ^^^^^^^
>  8 |   () =>
     | ^^^^^^^
>  9 |     import("@/components/site/site-canvas-desktop").then(
     | ^^^^^^^^^^^^^^^^^^^^^^^^^^^^^^^^^^^^^^^^^^^^^^^^^^^^^^^^^
> 10 |       (mod) => mod.SiteCanvasDesktop,
     | ^^^^^^^^^^^^^^^^^^^^^^^^^^^^^^^^^^^^^
> 11 |     ),
     | ^^^^^^
> 12 |   {
     | ^^^
> 13 |     ssr: false,
     | ^^^^^^^^^^^^^^^
> 14 |     loading: () => (
     | ^^^^^^^^^^^^^^^^^^^^
> 15 |       <div
     | ^^^^^^^^^^
> 16 |         className="hidden min-h-[560px] rounded-[1.5rem] border border-border bg-backgroun...
     | ^^^^^^^^^^^^^^^^^^^^^^^^^^^^^^^^^^^^^^^^^^^^^^^^^^^^^^^^^^^^^^^^^^^^^^^^^^^^^^^^^^^^^^^^^^^^^
> 17 |         aria-hidden
     | ^^^^^^^^^^^^^^^^^^^
> 18 |       />
     | ^^^^^^^^
> 19 |     ),
     | ^^^^^^
> 20 |   },
     | ^^^^
> 21 | );
     | ^
  22 |
  23 | const accentClasses = {
  24 |   ink: "border-foreground/45 text-foreground",

Ecmascript file had an error

Import trace:
  Server Component:
    ./src/components/site/site-canvas.tsx
    ./src/app/page.tsx


    at <unknown> (Error: ./src/components/site/site-canvas.tsx:7:27)
    at Object.getCompilationErrors (file:///Users/josephsimo/Downloads/joesimo/node_modules/next/dist/server/dev/hot-reloader-turbopack.js:1186:59)
    at DevBundlerService.getCompilationError (file:///Users/josephsimo/Downloads/joesimo/node_modules/next/dist/server/lib/dev-bundler-service.js:44:55)
    at DevServer.getCompilationError (file:///Users/josephsimo/Downloads/joesimo/node_modules/next/dist/server/dev/next-dev-server.js:720:42)
    at DevServer.findPageComponents (file:///Users/josephsimo/Downloads/joesimo/node_modules/next/dist/server/dev/next-dev-server.js:690:43)
    at async DevServer.renderErrorToResponseImpl (file:///Users/josephsimo/Downloads/joesimo/node_modules/next/dist/server/base-server.js:1753:26)
[ 1881434ms] [LOG] [HMR] connected @ http://localhost:3000/_next/static/chunks/node_modules_next_dist_0u_w_5s._.js:1226
[ 1881485ms] [ERROR] ./src/components/site/site-canvas.tsx:7:27
`ssr: false` is not allowed with `next/dynamic` in Server Components. Please move it into a Client Component.
   5 | import { cn } from "@/lib/utils";
   6 |
>  7 | const SiteCanvasDesktop = dynamic(
     |                           ^^^^^^^
>  8 |   () =>
     | ^^^^^^^
>  9 |     import("@/components/site/site-canvas-desktop").then(
     | ^^^^^^^^^^^^^^^^^^^^^^^^^^^^^^^^^^^^^^^^^^^^^^^^^^^^^^^^^
> 10 |       (mod) => mod.SiteCanvasDesktop,
     | ^^^^^^^^^^^^^^^^^^^^^^^^^^^^^^^^^^^^^
> 11 |     ),
     | ^^^^^^
> 12 |   {
     | ^^^
> 13 |     ssr: false,
     | ^^^^^^^^^^^^^^^
> 14 |     loading: () => (
     | ^^^^^^^^^^^^^^^^^^^^
> 15 |       <div
     | ^^^^^^^^^^
> 16 |         className="hidden min-h-[560px] rounded-[1.5rem] border border-border bg-backgroun...
     | ^^^^^^^^^^^^^^^^^^^^^^^^^^^^^^^^^^^^^^^^^^^^^^^^^^^^^^^^^^^^^^^^^^^^^^^^^^^^^^^^^^^^^^^^^^^^^
> 17 |         aria-hidden
     | ^^^^^^^^^^^^^^^^^^^
> 18 |       />
     | ^^^^^^^^
> 19 |     ),
     | ^^^^^^
> 20 |   },
     | ^^^^
> 21 | );
     | ^
  22 |
  23 | const accentClasses = {
  24 |   ink: "border-foreground/45 text-foreground",

Ecmascript file had an error

Import trace:
  Server Component:
    ./src/components/site/site-canvas.tsx
    ./src/app/page.tsx @ http://localhost:3000/_next/static/chunks/node_modules_next_dist_0u_w_5s._.js:1945
[ 1881486ms] [ERROR] ./src/components/site/site-icons.tsx:2:1
Export Github doesn't exist in target module
   1 | import type { SVGProps } from "react";
>  2 | import {
     | ^^^^^^^
>  3 |   AppWindow,
     | ^^^^^^^^^^^^
>  4 |   ArrowUpRight,
     | ^^^^^^^^^^^^^^^
>  5 |   BookOpen,
     | ^^^^^^^^^^^
>  6 |   BriefcaseBusiness,
     | ^^^^^^^^^^^^^^^^^^^^
>  7 |   Camera,
     | ^^^^^^^^^
>  8 |   Code2,
     | ^^^^^^^^
>  9 |   Github,
     | ^^^^^^^^^
> 10 |   Home,
     | ^^^^^^^
> 11 |   Linkedin,
     | ^^^^^^^^^^^
> 12 |   Mail,
     | ^^^^^^^
> 13 |   Menu,
     | ^^^^^^^
> 14 |   Palette,
     | ^^^^^^^^^^
> 15 |   Video,
     | ^^^^^^^^
> 16 |   X,
     | ^^^^
> 17 |   type LucideIcon,
     | ^^^^^^^^^^^^^^^^^^
> 18 | } from "lucide-react";
     | ^^^^^^^^^^^^^^^^^^^^^^
  19 |
  20 | import type { IconKey } from "@/lib/site-data";
  21 |

The export Github was not found in module [project]/node_modules/lucide-react/dist/esm/lucide-react.mjs [app-client] (ecmascript).
Did you mean to import Gift?
All exports of the module are statically known (It doesn't have dynamic exports). So it's known statically that the requested export doesn't exist.

Import traces:
  Server Component:
    ./src/components/site/site-icons.tsx
    ./src/app/page.tsx

  Client Component Browser:
    ./src/components/site/site-icons.tsx [Client Component Browser]
    ./src/components/site/mobile-nav.tsx [Client Component Browser]
    ./src/components/site/mobile-nav.tsx [Server Component]
    ./src/app/page.tsx [Server Component]

  Client Component SSR:
    ./src/components/site/site-icons.tsx [Client Component SSR]
    ./src/components/site/mobile-nav.tsx [Client Component SSR]
    ./src/components/site/mobile-nav.tsx [Server Component]
    ./src/app/page.tsx [Server Component] @ http://localhost:3000/_next/static/chunks/node_modules_next_dist_0u_w_5s._.js:1945
[ 1881486ms] [ERROR] ./src/components/site/site-icons.tsx:2:1
Export Github doesn't exist in target module
   1 | import type { SVGProps } from "react";
>  2 | import {
     | ^^^^^^^
>  3 |   AppWindow,
     | ^^^^^^^^^^^^
>  4 |   ArrowUpRight,
     | ^^^^^^^^^^^^^^^
>  5 |   BookOpen,
     | ^^^^^^^^^^^
>  6 |   BriefcaseBusiness,
     | ^^^^^^^^^^^^^^^^^^^^
>  7 |   Camera,
     | ^^^^^^^^^
>  8 |   Code2,
     | ^^^^^^^^
>  9 |   Github,
     | ^^^^^^^^^
> 10 |   Home,
     | ^^^^^^^
> 11 |   Linkedin,
     | ^^^^^^^^^^^
> 12 |   Mail,
     | ^^^^^^^
> 13 |   Menu,
     | ^^^^^^^
> 14 |   Palette,
     | ^^^^^^^^^^
> 15 |   Video,
     | ^^^^^^^^
> 16 |   X,
     | ^^^^
> 17 |   type LucideIcon,
     | ^^^^^^^^^^^^^^^^^^
> 18 | } from "lucide-react";
     | ^^^^^^^^^^^^^^^^^^^^^^
  19 |
  20 | import type { IconKey } from "@/lib/site-data";
  21 |

The export Github was not found in module [project]/node_modules/lucide-react/dist/esm/lucide-react.mjs [app-rsc] (ecmascript).
Did you mean to import Gift?
All exports of the module are statically known (It doesn't have dynamic exports). So it's known statically that the requested export doesn't exist.

Import traces:
  Server Component:
    ./src/components/site/site-icons.tsx
    ./src/app/page.tsx

  Client Component Browser:
    ./src/components/site/site-icons.tsx [Client Component Browser]
    ./src/components/site/mobile-nav.tsx [Client Component Browser]
    ./src/components/site/mobile-nav.tsx [Server Component]
    ./src/app/page.tsx [Server Component]

  Client Component SSR:
    ./src/components/site/site-icons.tsx [Client Component SSR]
    ./src/components/site/mobile-nav.tsx [Client Component SSR]
    ./src/components/site/mobile-nav.tsx [Server Component]
    ./src/app/page.tsx [Server Component] @ http://localhost:3000/_next/static/chunks/node_modules_next_dist_0u_w_5s._.js:1945
[ 1881486ms] [ERROR] ./src/components/site/site-icons.tsx:2:1
Export Github doesn't exist in target module
   1 | import type { SVGProps } from "react";
>  2 | import {
     | ^^^^^^^
>  3 |   AppWindow,
     | ^^^^^^^^^^^^
>  4 |   ArrowUpRight,
     | ^^^^^^^^^^^^^^^
>  5 |   BookOpen,
     | ^^^^^^^^^^^
>  6 |   BriefcaseBusiness,
     | ^^^^^^^^^^^^^^^^^^^^
>  7 |   Camera,
     | ^^^^^^^^^
>  8 |   Code2,
     | ^^^^^^^^
>  9 |   Github,
     | ^^^^^^^^^
> 10 |   Home,
     | ^^^^^^^
> 11 |   Linkedin,
     | ^^^^^^^^^^^
> 12 |   Mail,
     | ^^^^^^^
> 13 |   Menu,
     | ^^^^^^^
> 14 |   Palette,
     | ^^^^^^^^^^
> 15 |   Video,
     | ^^^^^^^^
> 16 |   X,
     | ^^^^
> 17 |   type LucideIcon,
     | ^^^^^^^^^^^^^^^^^^
> 18 | } from "lucide-react";
     | ^^^^^^^^^^^^^^^^^^^^^^
  19 |
  20 | import type { IconKey } from "@/lib/site-data";
  21 |

The export Github was not found in module [project]/node_modules/lucide-react/dist/esm/lucide-react.mjs [app-ssr] (ecmascript).
Did you mean to import Gift?
All exports of the module are statically known (It doesn't have dynamic exports). So it's known statically that the requested export doesn't exist.

Import traces:
  Server Component:
    ./src/components/site/site-icons.tsx
    ./src/app/page.tsx

  Client Component Browser:
    ./src/components/site/site-icons.tsx [Client Component Browser]
    ./src/components/site/mobile-nav.tsx [Client Component Browser]
    ./src/components/site/mobile-nav.tsx [Server Component]
    ./src/app/page.tsx [Server Component]

  Client Component SSR:
    ./src/components/site/site-icons.tsx [Client Component SSR]
    ./src/components/site/mobile-nav.tsx [Client Component SSR]
    ./src/components/site/mobile-nav.tsx [Server Component]
    ./src/app/page.tsx [Server Component] @ http://localhost:3000/_next/static/chunks/node_modules_next_dist_0u_w_5s._.js:1945
[ 1881487ms] [ERROR] ./src/components/site/site-icons.tsx:2:1
Export Linkedin doesn't exist in target module
   1 | import type { SVGProps } from "react";
>  2 | import {
     | ^^^^^^^
>  3 |   AppWindow,
     | ^^^^^^^^^^^^
>  4 |   ArrowUpRight,
     | ^^^^^^^^^^^^^^^
>  5 |   BookOpen,
     | ^^^^^^^^^^^
>  6 |   BriefcaseBusiness,
     | ^^^^^^^^^^^^^^^^^^^^
>  7 |   Camera,
     | ^^^^^^^^^
>  8 |   Code2,
     | ^^^^^^^^
>  9 |   Github,
     | ^^^^^^^^^
> 10 |   Home,
     | ^^^^^^^
> 11 |   Linkedin,
     | ^^^^^^^^^^^
> 12 |   Mail,
     | ^^^^^^^
> 13 |   Menu,
     | ^^^^^^^
> 14 |   Palette,
     | ^^^^^^^^^^
> 15 |   Video,
     | ^^^^^^^^
> 16 |   X,
     | ^^^^
> 17 |   type LucideIcon,
     | ^^^^^^^^^^^^^^^^^^
> 18 | } from "lucide-react";
     | ^^^^^^^^^^^^^^^^^^^^^^
  19 |
  20 | import type { IconKey } from "@/lib/site-data";
  21 |

The export Linkedin was not found in module [project]/node_modules/lucide-react/dist/esm/lucide-react.mjs [app-client] (ecmascript).
Did you mean to import Link?
All exports of the module are statically known (It doesn't have dynamic exports). So it's known statically that the requested export doesn't exist.

Import traces:
  Server Component:
    ./src/components/site/site-icons.tsx
    ./src/app/page.tsx

  Client Component Browser:
    ./src/components/site/site-icons.tsx [Client Component Browser]
    ./src/components/site/mobile-nav.tsx [Client Component Browser]
    ./src/components/site/mobile-nav.tsx [Server Component]
    ./src/app/page.tsx [Server Component]

  Client Component SSR:
    ./src/components/site/site-icons.tsx [Client Component SSR]
    ./src/components/site/mobile-nav.tsx [Client Component SSR]
    ./src/components/site/mobile-nav.tsx [Server Component]
    ./src/app/page.tsx [Server Component] @ http://localhost:3000/_next/static/chunks/node_modules_next_dist_0u_w_5s._.js:1945
[ 1881487ms] [ERROR] ./src/components/site/site-icons.tsx:2:1
Export Linkedin doesn't exist in target module
   1 | import type { SVGProps } from "react";
>  2 | import {
     | ^^^^^^^
>  3 |   AppWindow,
     | ^^^^^^^^^^^^
>  4 |   ArrowUpRight,
     | ^^^^^^^^^^^^^^^
>  5 |   BookOpen,
     | ^^^^^^^^^^^
>  6 |   BriefcaseBusiness,
     | ^^^^^^^^^^^^^^^^^^^^
>  7 |   Camera,
     | ^^^^^^^^^
>  8 |   Code2,
     | ^^^^^^^^
>  9 |   Github,
     | ^^^^^^^^^
> 10 |   Home,
     | ^^^^^^^
> 11 |   Linkedin,
     | ^^^^^^^^^^^
> 12 |   Mail,
     | ^^^^^^^
> 13 |   Menu,
     | ^^^^^^^
> 14 |   Palette,
     | ^^^^^^^^^^
> 15 |   Video,
     | ^^^^^^^^
> 16 |   X,
     | ^^^^
> 17 |   type LucideIcon,
     | ^^^^^^^^^^^^^^^^^^
> 18 | } from "lucide-react";
     | ^^^^^^^^^^^^^^^^^^^^^^
  19 |
  20 | import type { IconKey } from "@/lib/site-data";
  21 |

The export Linkedin was not found in module [project]/node_modules/lucide-react/dist/esm/lucide-react.mjs [app-rsc] (ecmascript).
Did you mean to import Link?
All exports of the module are statically known (It doesn't have dynamic exports). So it's known statically that the requested export doesn't exist.

Import traces:
  Server Component:
    ./src/components/site/site-icons.tsx
    ./src/app/page.tsx

  Client Component Browser:
    ./src/components/site/site-icons.tsx [Client Component Browser]
    ./src/components/site/mobile-nav.tsx [Client Component Browser]
    ./src/components/site/mobile-nav.tsx [Server Component]
    ./src/app/page.tsx [Server Component]

  Client Component SSR:
    ./src/components/site/site-icons.tsx [Client Component SSR]
    ./src/components/site/mobile-nav.tsx [Client Component SSR]
    ./src/components/site/mobile-nav.tsx [Server Component]
    ./src/app/page.tsx [Server Component] @ http://localhost:3000/_next/static/chunks/node_modules_next_dist_0u_w_5s._.js:1945
[ 1881487ms] [ERROR] ./src/components/site/site-icons.tsx:2:1
Export Linkedin doesn't exist in target module
   1 | import type { SVGProps } from "react";
>  2 | import {
     | ^^^^^^^
>  3 |   AppWindow,
     | ^^^^^^^^^^^^
>  4 |   ArrowUpRight,
     | ^^^^^^^^^^^^^^^
>  5 |   BookOpen,
     | ^^^^^^^^^^^
>  6 |   BriefcaseBusiness,
     | ^^^^^^^^^^^^^^^^^^^^
>  7 |   Camera,
     | ^^^^^^^^^
>  8 |   Code2,
     | ^^^^^^^^
>  9 |   Github,
     | ^^^^^^^^^
> 10 |   Home,
     | ^^^^^^^
> 11 |   Linkedin,
     | ^^^^^^^^^^^
> 12 |   Mail,
     | ^^^^^^^
> 13 |   Menu,
     | ^^^^^^^
> 14 |   Palette,
     | ^^^^^^^^^^
> 15 |   Video,
     | ^^^^^^^^
> 16 |   X,
     | ^^^^
> 17 |   type LucideIcon,
     | ^^^^^^^^^^^^^^^^^^
> 18 | } from "lucide-react";
     | ^^^^^^^^^^^^^^^^^^^^^^
  19 |
  20 | import type { IconKey } from "@/lib/site-data";
  21 |

The export Linkedin was not found in module [project]/node_modules/lucide-react/dist/esm/lucide-react.mjs [app-ssr] (ecmascript).
Did you mean to import Link?
All exports of the module are statically known (It doesn't have dynamic exports). So it's known statically that the requested export doesn't exist.

Import traces:
  Server Component:
    ./src/components/site/site-icons.tsx
    ./src/app/page.tsx

  Client Component Browser:
    ./src/components/site/site-icons.tsx [Client Component Browser]
    ./src/components/site/mobile-nav.tsx [Client Component Browser]
    ./src/components/site/mobile-nav.tsx [Server Component]
    ./src/app/page.tsx [Server Component]

  Client Component SSR:
    ./src/components/site/site-icons.tsx [Client Component SSR]
    ./src/components/site/mobile-nav.tsx [Client Component SSR]
    ./src/components/site/mobile-nav.tsx [Server Component]
    ./src/app/page.tsx [Server Component] @ http://localhost:3000/_next/static/chunks/node_modules_next_dist_0u_w_5s._.js:1945
[ 1881487ms] [ERROR] ./src/components/site/mobile-nav.tsx:17:1
Export shelves doesn't exist in target module
  15 |   DropdownMenuTrigger,
  16 | } from "@/components/ui/dropdown-menu";
> 17 | import {
     | ^^^^^^^
> 18 |   contactLink,
     | ^^^^^^^^^^^^^^
> 19 |   shelves,
     | ^^^^^^^^^^
> 20 |   socialChannels,
     | ^^^^^^^^^^^^^^^^^
> 21 |   type IconKey,
     | ^^^^^^^^^^^^^^^
> 22 |   type Shelf,
     | ^^^^^^^^^^^^^
> 23 |   type SocialChannel,
     | ^^^^^^^^^^^^^^^^^^^^^
> 24 | } from "@/lib/site-data";
     | ^^^^^^^^^^^^^^^^^^^^^^^^^
  25 | import { cn } from "@/lib/utils";
  26 |
  27 | const internalShelfIds = ["work", "apps", "writing"] as const satisfies readonly Shelf["id...

The export shelves was not found in module [project]/src/lib/site-data.ts [app-client] (ecmascript).
Did you mean to import shelfRecords?
All exports of the module are statically known (It doesn't have dynamic exports). So it's known statically that the requested export doesn't exist.

Import trace:
  Server Component:
    ./src/components/site/mobile-nav.tsx
    ./src/app/page.tsx @ http://localhost:3000/_next/static/chunks/node_modules_next_dist_0u_w_5s._.js:1945
[ 1881487ms] [ERROR] ./src/components/site/mobile-nav.tsx:17:1
Export shelves doesn't exist in target module
  15 |   DropdownMenuTrigger,
  16 | } from "@/components/ui/dropdown-menu";
> 17 | import {
     | ^^^^^^^
> 18 |   contactLink,
     | ^^^^^^^^^^^^^^
> 19 |   shelves,
     | ^^^^^^^^^^
> 20 |   socialChannels,
     | ^^^^^^^^^^^^^^^^^
> 21 |   type IconKey,
     | ^^^^^^^^^^^^^^^
> 22 |   type Shelf,
     | ^^^^^^^^^^^^^
> 23 |   type SocialChannel,
     | ^^^^^^^^^^^^^^^^^^^^^
> 24 | } from "@/lib/site-data";
     | ^^^^^^^^^^^^^^^^^^^^^^^^^
  25 | import { cn } from "@/lib/utils";
  26 |
  27 | const internalShelfIds = ["work", "apps", "writing"] as const satisfies readonly Shelf["id...

The export shelves was not found in module [project]/src/lib/site-data.ts [app-ssr] (ecmascript).
Did you mean to import shelfRecords?
All exports of the module are statically known (It doesn't have dynamic exports). So it's known statically that the requested export doesn't exist.

Import trace:
  Server Component:
    ./src/components/site/mobile-nav.tsx
    ./src/app/page.tsx @ http://localhost:3000/_next/static/chunks/node_modules_next_dist_0u_w_5s._.js:1945
[ 1881551ms] [LOG] [Fast Refresh] rebuilding @ http://localhost:3000/_next/static/chunks/node_modules_next_dist_0u_w_5s._.js:1226
[ 1881574ms] [ERROR] ./src/components/site/site-canvas.tsx:7:27
`ssr: false` is not allowed with `next/dynamic` in Server Components. Please move it into a Client Component.
   5 | import { cn } from "@/lib/utils";
   6 |
>  7 | const SiteCanvasDesktop = dynamic(
     |                           ^^^^^^^
>  8 |   () =>
     | ^^^^^^^
>  9 |     import("@/components/site/site-canvas-desktop").then(
     | ^^^^^^^^^^^^^^^^^^^^^^^^^^^^^^^^^^^^^^^^^^^^^^^^^^^^^^^^^
> 10 |       (mod) => mod.SiteCanvasDesktop,
     | ^^^^^^^^^^^^^^^^^^^^^^^^^^^^^^^^^^^^^
> 11 |     ),
     | ^^^^^^
> 12 |   {
     | ^^^
> 13 |     ssr: false,
     | ^^^^^^^^^^^^^^^
> 14 |     loading: () => (
     | ^^^^^^^^^^^^^^^^^^^^
> 15 |       <div
     | ^^^^^^^^^^
> 16 |         className="hidden min-h-[560px] rounded-[1.5rem] border border-border bg-backgroun...
     | ^^^^^^^^^^^^^^^^^^^^^^^^^^^^^^^^^^^^^^^^^^^^^^^^^^^^^^^^^^^^^^^^^^^^^^^^^^^^^^^^^^^^^^^^^^^^^
> 17 |         aria-hidden
     | ^^^^^^^^^^^^^^^^^^^
> 18 |       />
     | ^^^^^^^^
> 19 |     ),
     | ^^^^^^
> 20 |   },
     | ^^^^
> 21 | );
     | ^
  22 |
  23 | const accentClasses = {
  24 |   ink: "border-foreground/45 text-foreground",

Ecmascript file had an error

Import trace:
  Server Component:
    ./src/components/site/site-canvas.tsx
    ./src/app/page.tsx @ http://localhost:3000/_next/static/chunks/node_modules_next_dist_0u_w_5s._.js:1945
[ 1881574ms] [ERROR] ./src/components/site/site-icons.tsx:2:1
Export Github doesn't exist in target module
   1 | import type { SVGProps } from "react";
>  2 | import {
     | ^^^^^^^
>  3 |   AppWindow,
     | ^^^^^^^^^^^^
>  4 |   ArrowUpRight,
     | ^^^^^^^^^^^^^^^
>  5 |   BookOpen,
     | ^^^^^^^^^^^
>  6 |   BriefcaseBusiness,
     | ^^^^^^^^^^^^^^^^^^^^
>  7 |   Camera,
     | ^^^^^^^^^
>  8 |   Code2,
     | ^^^^^^^^
>  9 |   Github,
     | ^^^^^^^^^
> 10 |   Home,
     | ^^^^^^^
> 11 |   Linkedin,
     | ^^^^^^^^^^^
> 12 |   Mail,
     | ^^^^^^^
> 13 |   Menu,
     | ^^^^^^^
> 14 |   Palette,
     | ^^^^^^^^^^
> 15 |   Video,
     | ^^^^^^^^
> 16 |   X,
     | ^^^^
> 17 |   type LucideIcon,
     | ^^^^^^^^^^^^^^^^^^
> 18 | } from "lucide-react";
     | ^^^^^^^^^^^^^^^^^^^^^^
  19 |
  20 | import type { IconKey } from "@/lib/site-data";
  21 |

The export Github was not found in module [project]/node_modules/lucide-react/dist/esm/lucide-react.mjs [app-client] (ecmascript).
Did you mean to import Gift?
All exports of the module are statically known (It doesn't have dynamic exports). So it's known statically that the requested export doesn't exist.

Import traces:
  Server Component:
    ./src/components/site/site-icons.tsx
    ./src/app/page.tsx

  Client Component Browser:
    ./src/components/site/site-icons.tsx [Client Component Browser]
    ./src/components/site/mobile-nav.tsx [Client Component Browser]
    ./src/components/site/mobile-nav.tsx [Server Component]
    ./src/app/page.tsx [Server Component]

  Client Component SSR:
    ./src/components/site/site-icons.tsx [Client Component SSR]
    ./src/components/site/mobile-nav.tsx [Client Component SSR]
    ./src/components/site/mobile-nav.tsx [Server Component]
    ./src/app/page.tsx [Server Component] @ http://localhost:3000/_next/static/chunks/node_modules_next_dist_0u_w_5s._.js:1945
[ 1881574ms] [ERROR] ./src/components/site/site-icons.tsx:2:1
Export Github doesn't exist in target module
   1 | import type { SVGProps } from "react";
>  2 | import {
     | ^^^^^^^
>  3 |   AppWindow,
     | ^^^^^^^^^^^^
>  4 |   ArrowUpRight,
     | ^^^^^^^^^^^^^^^
>  5 |   BookOpen,
     | ^^^^^^^^^^^
>  6 |   BriefcaseBusiness,
     | ^^^^^^^^^^^^^^^^^^^^
>  7 |   Camera,
     | ^^^^^^^^^
>  8 |   Code2,
     | ^^^^^^^^
>  9 |   Github,
     | ^^^^^^^^^
> 10 |   Home,
     | ^^^^^^^
> 11 |   Linkedin,
     | ^^^^^^^^^^^
> 12 |   Mail,
     | ^^^^^^^
> 13 |   Menu,
     | ^^^^^^^
> 14 |   Palette,
     | ^^^^^^^^^^
> 15 |   Video,
     | ^^^^^^^^
> 16 |   X,
     | ^^^^
> 17 |   type LucideIcon,
     | ^^^^^^^^^^^^^^^^^^
> 18 | } from "lucide-react";
     | ^^^^^^^^^^^^^^^^^^^^^^
  19 |
  20 | import type { IconKey } from "@/lib/site-data";
  21 |

The export Github was not found in module [project]/node_modules/lucide-react/dist/esm/lucide-react.mjs [app-rsc] (ecmascript).
Did you mean to import Gift?
All exports of the module are statically known (It doesn't have dynamic exports). So it's known statically that the requested export doesn't exist.

Import traces:
  Server Component:
    ./src/components/site/site-icons.tsx
    ./src/app/page.tsx

  Client Component Browser:
    ./src/components/site/site-icons.tsx [Client Component Browser]
    ./src/components/site/mobile-nav.tsx [Client Component Browser]
    ./src/components/site/mobile-nav.tsx [Server Component]
    ./src/app/page.tsx [Server Component]

  Client Component SSR:
    ./src/components/site/site-icons.tsx [Client Component SSR]
    ./src/components/site/mobile-nav.tsx [Client Component SSR]
    ./src/components/site/mobile-nav.tsx [Server Component]
    ./src/app/page.tsx [Server Component] @ http://localhost:3000/_next/static/chunks/node_modules_next_dist_0u_w_5s._.js:1945
[ 1881574ms] [ERROR] ./src/components/site/site-icons.tsx:2:1
Export Github doesn't exist in target module
   1 | import type { SVGProps } from "react";
>  2 | import {
     | ^^^^^^^
>  3 |   AppWindow,
     | ^^^^^^^^^^^^
>  4 |   ArrowUpRight,
     | ^^^^^^^^^^^^^^^
>  5 |   BookOpen,
     | ^^^^^^^^^^^
>  6 |   BriefcaseBusiness,
     | ^^^^^^^^^^^^^^^^^^^^
>  7 |   Camera,
     | ^^^^^^^^^
>  8 |   Code2,
     | ^^^^^^^^
>  9 |   Github,
     | ^^^^^^^^^
> 10 |   Home,
     | ^^^^^^^
> 11 |   Linkedin,
     | ^^^^^^^^^^^
> 12 |   Mail,
     | ^^^^^^^
> 13 |   Menu,
     | ^^^^^^^
> 14 |   Palette,
     | ^^^^^^^^^^
> 15 |   Video,
     | ^^^^^^^^
> 16 |   X,
     | ^^^^
> 17 |   type LucideIcon,
     | ^^^^^^^^^^^^^^^^^^
> 18 | } from "lucide-react";
     | ^^^^^^^^^^^^^^^^^^^^^^
  19 |
  20 | import type { IconKey } from "@/lib/site-data";
  21 |

The export Github was not found in module [project]/node_modules/lucide-react/dist/esm/lucide-react.mjs [app-ssr] (ecmascript).
Did you mean to import Gift?
All exports of the module are statically known (It doesn't have dynamic exports). So it's known statically that the requested export doesn't exist.

Import traces:
  Server Component:
    ./src/components/site/site-icons.tsx
    ./src/app/page.tsx

  Client Component Browser:
    ./src/components/site/site-icons.tsx [Client Component Browser]
    ./src/components/site/mobile-nav.tsx [Client Component Browser]
    ./src/components/site/mobile-nav.tsx [Server Component]
    ./src/app/page.tsx [Server Component]

  Client Component SSR:
    ./src/components/site/site-icons.tsx [Client Component SSR]
    ./src/components/site/mobile-nav.tsx [Client Component SSR]
    ./src/components/site/mobile-nav.tsx [Server Component]
    ./src/app/page.tsx [Server Component] @ http://localhost:3000/_next/static/chunks/node_modules_next_dist_0u_w_5s._.js:1945
[ 1881575ms] [ERROR] ./src/components/site/site-icons.tsx:2:1
Export Linkedin doesn't exist in target module
   1 | import type { SVGProps } from "react";
>  2 | import {
     | ^^^^^^^
>  3 |   AppWindow,
     | ^^^^^^^^^^^^
>  4 |   ArrowUpRight,
     | ^^^^^^^^^^^^^^^
>  5 |   BookOpen,
     | ^^^^^^^^^^^
>  6 |   BriefcaseBusiness,
     | ^^^^^^^^^^^^^^^^^^^^
>  7 |   Camera,
     | ^^^^^^^^^
>  8 |   Code2,
     | ^^^^^^^^
>  9 |   Github,
     | ^^^^^^^^^
> 10 |   Home,
     | ^^^^^^^
> 11 |   Linkedin,
     | ^^^^^^^^^^^
> 12 |   Mail,
     | ^^^^^^^
> 13 |   Menu,
     | ^^^^^^^
> 14 |   Palette,
     | ^^^^^^^^^^
> 15 |   Video,
     | ^^^^^^^^
> 16 |   X,
     | ^^^^
> 17 |   type LucideIcon,
     | ^^^^^^^^^^^^^^^^^^
> 18 | } from "lucide-react";
     | ^^^^^^^^^^^^^^^^^^^^^^
  19 |
  20 | import type { IconKey } from "@/lib/site-data";
  21 |

The export Linkedin was not found in module [project]/node_modules/lucide-react/dist/esm/lucide-react.mjs [app-client] (ecmascript).
Did you mean to import Link?
All exports of the module are statically known (It doesn't have dynamic exports). So it's known statically that the requested export doesn't exist.

Import traces:
  Server Component:
    ./src/components/site/site-icons.tsx
    ./src/app/page.tsx

  Client Component Browser:
    ./src/components/site/site-icons.tsx [Client Component Browser]
    ./src/components/site/mobile-nav.tsx [Client Component Browser]
    ./src/components/site/mobile-nav.tsx [Server Component]
    ./src/app/page.tsx [Server Component]

  Client Component SSR:
    ./src/components/site/site-icons.tsx [Client Component SSR]
    ./src/components/site/mobile-nav.tsx [Client Component SSR]
    ./src/components/site/mobile-nav.tsx [Server Component]
    ./src/app/page.tsx [Server Component] @ http://localhost:3000/_next/static/chunks/node_modules_next_dist_0u_w_5s._.js:1945
[ 1881575ms] [ERROR] ./src/components/site/site-icons.tsx:2:1
Export Linkedin doesn't exist in target module
   1 | import type { SVGProps } from "react";
>  2 | import {
     | ^^^^^^^
>  3 |   AppWindow,
     | ^^^^^^^^^^^^
>  4 |   ArrowUpRight,
     | ^^^^^^^^^^^^^^^
>  5 |   BookOpen,
     | ^^^^^^^^^^^
>  6 |   BriefcaseBusiness,
     | ^^^^^^^^^^^^^^^^^^^^
>  7 |   Camera,
     | ^^^^^^^^^
>  8 |   Code2,
     | ^^^^^^^^
>  9 |   Github,
     | ^^^^^^^^^
> 10 |   Home,
     | ^^^^^^^
> 11 |   Linkedin,
     | ^^^^^^^^^^^
> 12 |   Mail,
     | ^^^^^^^
> 13 |   Menu,
     | ^^^^^^^
> 14 |   Palette,
     | ^^^^^^^^^^
> 15 |   Video,
     | ^^^^^^^^
> 16 |   X,
     | ^^^^
> 17 |   type LucideIcon,
     | ^^^^^^^^^^^^^^^^^^
> 18 | } from "lucide-react";
     | ^^^^^^^^^^^^^^^^^^^^^^
  19 |
  20 | import type { IconKey } from "@/lib/site-data";
  21 |

The export Linkedin was not found in module [project]/node_modules/lucide-react/dist/esm/lucide-react.mjs [app-rsc] (ecmascript).
Did you mean to import Link?
All exports of the module are statically known (It doesn't have dynamic exports). So it's known statically that the requested export doesn't exist.

Import traces:
  Server Component:
    ./src/components/site/site-icons.tsx
    ./src/app/page.tsx

  Client Component Browser:
    ./src/components/site/site-icons.tsx [Client Component Browser]
    ./src/components/site/mobile-nav.tsx [Client Component Browser]
    ./src/components/site/mobile-nav.tsx [Server Component]
    ./src/app/page.tsx [Server Component]

  Client Component SSR:
    ./src/components/site/site-icons.tsx [Client Component SSR]
    ./src/components/site/mobile-nav.tsx [Client Component SSR]
    ./src/components/site/mobile-nav.tsx [Server Component]
    ./src/app/page.tsx [Server Component] @ http://localhost:3000/_next/static/chunks/node_modules_next_dist_0u_w_5s._.js:1945
[ 1881575ms] [ERROR] ./src/components/site/site-icons.tsx:2:1
Export Linkedin doesn't exist in target module
   1 | import type { SVGProps } from "react";
>  2 | import {
     | ^^^^^^^
>  3 |   AppWindow,
     | ^^^^^^^^^^^^
>  4 |   ArrowUpRight,
     | ^^^^^^^^^^^^^^^
>  5 |   BookOpen,
     | ^^^^^^^^^^^
>  6 |   BriefcaseBusiness,
     | ^^^^^^^^^^^^^^^^^^^^
>  7 |   Camera,
     | ^^^^^^^^^
>  8 |   Code2,
     | ^^^^^^^^
>  9 |   Github,
     | ^^^^^^^^^
> 10 |   Home,
     | ^^^^^^^
> 11 |   Linkedin,
     | ^^^^^^^^^^^
> 12 |   Mail,
     | ^^^^^^^
> 13 |   Menu,
     | ^^^^^^^
> 14 |   Palette,
     | ^^^^^^^^^^
> 15 |   Video,
     | ^^^^^^^^
> 16 |   X,
     | ^^^^
> 17 |   type LucideIcon,
     | ^^^^^^^^^^^^^^^^^^
> 18 | } from "lucide-react";
     | ^^^^^^^^^^^^^^^^^^^^^^
  19 |
  20 | import type { IconKey } from "@/lib/site-data";
  21 |

The export Linkedin was not found in module [project]/node_modules/lucide-react/dist/esm/lucide-react.mjs [app-ssr] (ecmascript).
Did you mean to import Link?
All exports of the module are statically known (It doesn't have dynamic exports). So it's known statically that the requested export doesn't exist.

Import traces:
  Server Component:
    ./src/components/site/site-icons.tsx
    ./src/app/page.tsx

  Client Component Browser:
    ./src/components/site/site-icons.tsx [Client Component Browser]
    ./src/components/site/mobile-nav.tsx [Client Component Browser]
    ./src/components/site/mobile-nav.tsx [Server Component]
    ./src/app/page.tsx [Server Component]

  Client Component SSR:
    ./src/components/site/site-icons.tsx [Client Component SSR]
    ./src/components/site/mobile-nav.tsx [Client Component SSR]
    ./src/components/site/mobile-nav.tsx [Server Component]
    ./src/app/page.tsx [Server Component] @ http://localhost:3000/_next/static/chunks/node_modules_next_dist_0u_w_5s._.js:1945
[ 1881575ms] [ERROR] ./src/components/site/mobile-nav.tsx:17:1
Export shelves doesn't exist in target module
  15 |   DropdownMenuTrigger,
  16 | } from "@/components/ui/dropdown-menu";
> 17 | import {
     | ^^^^^^^
> 18 |   contactLink,
     | ^^^^^^^^^^^^^^
> 19 |   shelves,
     | ^^^^^^^^^^
> 20 |   socialChannels,
     | ^^^^^^^^^^^^^^^^^
> 21 |   type IconKey,
     | ^^^^^^^^^^^^^^^
> 22 |   type Shelf,
     | ^^^^^^^^^^^^^
> 23 |   type SocialChannel,
     | ^^^^^^^^^^^^^^^^^^^^^
> 24 | } from "@/lib/site-data";
     | ^^^^^^^^^^^^^^^^^^^^^^^^^
  25 | import { cn } from "@/lib/utils";
  26 |
  27 | const internalShelfIds = ["work", "apps", "writing"] as const satisfies readonly Shelf["id...

The export shelves was not found in module [project]/src/lib/site-data.ts [app-client] (ecmascript).
Did you mean to import shelfRecords?
All exports of the module are statically known (It doesn't have dynamic exports). So it's known statically that the requested export doesn't exist.

Import trace:
  Server Component:
    ./src/components/site/mobile-nav.tsx
    ./src/app/page.tsx @ http://localhost:3000/_next/static/chunks/node_modules_next_dist_0u_w_5s._.js:1945
[ 1881575ms] [ERROR] ./src/components/site/mobile-nav.tsx:17:1
Export shelves doesn't exist in target module
  15 |   DropdownMenuTrigger,
  16 | } from "@/components/ui/dropdown-menu";
> 17 | import {
     | ^^^^^^^
> 18 |   contactLink,
     | ^^^^^^^^^^^^^^
> 19 |   shelves,
     | ^^^^^^^^^^
> 20 |   socialChannels,
     | ^^^^^^^^^^^^^^^^^
> 21 |   type IconKey,
     | ^^^^^^^^^^^^^^^
> 22 |   type Shelf,
     | ^^^^^^^^^^^^^
> 23 |   type SocialChannel,
     | ^^^^^^^^^^^^^^^^^^^^^
> 24 | } from "@/lib/site-data";
     | ^^^^^^^^^^^^^^^^^^^^^^^^^
  25 | import { cn } from "@/lib/utils";
  26 |
  27 | const internalShelfIds = ["work", "apps", "writing"] as const satisfies readonly Shelf["id...

The export shelves was not found in module [project]/src/lib/site-data.ts [app-ssr] (ecmascript).
Did you mean to import shelfRecords?
All exports of the module are statically known (It doesn't have dynamic exports). So it's known statically that the requested export doesn't exist.

Import trace:
  Server Component:
    ./src/components/site/mobile-nav.tsx
    ./src/app/page.tsx @ http://localhost:3000/_next/static/chunks/node_modules_next_dist_0u_w_5s._.js:1945
[ 1881679ms] [ERROR] ./src/components/site/site-canvas.tsx:7:27
`ssr: false` is not allowed with `next/dynamic` in Server Components. Please move it into a Client Component.
   5 | import { cn } from "@/lib/utils";
   6 |
>  7 | const SiteCanvasDesktop = dynamic(
     |                           ^^^^^^^
>  8 |   () =>
     | ^^^^^^^
>  9 |     import("@/components/site/site-canvas-desktop").then(
     | ^^^^^^^^^^^^^^^^^^^^^^^^^^^^^^^^^^^^^^^^^^^^^^^^^^^^^^^^^
> 10 |       (mod) => mod.SiteCanvasDesktop,
     | ^^^^^^^^^^^^^^^^^^^^^^^^^^^^^^^^^^^^^
> 11 |     ),
     | ^^^^^^
> 12 |   {
     | ^^^
> 13 |     ssr: false,
     | ^^^^^^^^^^^^^^^
> 14 |     loading: () => (
     | ^^^^^^^^^^^^^^^^^^^^
> 15 |       <div
     | ^^^^^^^^^^
> 16 |         className="hidden min-h-[560px] rounded-[1.5rem] border border-border bg-backgroun...
     | ^^^^^^^^^^^^^^^^^^^^^^^^^^^^^^^^^^^^^^^^^^^^^^^^^^^^^^^^^^^^^^^^^^^^^^^^^^^^^^^^^^^^^^^^^^^^^
> 17 |         aria-hidden
     | ^^^^^^^^^^^^^^^^^^^
> 18 |       />
     | ^^^^^^^^
> 19 |     ),
     | ^^^^^^
> 20 |   },
     | ^^^^
> 21 | );
     | ^
  22 |
  23 | const accentClasses = {
  24 |   ink: "border-foreground/45 text-foreground",

Ecmascript file had an error

Import trace:
  Server Component:
    ./src/components/site/site-canvas.tsx
    ./src/app/page.tsx @ http://localhost:3000/_next/static/chunks/node_modules_next_dist_0u_w_5s._.js:1945
[ 1881680ms] [ERROR] ./src/components/site/site-icons.tsx:2:1
Export Github doesn't exist in target module
   1 | import type { SVGProps } from "react";
>  2 | import {
     | ^^^^^^^
>  3 |   AppWindow,
     | ^^^^^^^^^^^^
>  4 |   ArrowUpRight,
     | ^^^^^^^^^^^^^^^
>  5 |   BookOpen,
     | ^^^^^^^^^^^
>  6 |   BriefcaseBusiness,
     | ^^^^^^^^^^^^^^^^^^^^
>  7 |   Camera,
     | ^^^^^^^^^
>  8 |   Code2,
     | ^^^^^^^^
>  9 |   Github,
     | ^^^^^^^^^
> 10 |   Home,
     | ^^^^^^^
> 11 |   Linkedin,
     | ^^^^^^^^^^^
> 12 |   Mail,
     | ^^^^^^^
> 13 |   Menu,
     | ^^^^^^^
> 14 |   Palette,
     | ^^^^^^^^^^
> 15 |   Video,
     | ^^^^^^^^
> 16 |   X,
     | ^^^^
> 17 |   type LucideIcon,
     | ^^^^^^^^^^^^^^^^^^
> 18 | } from "lucide-react";
     | ^^^^^^^^^^^^^^^^^^^^^^
  19 |
  20 | import type { IconKey } from "@/lib/site-data";
  21 |

The export Github was not found in module [project]/node_modules/lucide-react/dist/esm/lucide-react.mjs [app-client] (ecmascript).
Did you mean to import Gift?
All exports of the module are statically known (It doesn't have dynamic exports). So it's known statically that the requested export doesn't exist.

Import traces:
  Server Component:
    ./src/components/site/site-icons.tsx
    ./src/app/page.tsx

  Client Component Browser:
    ./src/components/site/site-icons.tsx [Client Component Browser]
    ./src/components/site/mobile-nav.tsx [Client Component Browser]
    ./src/components/site/mobile-nav.tsx [Server Component]
    ./src/app/page.tsx [Server Component]

  Client Component SSR:
    ./src/components/site/site-icons.tsx [Client Component SSR]
    ./src/components/site/mobile-nav.tsx [Client Component SSR]
    ./src/components/site/mobile-nav.tsx [Server Component]
    ./src/app/page.tsx [Server Component] @ http://localhost:3000/_next/static/chunks/node_modules_next_dist_0u_w_5s._.js:1945
[ 1881680ms] [ERROR] ./src/components/site/site-icons.tsx:2:1
Export Github doesn't exist in target module
   1 | import type { SVGProps } from "react";
>  2 | import {
     | ^^^^^^^
>  3 |   AppWindow,
     | ^^^^^^^^^^^^
>  4 |   ArrowUpRight,
     | ^^^^^^^^^^^^^^^
>  5 |   BookOpen,
     | ^^^^^^^^^^^
>  6 |   BriefcaseBusiness,
     | ^^^^^^^^^^^^^^^^^^^^
>  7 |   Camera,
     | ^^^^^^^^^
>  8 |   Code2,
     | ^^^^^^^^
>  9 |   Github,
     | ^^^^^^^^^
> 10 |   Home,
     | ^^^^^^^
> 11 |   Linkedin,
     | ^^^^^^^^^^^
> 12 |   Mail,
     | ^^^^^^^
> 13 |   Menu,
     | ^^^^^^^
> 14 |   Palette,
     | ^^^^^^^^^^
> 15 |   Video,
     | ^^^^^^^^
> 16 |   X,
     | ^^^^
> 17 |   type LucideIcon,
     | ^^^^^^^^^^^^^^^^^^
> 18 | } from "lucide-react";
     | ^^^^^^^^^^^^^^^^^^^^^^
  19 |
  20 | import type { IconKey } from "@/lib/site-data";
  21 |

The export Github was not found in module [project]/node_modules/lucide-react/dist/esm/lucide-react.mjs [app-rsc] (ecmascript).
Did you mean to import Gift?
All exports of the module are statically known (It doesn't have dynamic exports). So it's known statically that the requested export doesn't exist.

Import traces:
  Server Component:
    ./src/components/site/site-icons.tsx
    ./src/app/page.tsx

  Client Component Browser:
    ./src/components/site/site-icons.tsx [Client Component Browser]
    ./src/components/site/mobile-nav.tsx [Client Component Browser]
    ./src/components/site/mobile-nav.tsx [Server Component]
    ./src/app/page.tsx [Server Component]

  Client Component SSR:
    ./src/components/site/site-icons.tsx [Client Component SSR]
    ./src/components/site/mobile-nav.tsx [Client Component SSR]
    ./src/components/site/mobile-nav.tsx [Server Component]
    ./src/app/page.tsx [Server Component] @ http://localhost:3000/_next/static/chunks/node_modules_next_dist_0u_w_5s._.js:1945
[ 1881680ms] [ERROR] ./src/components/site/site-icons.tsx:2:1
Export Github doesn't exist in target module
   1 | import type { SVGProps } from "react";
>  2 | import {
     | ^^^^^^^
>  3 |   AppWindow,
     | ^^^^^^^^^^^^
>  4 |   ArrowUpRight,
     | ^^^^^^^^^^^^^^^
>  5 |   BookOpen,
     | ^^^^^^^^^^^
>  6 |   BriefcaseBusiness,
     | ^^^^^^^^^^^^^^^^^^^^
>  7 |   Camera,
     | ^^^^^^^^^
>  8 |   Code2,
     | ^^^^^^^^
>  9 |   Github,
     | ^^^^^^^^^
> 10 |   Home,
     | ^^^^^^^
> 11 |   Linkedin,
     | ^^^^^^^^^^^
> 12 |   Mail,
     | ^^^^^^^
> 13 |   Menu,
     | ^^^^^^^
> 14 |   Palette,
     | ^^^^^^^^^^
> 15 |   Video,
     | ^^^^^^^^
> 16 |   X,
     | ^^^^
> 17 |   type LucideIcon,
     | ^^^^^^^^^^^^^^^^^^
> 18 | } from "lucide-react";
     | ^^^^^^^^^^^^^^^^^^^^^^
  19 |
  20 | import type { IconKey } from "@/lib/site-data";
  21 |

The export Github was not found in module [project]/node_modules/lucide-react/dist/esm/lucide-react.mjs [app-ssr] (ecmascript).
Did you mean to import Gift?
All exports of the module are statically known (It doesn't have dynamic exports). So it's known statically that the requested export doesn't exist.

Import traces:
  Server Component:
    ./src/components/site/site-icons.tsx
    ./src/app/page.tsx

  Client Component Browser:
    ./src/components/site/site-icons.tsx [Client Component Browser]
    ./src/components/site/mobile-nav.tsx [Client Component Browser]
    ./src/components/site/mobile-nav.tsx [Server Component]
    ./src/app/page.tsx [Server Component]

  Client Component SSR:
    ./src/components/site/site-icons.tsx [Client Component SSR]
    ./src/components/site/mobile-nav.tsx [Client Component SSR]
    ./src/components/site/mobile-nav.tsx [Server Component]
    ./src/app/page.tsx [Server Component] @ http://localhost:3000/_next/static/chunks/node_modules_next_dist_0u_w_5s._.js:1945
[ 1881680ms] [ERROR] ./src/components/site/site-icons.tsx:2:1
Export Linkedin doesn't exist in target module
   1 | import type { SVGProps } from "react";
>  2 | import {
     | ^^^^^^^
>  3 |   AppWindow,
     | ^^^^^^^^^^^^
>  4 |   ArrowUpRight,
     | ^^^^^^^^^^^^^^^
>  5 |   BookOpen,
     | ^^^^^^^^^^^
>  6 |   BriefcaseBusiness,
     | ^^^^^^^^^^^^^^^^^^^^
>  7 |   Camera,
     | ^^^^^^^^^
>  8 |   Code2,
     | ^^^^^^^^
>  9 |   Github,
     | ^^^^^^^^^
> 10 |   Home,
     | ^^^^^^^
> 11 |   Linkedin,
     | ^^^^^^^^^^^
> 12 |   Mail,
     | ^^^^^^^
> 13 |   Menu,
     | ^^^^^^^
> 14 |   Palette,
     | ^^^^^^^^^^
> 15 |   Video,
     | ^^^^^^^^
> 16 |   X,
     | ^^^^
> 17 |   type LucideIcon,
     | ^^^^^^^^^^^^^^^^^^
> 18 | } from "lucide-react";
     | ^^^^^^^^^^^^^^^^^^^^^^
  19 |
  20 | import type { IconKey } from "@/lib/site-data";
  21 |

The export Linkedin was not found in module [project]/node_modules/lucide-react/dist/esm/lucide-react.mjs [app-client] (ecmascript).
Did you mean to import Link?
All exports of the module are statically known (It doesn't have dynamic exports). So it's known statically that the requested export doesn't exist.

Import traces:
  Server Component:
    ./src/components/site/site-icons.tsx
    ./src/app/page.tsx

  Client Component Browser:
    ./src/components/site/site-icons.tsx [Client Component Browser]
    ./src/components/site/mobile-nav.tsx [Client Component Browser]
    ./src/components/site/mobile-nav.tsx [Server Component]
    ./src/app/page.tsx [Server Component]

  Client Component SSR:
    ./src/components/site/site-icons.tsx [Client Component SSR]
    ./src/components/site/mobile-nav.tsx [Client Component SSR]
    ./src/components/site/mobile-nav.tsx [Server Component]
    ./src/app/page.tsx [Server Component] @ http://localhost:3000/_next/static/chunks/node_modules_next_dist_0u_w_5s._.js:1945
[ 1881680ms] [ERROR] ./src/components/site/site-icons.tsx:2:1
Export Linkedin doesn't exist in target module
   1 | import type { SVGProps } from "react";
>  2 | import {
     | ^^^^^^^
>  3 |   AppWindow,
     | ^^^^^^^^^^^^
>  4 |   ArrowUpRight,
     | ^^^^^^^^^^^^^^^
>  5 |   BookOpen,
     | ^^^^^^^^^^^
>  6 |   BriefcaseBusiness,
     | ^^^^^^^^^^^^^^^^^^^^
>  7 |   Camera,
     | ^^^^^^^^^
>  8 |   Code2,
     | ^^^^^^^^
>  9 |   Github,
     | ^^^^^^^^^
> 10 |   Home,
     | ^^^^^^^
> 11 |   Linkedin,
     | ^^^^^^^^^^^
> 12 |   Mail,
     | ^^^^^^^
> 13 |   Menu,
     | ^^^^^^^
> 14 |   Palette,
     | ^^^^^^^^^^
> 15 |   Video,
     | ^^^^^^^^
> 16 |   X,
     | ^^^^
> 17 |   type LucideIcon,
     | ^^^^^^^^^^^^^^^^^^
> 18 | } from "lucide-react";
     | ^^^^^^^^^^^^^^^^^^^^^^
  19 |
  20 | import type { IconKey } from "@/lib/site-data";
  21 |

The export Linkedin was not found in module [project]/node_modules/lucide-react/dist/esm/lucide-react.mjs [app-rsc] (ecmascript).
Did you mean to import Link?
All exports of the module are statically known (It doesn't have dynamic exports). So it's known statically that the requested export doesn't exist.

Import traces:
  Server Component:
    ./src/components/site/site-icons.tsx
    ./src/app/page.tsx

  Client Component Browser:
    ./src/components/site/site-icons.tsx [Client Component Browser]
    ./src/components/site/mobile-nav.tsx [Client Component Browser]
    ./src/components/site/mobile-nav.tsx [Server Component]
    ./src/app/page.tsx [Server Component]

  Client Component SSR:
    ./src/components/site/site-icons.tsx [Client Component SSR]
    ./src/components/site/mobile-nav.tsx [Client Component SSR]
    ./src/components/site/mobile-nav.tsx [Server Component]
    ./src/app/page.tsx [Server Component] @ http://localhost:3000/_next/static/chunks/node_modules_next_dist_0u_w_5s._.js:1945
[ 1881680ms] [ERROR] ./src/components/site/site-icons.tsx:2:1
Export Linkedin doesn't exist in target module
   1 | import type { SVGProps } from "react";
>  2 | import {
     | ^^^^^^^
>  3 |   AppWindow,
     | ^^^^^^^^^^^^
>  4 |   ArrowUpRight,
     | ^^^^^^^^^^^^^^^
>  5 |   BookOpen,
     | ^^^^^^^^^^^
>  6 |   BriefcaseBusiness,
     | ^^^^^^^^^^^^^^^^^^^^
>  7 |   Camera,
     | ^^^^^^^^^
>  8 |   Code2,
     | ^^^^^^^^
>  9 |   Github,
     | ^^^^^^^^^
> 10 |   Home,
     | ^^^^^^^
> 11 |   Linkedin,
     | ^^^^^^^^^^^
> 12 |   Mail,
     | ^^^^^^^
> 13 |   Menu,
     | ^^^^^^^
> 14 |   Palette,
     | ^^^^^^^^^^
> 15 |   Video,
     | ^^^^^^^^
> 16 |   X,
     | ^^^^
> 17 |   type LucideIcon,
     | ^^^^^^^^^^^^^^^^^^
> 18 | } from "lucide-react";
     | ^^^^^^^^^^^^^^^^^^^^^^
  19 |
  20 | import type { IconKey } from "@/lib/site-data";
  21 |

The export Linkedin was not found in module [project]/node_modules/lucide-react/dist/esm/lucide-react.mjs [app-ssr] (ecmascript).
Did you mean to import Link?
All exports of the module are statically known (It doesn't have dynamic exports). So it's known statically that the requested export doesn't exist.

Import traces:
  Server Component:
    ./src/components/site/site-icons.tsx
    ./src/app/page.tsx

  Client Component Browser:
    ./src/components/site/site-icons.tsx [Client Component Browser]
    ./src/components/site/mobile-nav.tsx [Client Component Browser]
    ./src/components/site/mobile-nav.tsx [Server Component]
    ./src/app/page.tsx [Server Component]

  Client Component SSR:
    ./src/components/site/site-icons.tsx [Client Component SSR]
    ./src/components/site/mobile-nav.tsx [Client Component SSR]
    ./src/components/site/mobile-nav.tsx [Server Component]
    ./src/app/page.tsx [Server Component] @ http://localhost:3000/_next/static/chunks/node_modules_next_dist_0u_w_5s._.js:1945
[ 1881681ms] [ERROR] ./src/components/site/mobile-nav.tsx:17:1
Export shelves doesn't exist in target module
  15 |   DropdownMenuTrigger,
  16 | } from "@/components/ui/dropdown-menu";
> 17 | import {
     | ^^^^^^^
> 18 |   contactLink,
     | ^^^^^^^^^^^^^^
> 19 |   shelves,
     | ^^^^^^^^^^
> 20 |   socialChannels,
     | ^^^^^^^^^^^^^^^^^
> 21 |   type IconKey,
     | ^^^^^^^^^^^^^^^
> 22 |   type Shelf,
     | ^^^^^^^^^^^^^
> 23 |   type SocialChannel,
     | ^^^^^^^^^^^^^^^^^^^^^
> 24 | } from "@/lib/site-data";
     | ^^^^^^^^^^^^^^^^^^^^^^^^^
  25 | import { cn } from "@/lib/utils";
  26 |
  27 | const internalShelfIds = ["work", "apps", "writing"] as const satisfies readonly Shelf["id...

The export shelves was not found in module [project]/src/lib/site-data.ts [app-client] (ecmascript).
Did you mean to import shelfRecords?
All exports of the module are statically known (It doesn't have dynamic exports). So it's known statically that the requested export doesn't exist.

Import trace:
  Server Component:
    ./src/components/site/mobile-nav.tsx
    ./src/app/page.tsx @ http://localhost:3000/_next/static/chunks/node_modules_next_dist_0u_w_5s._.js:1945
[ 1881681ms] [ERROR] ./src/components/site/mobile-nav.tsx:17:1
Export shelves doesn't exist in target module
  15 |   DropdownMenuTrigger,
  16 | } from "@/components/ui/dropdown-menu";
> 17 | import {
     | ^^^^^^^
> 18 |   contactLink,
     | ^^^^^^^^^^^^^^
> 19 |   shelves,
     | ^^^^^^^^^^
> 20 |   socialChannels,
     | ^^^^^^^^^^^^^^^^^
> 21 |   type IconKey,
     | ^^^^^^^^^^^^^^^
> 22 |   type Shelf,
     | ^^^^^^^^^^^^^
> 23 |   type SocialChannel,
     | ^^^^^^^^^^^^^^^^^^^^^
> 24 | } from "@/lib/site-data";
     | ^^^^^^^^^^^^^^^^^^^^^^^^^
  25 | import { cn } from "@/lib/utils";
  26 |
  27 | const internalShelfIds = ["work", "apps", "writing"] as const satisfies readonly Shelf["id...

The export shelves was not found in module [project]/src/lib/site-data.ts [app-ssr] (ecmascript).
Did you mean to import shelfRecords?
All exports of the module are statically known (It doesn't have dynamic exports). So it's known statically that the requested export doesn't exist.

Import trace:
  Server Component:
    ./src/components/site/mobile-nav.tsx
    ./src/app/page.tsx @ http://localhost:3000/_next/static/chunks/node_modules_next_dist_0u_w_5s._.js:1945
[ 1881718ms] [LOG] [Fast Refresh] rebuilding @ http://localhost:3000/_next/static/chunks/node_modules_next_dist_0u_w_5s._.js:1226
[ 1889410ms] [LOG] [Fast Refresh] rebuilding @ http://localhost:3000/_next/static/chunks/node_modules_next_dist_0u_w_5s._.js:1226
[ 1889713ms] [ERROR] ./src/components/site/site-canvas.tsx:7:27
`ssr: false` is not allowed with `next/dynamic` in Server Components. Please move it into a Client Component.
   5 | import { cn } from "@/lib/utils";
   6 |
>  7 | const SiteCanvasDesktop = dynamic(
     |                           ^^^^^^^
>  8 |   () =>
     | ^^^^^^^
>  9 |     import("@/components/site/site-canvas-desktop").then(
     | ^^^^^^^^^^^^^^^^^^^^^^^^^^^^^^^^^^^^^^^^^^^^^^^^^^^^^^^^^
> 10 |       (mod) => mod.SiteCanvasDesktop,
     | ^^^^^^^^^^^^^^^^^^^^^^^^^^^^^^^^^^^^^
> 11 |     ),
     | ^^^^^^
> 12 |   {
     | ^^^
> 13 |     ssr: false,
     | ^^^^^^^^^^^^^^^
> 14 |     loading: () => (
     | ^^^^^^^^^^^^^^^^^^^^
> 15 |       <div
     | ^^^^^^^^^^
> 16 |         className="hidden min-h-[560px] rounded-[1.5rem] border border-border bg-backgroun...
     | ^^^^^^^^^^^^^^^^^^^^^^^^^^^^^^^^^^^^^^^^^^^^^^^^^^^^^^^^^^^^^^^^^^^^^^^^^^^^^^^^^^^^^^^^^^^^^
> 17 |         aria-hidden
     | ^^^^^^^^^^^^^^^^^^^
> 18 |       />
     | ^^^^^^^^
> 19 |     ),
     | ^^^^^^
> 20 |   },
     | ^^^^
> 21 | );
     | ^
  22 |
  23 | const accentClasses = {
  24 |   ink: "border-foreground/45 text-foreground",

Ecmascript file had an error

Import trace:
  Server Component:
    ./src/components/site/site-canvas.tsx
    ./src/app/page.tsx @ http://localhost:3000/_next/static/chunks/node_modules_next_dist_0u_w_5s._.js:1945
[ 1889714ms] [ERROR] ./src/components/site/site-icons.tsx:2:1
Export Github doesn't exist in target module
   1 | import type { SVGProps } from "react";
>  2 | import {
     | ^^^^^^^
>  3 |   AppWindow,
     | ^^^^^^^^^^^^
>  4 |   ArrowUpRight,
     | ^^^^^^^^^^^^^^^
>  5 |   BookOpen,
     | ^^^^^^^^^^^
>  6 |   BriefcaseBusiness,
     | ^^^^^^^^^^^^^^^^^^^^
>  7 |   Camera,
     | ^^^^^^^^^
>  8 |   Code2,
     | ^^^^^^^^
>  9 |   Github,
     | ^^^^^^^^^
> 10 |   Home,
     | ^^^^^^^
> 11 |   Linkedin,
     | ^^^^^^^^^^^
> 12 |   Mail,
     | ^^^^^^^
> 13 |   Menu,
     | ^^^^^^^
> 14 |   Palette,
     | ^^^^^^^^^^
> 15 |   Video,
     | ^^^^^^^^
> 16 |   X,
     | ^^^^
> 17 |   type LucideIcon,
     | ^^^^^^^^^^^^^^^^^^
> 18 | } from "lucide-react";
     | ^^^^^^^^^^^^^^^^^^^^^^
  19 |
  20 | import type { IconKey } from "@/lib/site-data";
  21 |

The export Github was not found in module [project]/node_modules/lucide-react/dist/esm/lucide-react.mjs [app-client] (ecmascript).
Did you mean to import Gift?
All exports of the module are statically known (It doesn't have dynamic exports). So it's known statically that the requested export doesn't exist.

Import traces:
  Server Component:
    ./src/components/site/site-icons.tsx
    ./src/app/page.tsx

  Client Component Browser:
    ./src/components/site/site-icons.tsx [Client Component Browser]
    ./src/components/site/mobile-nav.tsx [Client Component Browser]
    ./src/components/site/mobile-nav.tsx [Server Component]
    ./src/app/page.tsx [Server Component]

  Client Component SSR:
    ./src/components/site/site-icons.tsx [Client Component SSR]
    ./src/components/site/mobile-nav.tsx [Client Component SSR]
    ./src/components/site/mobile-nav.tsx [Server Component]
    ./src/app/page.tsx [Server Component] @ http://localhost:3000/_next/static/chunks/node_modules_next_dist_0u_w_5s._.js:1945
[ 1889714ms] [ERROR] ./src/components/site/site-icons.tsx:2:1
Export Github doesn't exist in target module
   1 | import type { SVGProps } from "react";
>  2 | import {
     | ^^^^^^^
>  3 |   AppWindow,
     | ^^^^^^^^^^^^
>  4 |   ArrowUpRight,
     | ^^^^^^^^^^^^^^^
>  5 |   BookOpen,
     | ^^^^^^^^^^^
>  6 |   BriefcaseBusiness,
     | ^^^^^^^^^^^^^^^^^^^^
>  7 |   Camera,
     | ^^^^^^^^^
>  8 |   Code2,
     | ^^^^^^^^
>  9 |   Github,
     | ^^^^^^^^^
> 10 |   Home,
     | ^^^^^^^
> 11 |   Linkedin,
     | ^^^^^^^^^^^
> 12 |   Mail,
     | ^^^^^^^
> 13 |   Menu,
     | ^^^^^^^
> 14 |   Palette,
     | ^^^^^^^^^^
> 15 |   Video,
     | ^^^^^^^^
> 16 |   X,
     | ^^^^
> 17 |   type LucideIcon,
     | ^^^^^^^^^^^^^^^^^^
> 18 | } from "lucide-react";
     | ^^^^^^^^^^^^^^^^^^^^^^
  19 |
  20 | import type { IconKey } from "@/lib/site-data";
  21 |

The export Github was not found in module [project]/node_modules/lucide-react/dist/esm/lucide-react.mjs [app-rsc] (ecmascript).
Did you mean to import Gift?
All exports of the module are statically known (It doesn't have dynamic exports). So it's known statically that the requested export doesn't exist.

Import traces:
  Server Component:
    ./src/components/site/site-icons.tsx
    ./src/app/page.tsx

  Client Component Browser:
    ./src/components/site/site-icons.tsx [Client Component Browser]
    ./src/components/site/mobile-nav.tsx [Client Component Browser]
    ./src/components/site/mobile-nav.tsx [Server Component]
    ./src/app/page.tsx [Server Component]

  Client Component SSR:
    ./src/components/site/site-icons.tsx [Client Component SSR]
    ./src/components/site/mobile-nav.tsx [Client Component SSR]
    ./src/components/site/mobile-nav.tsx [Server Component]
    ./src/app/page.tsx [Server Component] @ http://localhost:3000/_next/static/chunks/node_modules_next_dist_0u_w_5s._.js:1945
[ 1889714ms] [ERROR] ./src/components/site/site-icons.tsx:2:1
Export Github doesn't exist in target module
   1 | import type { SVGProps } from "react";
>  2 | import {
     | ^^^^^^^
>  3 |   AppWindow,
     | ^^^^^^^^^^^^
>  4 |   ArrowUpRight,
     | ^^^^^^^^^^^^^^^
>  5 |   BookOpen,
     | ^^^^^^^^^^^
>  6 |   BriefcaseBusiness,
     | ^^^^^^^^^^^^^^^^^^^^
>  7 |   Camera,
     | ^^^^^^^^^
>  8 |   Code2,
     | ^^^^^^^^
>  9 |   Github,
     | ^^^^^^^^^
> 10 |   Home,
     | ^^^^^^^
> 11 |   Linkedin,
     | ^^^^^^^^^^^
> 12 |   Mail,
     | ^^^^^^^
> 13 |   Menu,
     | ^^^^^^^
> 14 |   Palette,
     | ^^^^^^^^^^
> 15 |   Video,
     | ^^^^^^^^
> 16 |   X,
     | ^^^^
> 17 |   type LucideIcon,
     | ^^^^^^^^^^^^^^^^^^
> 18 | } from "lucide-react";
     | ^^^^^^^^^^^^^^^^^^^^^^
  19 |
  20 | import type { IconKey } from "@/lib/site-data";
  21 |

The export Github was not found in module [project]/node_modules/lucide-react/dist/esm/lucide-react.mjs [app-ssr] (ecmascript).
Did you mean to import Gift?
All exports of the module are statically known (It doesn't have dynamic exports). So it's known statically that the requested export doesn't exist.

Import traces:
  Server Component:
    ./src/components/site/site-icons.tsx
    ./src/app/page.tsx

  Client Component Browser:
    ./src/components/site/site-icons.tsx [Client Component Browser]
    ./src/components/site/mobile-nav.tsx [Client Component Browser]
    ./src/components/site/mobile-nav.tsx [Server Component]
    ./src/app/page.tsx [Server Component]

  Client Component SSR:
    ./src/components/site/site-icons.tsx [Client Component SSR]
    ./src/components/site/mobile-nav.tsx [Client Component SSR]
    ./src/components/site/mobile-nav.tsx [Server Component]
    ./src/app/page.tsx [Server Component] @ http://localhost:3000/_next/static/chunks/node_modules_next_dist_0u_w_5s._.js:1945
[ 1889714ms] [ERROR] ./src/components/site/site-icons.tsx:2:1
Export Linkedin doesn't exist in target module
   1 | import type { SVGProps } from "react";
>  2 | import {
     | ^^^^^^^
>  3 |   AppWindow,
     | ^^^^^^^^^^^^
>  4 |   ArrowUpRight,
     | ^^^^^^^^^^^^^^^
>  5 |   BookOpen,
     | ^^^^^^^^^^^
>  6 |   BriefcaseBusiness,
     | ^^^^^^^^^^^^^^^^^^^^
>  7 |   Camera,
     | ^^^^^^^^^
>  8 |   Code2,
     | ^^^^^^^^
>  9 |   Github,
     | ^^^^^^^^^
> 10 |   Home,
     | ^^^^^^^
> 11 |   Linkedin,
     | ^^^^^^^^^^^
> 12 |   Mail,
     | ^^^^^^^
> 13 |   Menu,
     | ^^^^^^^
> 14 |   Palette,
     | ^^^^^^^^^^
> 15 |   Video,
     | ^^^^^^^^
> 16 |   X,
     | ^^^^
> 17 |   type LucideIcon,
     | ^^^^^^^^^^^^^^^^^^
> 18 | } from "lucide-react";
     | ^^^^^^^^^^^^^^^^^^^^^^
  19 |
  20 | import type { IconKey } from "@/lib/site-data";
  21 |

The export Linkedin was not found in module [project]/node_modules/lucide-react/dist/esm/lucide-react.mjs [app-client] (ecmascript).
Did you mean to import Link?
All exports of the module are statically known (It doesn't have dynamic exports). So it's known statically that the requested export doesn't exist.

Import traces:
  Server Component:
    ./src/components/site/site-icons.tsx
    ./src/app/page.tsx

  Client Component Browser:
    ./src/components/site/site-icons.tsx [Client Component Browser]
    ./src/components/site/mobile-nav.tsx [Client Component Browser]
    ./src/components/site/mobile-nav.tsx [Server Component]
    ./src/app/page.tsx [Server Component]

  Client Component SSR:
    ./src/components/site/site-icons.tsx [Client Component SSR]
    ./src/components/site/mobile-nav.tsx [Client Component SSR]
    ./src/components/site/mobile-nav.tsx [Server Component]
    ./src/app/page.tsx [Server Component] @ http://localhost:3000/_next/static/chunks/node_modules_next_dist_0u_w_5s._.js:1945
[ 1889714ms] [ERROR] ./src/components/site/site-icons.tsx:2:1
Export Linkedin doesn't exist in target module
   1 | import type { SVGProps } from "react";
>  2 | import {
     | ^^^^^^^
>  3 |   AppWindow,
     | ^^^^^^^^^^^^
>  4 |   ArrowUpRight,
     | ^^^^^^^^^^^^^^^
>  5 |   BookOpen,
     | ^^^^^^^^^^^
>  6 |   BriefcaseBusiness,
     | ^^^^^^^^^^^^^^^^^^^^
>  7 |   Camera,
     | ^^^^^^^^^
>  8 |   Code2,
     | ^^^^^^^^
>  9 |   Github,
     | ^^^^^^^^^
> 10 |   Home,
     | ^^^^^^^
> 11 |   Linkedin,
     | ^^^^^^^^^^^
> 12 |   Mail,
     | ^^^^^^^
> 13 |   Menu,
     | ^^^^^^^
> 14 |   Palette,
     | ^^^^^^^^^^
> 15 |   Video,
     | ^^^^^^^^
> 16 |   X,
     | ^^^^
> 17 |   type LucideIcon,
     | ^^^^^^^^^^^^^^^^^^
> 18 | } from "lucide-react";
     | ^^^^^^^^^^^^^^^^^^^^^^
  19 |
  20 | import type { IconKey } from "@/lib/site-data";
  21 |

The export Linkedin was not found in module [project]/node_modules/lucide-react/dist/esm/lucide-react.mjs [app-rsc] (ecmascript).
Did you mean to import Link?
All exports of the module are statically known (It doesn't have dynamic exports). So it's known statically that the requested export doesn't exist.

Import traces:
  Server Component:
    ./src/components/site/site-icons.tsx
    ./src/app/page.tsx

  Client Component Browser:
    ./src/components/site/site-icons.tsx [Client Component Browser]
    ./src/components/site/mobile-nav.tsx [Client Component Browser]
    ./src/components/site/mobile-nav.tsx [Server Component]
    ./src/app/page.tsx [Server Component]

  Client Component SSR:
    ./src/components/site/site-icons.tsx [Client Component SSR]
    ./src/components/site/mobile-nav.tsx [Client Component SSR]
    ./src/components/site/mobile-nav.tsx [Server Component]
    ./src/app/page.tsx [Server Component] @ http://localhost:3000/_next/static/chunks/node_modules_next_dist_0u_w_5s._.js:1945
[ 1889714ms] [ERROR] ./src/components/site/site-icons.tsx:2:1
Export Linkedin doesn't exist in target module
   1 | import type { SVGProps } from "react";
>  2 | import {
     | ^^^^^^^
>  3 |   AppWindow,
     | ^^^^^^^^^^^^
>  4 |   ArrowUpRight,
     | ^^^^^^^^^^^^^^^
>  5 |   BookOpen,
     | ^^^^^^^^^^^
>  6 |   BriefcaseBusiness,
     | ^^^^^^^^^^^^^^^^^^^^
>  7 |   Camera,
     | ^^^^^^^^^
>  8 |   Code2,
     | ^^^^^^^^
>  9 |   Github,
     | ^^^^^^^^^
> 10 |   Home,
     | ^^^^^^^
> 11 |   Linkedin,
     | ^^^^^^^^^^^
> 12 |   Mail,
     | ^^^^^^^
> 13 |   Menu,
     | ^^^^^^^
> 14 |   Palette,
     | ^^^^^^^^^^
> 15 |   Video,
     | ^^^^^^^^
> 16 |   X,
     | ^^^^
> 17 |   type LucideIcon,
     | ^^^^^^^^^^^^^^^^^^
> 18 | } from "lucide-react";
     | ^^^^^^^^^^^^^^^^^^^^^^
  19 |
  20 | import type { IconKey } from "@/lib/site-data";
  21 |

The export Linkedin was not found in module [project]/node_modules/lucide-react/dist/esm/lucide-react.mjs [app-ssr] (ecmascript).
Did you mean to import Link?
All exports of the module are statically known (It doesn't have dynamic exports). So it's known statically that the requested export doesn't exist.

Import traces:
  Server Component:
    ./src/components/site/site-icons.tsx
    ./src/app/page.tsx

  Client Component Browser:
    ./src/components/site/site-icons.tsx [Client Component Browser]
    ./src/components/site/mobile-nav.tsx [Client Component Browser]
    ./src/components/site/mobile-nav.tsx [Server Component]
    ./src/app/page.tsx [Server Component]

  Client Component SSR:
    ./src/components/site/site-icons.tsx [Client Component SSR]
    ./src/components/site/mobile-nav.tsx [Client Component SSR]
    ./src/components/site/mobile-nav.tsx [Server Component]
    ./src/app/page.tsx [Server Component] @ http://localhost:3000/_next/static/chunks/node_modules_next_dist_0u_w_5s._.js:1945
[ 1889766ms] [ERROR] ./src/components/site/site-canvas.tsx:7:27
`ssr: false` is not allowed with `next/dynamic` in Server Components. Please move it into a Client Component.
   5 | import { cn } from "@/lib/utils";
   6 |
>  7 | const SiteCanvasDesktop = dynamic(
     |                           ^^^^^^^
>  8 |   () =>
     | ^^^^^^^
>  9 |     import("@/components/site/site-canvas-desktop").then(
     | ^^^^^^^^^^^^^^^^^^^^^^^^^^^^^^^^^^^^^^^^^^^^^^^^^^^^^^^^^
> 10 |       (mod) => mod.SiteCanvasDesktop,
     | ^^^^^^^^^^^^^^^^^^^^^^^^^^^^^^^^^^^^^
> 11 |     ),
     | ^^^^^^
> 12 |   {
     | ^^^
> 13 |     ssr: false,
     | ^^^^^^^^^^^^^^^
> 14 |     loading: () => (
     | ^^^^^^^^^^^^^^^^^^^^
> 15 |       <div
     | ^^^^^^^^^^
> 16 |         className="hidden min-h-[560px] rounded-[1.5rem] border border-border bg-backgroun...
     | ^^^^^^^^^^^^^^^^^^^^^^^^^^^^^^^^^^^^^^^^^^^^^^^^^^^^^^^^^^^^^^^^^^^^^^^^^^^^^^^^^^^^^^^^^^^^^
> 17 |         aria-hidden
     | ^^^^^^^^^^^^^^^^^^^
> 18 |       />
     | ^^^^^^^^
> 19 |     ),
     | ^^^^^^
> 20 |   },
     | ^^^^
> 21 | );
     | ^
  22 |
  23 | const accentClasses = {
  24 |   ink: "border-foreground/45 text-foreground",

Ecmascript file had an error

Import trace:
  Server Component:
    ./src/components/site/site-canvas.tsx
    ./src/app/page.tsx @ http://localhost:3000/_next/static/chunks/node_modules_next_dist_0u_w_5s._.js:1945
[ 1889766ms] [ERROR] ./src/components/site/site-icons.tsx:2:1
Export Github doesn't exist in target module
   1 | import type { SVGProps } from "react";
>  2 | import {
     | ^^^^^^^
>  3 |   AppWindow,
     | ^^^^^^^^^^^^
>  4 |   ArrowUpRight,
     | ^^^^^^^^^^^^^^^
>  5 |   BookOpen,
     | ^^^^^^^^^^^
>  6 |   BriefcaseBusiness,
     | ^^^^^^^^^^^^^^^^^^^^
>  7 |   Camera,
     | ^^^^^^^^^
>  8 |   Code2,
     | ^^^^^^^^
>  9 |   Github,
     | ^^^^^^^^^
> 10 |   Home,
     | ^^^^^^^
> 11 |   Linkedin,
     | ^^^^^^^^^^^
> 12 |   Mail,
     | ^^^^^^^
> 13 |   Menu,
     | ^^^^^^^
> 14 |   Palette,
     | ^^^^^^^^^^
> 15 |   Video,
     | ^^^^^^^^
> 16 |   X,
     | ^^^^
> 17 |   type LucideIcon,
     | ^^^^^^^^^^^^^^^^^^
> 18 | } from "lucide-react";
     | ^^^^^^^^^^^^^^^^^^^^^^
  19 |
  20 | import type { IconKey } from "@/lib/site-data";
  21 |

The export Github was not found in module [project]/node_modules/lucide-react/dist/esm/lucide-react.mjs [app-client] (ecmascript).
Did you mean to import Gift?
All exports of the module are statically known (It doesn't have dynamic exports). So it's known statically that the requested export doesn't exist.

Import traces:
  Server Component:
    ./src/components/site/site-icons.tsx
    ./src/app/page.tsx

  Client Component Browser:
    ./src/components/site/site-icons.tsx [Client Component Browser]
    ./src/components/site/mobile-nav.tsx [Client Component Browser]
    ./src/components/site/mobile-nav.tsx [Server Component]
    ./src/app/page.tsx [Server Component]

  Client Component SSR:
    ./src/components/site/site-icons.tsx [Client Component SSR]
    ./src/components/site/mobile-nav.tsx [Client Component SSR]
    ./src/components/site/mobile-nav.tsx [Server Component]
    ./src/app/page.tsx [Server Component] @ http://localhost:3000/_next/static/chunks/node_modules_next_dist_0u_w_5s._.js:1945
[ 1889766ms] [ERROR] ./src/components/site/site-icons.tsx:2:1
Export Github doesn't exist in target module
   1 | import type { SVGProps } from "react";
>  2 | import {
     | ^^^^^^^
>  3 |   AppWindow,
     | ^^^^^^^^^^^^
>  4 |   ArrowUpRight,
     | ^^^^^^^^^^^^^^^
>  5 |   BookOpen,
     | ^^^^^^^^^^^
>  6 |   BriefcaseBusiness,
     | ^^^^^^^^^^^^^^^^^^^^
>  7 |   Camera,
     | ^^^^^^^^^
>  8 |   Code2,
     | ^^^^^^^^
>  9 |   Github,
     | ^^^^^^^^^
> 10 |   Home,
     | ^^^^^^^
> 11 |   Linkedin,
     | ^^^^^^^^^^^
> 12 |   Mail,
     | ^^^^^^^
> 13 |   Menu,
     | ^^^^^^^
> 14 |   Palette,
     | ^^^^^^^^^^
> 15 |   Video,
     | ^^^^^^^^
> 16 |   X,
     | ^^^^
> 17 |   type LucideIcon,
     | ^^^^^^^^^^^^^^^^^^
> 18 | } from "lucide-react";
     | ^^^^^^^^^^^^^^^^^^^^^^
  19 |
  20 | import type { IconKey } from "@/lib/site-data";
  21 |

The export Github was not found in module [project]/node_modules/lucide-react/dist/esm/lucide-react.mjs [app-rsc] (ecmascript).
Did you mean to import Gift?
All exports of the module are statically known (It doesn't have dynamic exports). So it's known statically that the requested export doesn't exist.

Import traces:
  Server Component:
    ./src/components/site/site-icons.tsx
    ./src/app/page.tsx

  Client Component Browser:
    ./src/components/site/site-icons.tsx [Client Component Browser]
    ./src/components/site/mobile-nav.tsx [Client Component Browser]
    ./src/components/site/mobile-nav.tsx [Server Component]
    ./src/app/page.tsx [Server Component]

  Client Component SSR:
    ./src/components/site/site-icons.tsx [Client Component SSR]
    ./src/components/site/mobile-nav.tsx [Client Component SSR]
    ./src/components/site/mobile-nav.tsx [Server Component]
    ./src/app/page.tsx [Server Component] @ http://localhost:3000/_next/static/chunks/node_modules_next_dist_0u_w_5s._.js:1945
[ 1889767ms] [ERROR] ./src/components/site/site-icons.tsx:2:1
Export Github doesn't exist in target module
   1 | import type { SVGProps } from "react";
>  2 | import {
     | ^^^^^^^
>  3 |   AppWindow,
     | ^^^^^^^^^^^^
>  4 |   ArrowUpRight,
     | ^^^^^^^^^^^^^^^
>  5 |   BookOpen,
     | ^^^^^^^^^^^
>  6 |   BriefcaseBusiness,
     | ^^^^^^^^^^^^^^^^^^^^
>  7 |   Camera,
     | ^^^^^^^^^
>  8 |   Code2,
     | ^^^^^^^^
>  9 |   Github,
     | ^^^^^^^^^
> 10 |   Home,
     | ^^^^^^^
> 11 |   Linkedin,
     | ^^^^^^^^^^^
> 12 |   Mail,
     | ^^^^^^^
> 13 |   Menu,
     | ^^^^^^^
> 14 |   Palette,
     | ^^^^^^^^^^
> 15 |   Video,
     | ^^^^^^^^
> 16 |   X,
     | ^^^^
> 17 |   type LucideIcon,
     | ^^^^^^^^^^^^^^^^^^
> 18 | } from "lucide-react";
     | ^^^^^^^^^^^^^^^^^^^^^^
  19 |
  20 | import type { IconKey } from "@/lib/site-data";
  21 |

The export Github was not found in module [project]/node_modules/lucide-react/dist/esm/lucide-react.mjs [app-ssr] (ecmascript).
Did you mean to import Gift?
All exports of the module are statically known (It doesn't have dynamic exports). So it's known statically that the requested export doesn't exist.

Import traces:
  Server Component:
    ./src/components/site/site-icons.tsx
    ./src/app/page.tsx

  Client Component Browser:
    ./src/components/site/site-icons.tsx [Client Component Browser]
    ./src/components/site/mobile-nav.tsx [Client Component Browser]
    ./src/components/site/mobile-nav.tsx [Server Component]
    ./src/app/page.tsx [Server Component]

  Client Component SSR:
    ./src/components/site/site-icons.tsx [Client Component SSR]
    ./src/components/site/mobile-nav.tsx [Client Component SSR]
    ./src/components/site/mobile-nav.tsx [Server Component]
    ./src/app/page.tsx [Server Component] @ http://localhost:3000/_next/static/chunks/node_modules_next_dist_0u_w_5s._.js:1945
[ 1889767ms] [ERROR] ./src/components/site/site-icons.tsx:2:1
Export Linkedin doesn't exist in target module
   1 | import type { SVGProps } from "react";
>  2 | import {
     | ^^^^^^^
>  3 |   AppWindow,
     | ^^^^^^^^^^^^
>  4 |   ArrowUpRight,
     | ^^^^^^^^^^^^^^^
>  5 |   BookOpen,
     | ^^^^^^^^^^^
>  6 |   BriefcaseBusiness,
     | ^^^^^^^^^^^^^^^^^^^^
>  7 |   Camera,
     | ^^^^^^^^^
>  8 |   Code2,
     | ^^^^^^^^
>  9 |   Github,
     | ^^^^^^^^^
> 10 |   Home,
     | ^^^^^^^
> 11 |   Linkedin,
     | ^^^^^^^^^^^
> 12 |   Mail,
     | ^^^^^^^
> 13 |   Menu,
     | ^^^^^^^
> 14 |   Palette,
     | ^^^^^^^^^^
> 15 |   Video,
     | ^^^^^^^^
> 16 |   X,
     | ^^^^
> 17 |   type LucideIcon,
     | ^^^^^^^^^^^^^^^^^^
> 18 | } from "lucide-react";
     | ^^^^^^^^^^^^^^^^^^^^^^
  19 |
  20 | import type { IconKey } from "@/lib/site-data";
  21 |

The export Linkedin was not found in module [project]/node_modules/lucide-react/dist/esm/lucide-react.mjs [app-client] (ecmascript).
Did you mean to import Link?
All exports of the module are statically known (It doesn't have dynamic exports). So it's known statically that the requested export doesn't exist.

Import traces:
  Server Component:
    ./src/components/site/site-icons.tsx
    ./src/app/page.tsx

  Client Component Browser:
    ./src/components/site/site-icons.tsx [Client Component Browser]
    ./src/components/site/mobile-nav.tsx [Client Component Browser]
    ./src/components/site/mobile-nav.tsx [Server Component]
    ./src/app/page.tsx [Server Component]

  Client Component SSR:
    ./src/components/site/site-icons.tsx [Client Component SSR]
    ./src/components/site/mobile-nav.tsx [Client Component SSR]
    ./src/components/site/mobile-nav.tsx [Server Component]
    ./src/app/page.tsx [Server Component] @ http://localhost:3000/_next/static/chunks/node_modules_next_dist_0u_w_5s._.js:1945
[ 1889767ms] [ERROR] ./src/components/site/site-icons.tsx:2:1
Export Linkedin doesn't exist in target module
   1 | import type { SVGProps } from "react";
>  2 | import {
     | ^^^^^^^
>  3 |   AppWindow,
     | ^^^^^^^^^^^^
>  4 |   ArrowUpRight,
     | ^^^^^^^^^^^^^^^
>  5 |   BookOpen,
     | ^^^^^^^^^^^
>  6 |   BriefcaseBusiness,
     | ^^^^^^^^^^^^^^^^^^^^
>  7 |   Camera,
     | ^^^^^^^^^
>  8 |   Code2,
     | ^^^^^^^^
>  9 |   Github,
     | ^^^^^^^^^
> 10 |   Home,
     | ^^^^^^^
> 11 |   Linkedin,
     | ^^^^^^^^^^^
> 12 |   Mail,
     | ^^^^^^^
> 13 |   Menu,
     | ^^^^^^^
> 14 |   Palette,
     | ^^^^^^^^^^
> 15 |   Video,
     | ^^^^^^^^
> 16 |   X,
     | ^^^^
> 17 |   type LucideIcon,
     | ^^^^^^^^^^^^^^^^^^
> 18 | } from "lucide-react";
     | ^^^^^^^^^^^^^^^^^^^^^^
  19 |
  20 | import type { IconKey } from "@/lib/site-data";
  21 |

The export Linkedin was not found in module [project]/node_modules/lucide-react/dist/esm/lucide-react.mjs [app-rsc] (ecmascript).
Did you mean to import Link?
All exports of the module are statically known (It doesn't have dynamic exports). So it's known statically that the requested export doesn't exist.

Import traces:
  Server Component:
    ./src/components/site/site-icons.tsx
    ./src/app/page.tsx

  Client Component Browser:
    ./src/components/site/site-icons.tsx [Client Component Browser]
    ./src/components/site/mobile-nav.tsx [Client Component Browser]
    ./src/components/site/mobile-nav.tsx [Server Component]
    ./src/app/page.tsx [Server Component]

  Client Component SSR:
    ./src/components/site/site-icons.tsx [Client Component SSR]
    ./src/components/site/mobile-nav.tsx [Client Component SSR]
    ./src/components/site/mobile-nav.tsx [Server Component]
    ./src/app/page.tsx [Server Component] @ http://localhost:3000/_next/static/chunks/node_modules_next_dist_0u_w_5s._.js:1945
[ 1889767ms] [ERROR] ./src/components/site/site-icons.tsx:2:1
Export Linkedin doesn't exist in target module
   1 | import type { SVGProps } from "react";
>  2 | import {
     | ^^^^^^^
>  3 |   AppWindow,
     | ^^^^^^^^^^^^
>  4 |   ArrowUpRight,
     | ^^^^^^^^^^^^^^^
>  5 |   BookOpen,
     | ^^^^^^^^^^^
>  6 |   BriefcaseBusiness,
     | ^^^^^^^^^^^^^^^^^^^^
>  7 |   Camera,
     | ^^^^^^^^^
>  8 |   Code2,
     | ^^^^^^^^
>  9 |   Github,
     | ^^^^^^^^^
> 10 |   Home,
     | ^^^^^^^
> 11 |   Linkedin,
     | ^^^^^^^^^^^
> 12 |   Mail,
     | ^^^^^^^
> 13 |   Menu,
     | ^^^^^^^
> 14 |   Palette,
     | ^^^^^^^^^^
> 15 |   Video,
     | ^^^^^^^^
> 16 |   X,
     | ^^^^
> 17 |   type LucideIcon,
     | ^^^^^^^^^^^^^^^^^^
> 18 | } from "lucide-react";
     | ^^^^^^^^^^^^^^^^^^^^^^
  19 |
  20 | import type { IconKey } from "@/lib/site-data";
  21 |

The export Linkedin was not found in module [project]/node_modules/lucide-react/dist/esm/lucide-react.mjs [app-ssr] (ecmascript).
Did you mean to import Link?
All exports of the module are statically known (It doesn't have dynamic exports). So it's known statically that the requested export doesn't exist.

Import traces:
  Server Component:
    ./src/components/site/site-icons.tsx
    ./src/app/page.tsx

  Client Component Browser:
    ./src/components/site/site-icons.tsx [Client Component Browser]
    ./src/components/site/mobile-nav.tsx [Client Component Browser]
    ./src/components/site/mobile-nav.tsx [Server Component]
    ./src/app/page.tsx [Server Component]

  Client Component SSR:
    ./src/components/site/site-icons.tsx [Client Component SSR]
    ./src/components/site/mobile-nav.tsx [Client Component SSR]
    ./src/components/site/mobile-nav.tsx [Server Component]
    ./src/app/page.tsx [Server Component] @ http://localhost:3000/_next/static/chunks/node_modules_next_dist_0u_w_5s._.js:1945
[ 1889870ms] [LOG] [Fast Refresh] rebuilding @ http://localhost:3000/_next/static/chunks/node_modules_next_dist_0u_w_5s._.js:1226
[ 1889963ms] [ERROR] ./src/components/site/site-canvas.tsx:7:27
`ssr: false` is not allowed with `next/dynamic` in Server Components. Please move it into a Client Component.
   5 | import { cn } from "@/lib/utils";
   6 |
>  7 | const SiteCanvasDesktop = dynamic(
     |                           ^^^^^^^
>  8 |   () =>
     | ^^^^^^^
>  9 |     import("@/components/site/site-canvas-desktop").then(
     | ^^^^^^^^^^^^^^^^^^^^^^^^^^^^^^^^^^^^^^^^^^^^^^^^^^^^^^^^^
> 10 |       (mod) => mod.SiteCanvasDesktop,
     | ^^^^^^^^^^^^^^^^^^^^^^^^^^^^^^^^^^^^^
> 11 |     ),
     | ^^^^^^
> 12 |   {
     | ^^^
> 13 |     ssr: false,
     | ^^^^^^^^^^^^^^^
> 14 |     loading: () => (
     | ^^^^^^^^^^^^^^^^^^^^
> 15 |       <div
     | ^^^^^^^^^^
> 16 |         className="hidden min-h-[560px] rounded-[1.5rem] border border-border bg-backgroun...
     | ^^^^^^^^^^^^^^^^^^^^^^^^^^^^^^^^^^^^^^^^^^^^^^^^^^^^^^^^^^^^^^^^^^^^^^^^^^^^^^^^^^^^^^^^^^^^^
> 17 |         aria-hidden
     | ^^^^^^^^^^^^^^^^^^^
> 18 |       />
     | ^^^^^^^^
> 19 |     ),
     | ^^^^^^
> 20 |   },
     | ^^^^
> 21 | );
     | ^
  22 |
  23 | const accentClasses = {
  24 |   ink: "border-foreground/45 text-foreground",

Ecmascript file had an error

Import trace:
  Server Component:
    ./src/components/site/site-canvas.tsx
    ./src/app/page.tsx @ http://localhost:3000/_next/static/chunks/node_modules_next_dist_0u_w_5s._.js:1945
[ 1889963ms] [ERROR] ./src/components/site/site-icons.tsx:2:1
Export Github doesn't exist in target module
   1 | import type { SVGProps } from "react";
>  2 | import {
     | ^^^^^^^
>  3 |   AppWindow,
     | ^^^^^^^^^^^^
>  4 |   ArrowUpRight,
     | ^^^^^^^^^^^^^^^
>  5 |   BookOpen,
     | ^^^^^^^^^^^
>  6 |   BriefcaseBusiness,
     | ^^^^^^^^^^^^^^^^^^^^
>  7 |   Camera,
     | ^^^^^^^^^
>  8 |   Code2,
     | ^^^^^^^^
>  9 |   Github,
     | ^^^^^^^^^
> 10 |   Home,
     | ^^^^^^^
> 11 |   Linkedin,
     | ^^^^^^^^^^^
> 12 |   Mail,
     | ^^^^^^^
> 13 |   Menu,
     | ^^^^^^^
> 14 |   Palette,
     | ^^^^^^^^^^
> 15 |   Video,
     | ^^^^^^^^
> 16 |   X,
     | ^^^^
> 17 |   type LucideIcon,
     | ^^^^^^^^^^^^^^^^^^
> 18 | } from "lucide-react";
     | ^^^^^^^^^^^^^^^^^^^^^^
  19 |
  20 | import type { IconKey } from "@/lib/site-data";
  21 |

The export Github was not found in module [project]/node_modules/lucide-react/dist/esm/lucide-react.mjs [app-client] (ecmascript).
Did you mean to import Gift?
All exports of the module are statically known (It doesn't have dynamic exports). So it's known statically that the requested export doesn't exist.

Import traces:
  Server Component:
    ./src/components/site/site-icons.tsx
    ./src/app/page.tsx

  Client Component Browser:
    ./src/components/site/site-icons.tsx [Client Component Browser]
    ./src/components/site/mobile-nav.tsx [Client Component Browser]
    ./src/components/site/mobile-nav.tsx [Server Component]
    ./src/app/page.tsx [Server Component]

  Client Component SSR:
    ./src/components/site/site-icons.tsx [Client Component SSR]
    ./src/components/site/mobile-nav.tsx [Client Component SSR]
    ./src/components/site/mobile-nav.tsx [Server Component]
    ./src/app/page.tsx [Server Component] @ http://localhost:3000/_next/static/chunks/node_modules_next_dist_0u_w_5s._.js:1945
[ 1889964ms] [ERROR] ./src/components/site/site-icons.tsx:2:1
Export Github doesn't exist in target module
   1 | import type { SVGProps } from "react";
>  2 | import {
     | ^^^^^^^
>  3 |   AppWindow,
     | ^^^^^^^^^^^^
>  4 |   ArrowUpRight,
     | ^^^^^^^^^^^^^^^
>  5 |   BookOpen,
     | ^^^^^^^^^^^
>  6 |   BriefcaseBusiness,
     | ^^^^^^^^^^^^^^^^^^^^
>  7 |   Camera,
     | ^^^^^^^^^
>  8 |   Code2,
     | ^^^^^^^^
>  9 |   Github,
     | ^^^^^^^^^
> 10 |   Home,
     | ^^^^^^^
> 11 |   Linkedin,
     | ^^^^^^^^^^^
> 12 |   Mail,
     | ^^^^^^^
> 13 |   Menu,
     | ^^^^^^^
> 14 |   Palette,
     | ^^^^^^^^^^
> 15 |   Video,
     | ^^^^^^^^
> 16 |   X,
     | ^^^^
> 17 |   type LucideIcon,
     | ^^^^^^^^^^^^^^^^^^
> 18 | } from "lucide-react";
     | ^^^^^^^^^^^^^^^^^^^^^^
  19 |
  20 | import type { IconKey } from "@/lib/site-data";
  21 |

The export Github was not found in module [project]/node_modules/lucide-react/dist/esm/lucide-react.mjs [app-rsc] (ecmascript).
Did you mean to import Gift?
All exports of the module are statically known (It doesn't have dynamic exports). So it's known statically that the requested export doesn't exist.

Import traces:
  Server Component:
    ./src/components/site/site-icons.tsx
    ./src/app/page.tsx

  Client Component Browser:
    ./src/components/site/site-icons.tsx [Client Component Browser]
    ./src/components/site/mobile-nav.tsx [Client Component Browser]
    ./src/components/site/mobile-nav.tsx [Server Component]
    ./src/app/page.tsx [Server Component]

  Client Component SSR:
    ./src/components/site/site-icons.tsx [Client Component SSR]
    ./src/components/site/mobile-nav.tsx [Client Component SSR]
    ./src/components/site/mobile-nav.tsx [Server Component]
    ./src/app/page.tsx [Server Component] @ http://localhost:3000/_next/static/chunks/node_modules_next_dist_0u_w_5s._.js:1945
[ 1889964ms] [ERROR] ./src/components/site/site-icons.tsx:2:1
Export Github doesn't exist in target module
   1 | import type { SVGProps } from "react";
>  2 | import {
     | ^^^^^^^
>  3 |   AppWindow,
     | ^^^^^^^^^^^^
>  4 |   ArrowUpRight,
     | ^^^^^^^^^^^^^^^
>  5 |   BookOpen,
     | ^^^^^^^^^^^
>  6 |   BriefcaseBusiness,
     | ^^^^^^^^^^^^^^^^^^^^
>  7 |   Camera,
     | ^^^^^^^^^
>  8 |   Code2,
     | ^^^^^^^^
>  9 |   Github,
     | ^^^^^^^^^
> 10 |   Home,
     | ^^^^^^^
> 11 |   Linkedin,
     | ^^^^^^^^^^^
> 12 |   Mail,
     | ^^^^^^^
> 13 |   Menu,
     | ^^^^^^^
> 14 |   Palette,
     | ^^^^^^^^^^
> 15 |   Video,
     | ^^^^^^^^
> 16 |   X,
     | ^^^^
> 17 |   type LucideIcon,
     | ^^^^^^^^^^^^^^^^^^
> 18 | } from "lucide-react";
     | ^^^^^^^^^^^^^^^^^^^^^^
  19 |
  20 | import type { IconKey } from "@/lib/site-data";
  21 |

The export Github was not found in module [project]/node_modules/lucide-react/dist/esm/lucide-react.mjs [app-ssr] (ecmascript).
Did you mean to import Gift?
All exports of the module are statically known (It doesn't have dynamic exports). So it's known statically that the requested export doesn't exist.

Import traces:
  Server Component:
    ./src/components/site/site-icons.tsx
    ./src/app/page.tsx

  Client Component Browser:
    ./src/components/site/site-icons.tsx [Client Component Browser]
    ./src/components/site/mobile-nav.tsx [Client Component Browser]
    ./src/components/site/mobile-nav.tsx [Server Component]
    ./src/app/page.tsx [Server Component]

  Client Component SSR:
    ./src/components/site/site-icons.tsx [Client Component SSR]
    ./src/components/site/mobile-nav.tsx [Client Component SSR]
    ./src/components/site/mobile-nav.tsx [Server Component]
    ./src/app/page.tsx [Server Component] @ http://localhost:3000/_next/static/chunks/node_modules_next_dist_0u_w_5s._.js:1945
[ 1889964ms] [ERROR] ./src/components/site/site-icons.tsx:2:1
Export Linkedin doesn't exist in target module
   1 | import type { SVGProps } from "react";
>  2 | import {
     | ^^^^^^^
>  3 |   AppWindow,
     | ^^^^^^^^^^^^
>  4 |   ArrowUpRight,
     | ^^^^^^^^^^^^^^^
>  5 |   BookOpen,
     | ^^^^^^^^^^^
>  6 |   BriefcaseBusiness,
     | ^^^^^^^^^^^^^^^^^^^^
>  7 |   Camera,
     | ^^^^^^^^^
>  8 |   Code2,
     | ^^^^^^^^
>  9 |   Github,
     | ^^^^^^^^^
> 10 |   Home,
     | ^^^^^^^
> 11 |   Linkedin,
     | ^^^^^^^^^^^
> 12 |   Mail,
     | ^^^^^^^
> 13 |   Menu,
     | ^^^^^^^
> 14 |   Palette,
     | ^^^^^^^^^^
> 15 |   Video,
     | ^^^^^^^^
> 16 |   X,
     | ^^^^
> 17 |   type LucideIcon,
     | ^^^^^^^^^^^^^^^^^^
> 18 | } from "lucide-react";
     | ^^^^^^^^^^^^^^^^^^^^^^
  19 |
  20 | import type { IconKey } from "@/lib/site-data";
  21 |

The export Linkedin was not found in module [project]/node_modules/lucide-react/dist/esm/lucide-react.mjs [app-client] (ecmascript).
Did you mean to import Link?
All exports of the module are statically known (It doesn't have dynamic exports). So it's known statically that the requested export doesn't exist.

Import traces:
  Server Component:
    ./src/components/site/site-icons.tsx
    ./src/app/page.tsx

  Client Component Browser:
    ./src/components/site/site-icons.tsx [Client Component Browser]
    ./src/components/site/mobile-nav.tsx [Client Component Browser]
    ./src/components/site/mobile-nav.tsx [Server Component]
    ./src/app/page.tsx [Server Component]

  Client Component SSR:
    ./src/components/site/site-icons.tsx [Client Component SSR]
    ./src/components/site/mobile-nav.tsx [Client Component SSR]
    ./src/components/site/mobile-nav.tsx [Server Component]
    ./src/app/page.tsx [Server Component] @ http://localhost:3000/_next/static/chunks/node_modules_next_dist_0u_w_5s._.js:1945
[ 1889964ms] [ERROR] ./src/components/site/site-icons.tsx:2:1
Export Linkedin doesn't exist in target module
   1 | import type { SVGProps } from "react";
>  2 | import {
     | ^^^^^^^
>  3 |   AppWindow,
     | ^^^^^^^^^^^^
>  4 |   ArrowUpRight,
     | ^^^^^^^^^^^^^^^
>  5 |   BookOpen,
     | ^^^^^^^^^^^
>  6 |   BriefcaseBusiness,
     | ^^^^^^^^^^^^^^^^^^^^
>  7 |   Camera,
     | ^^^^^^^^^
>  8 |   Code2,
     | ^^^^^^^^
>  9 |   Github,
     | ^^^^^^^^^
> 10 |   Home,
     | ^^^^^^^
> 11 |   Linkedin,
     | ^^^^^^^^^^^
> 12 |   Mail,
     | ^^^^^^^
> 13 |   Menu,
     | ^^^^^^^
> 14 |   Palette,
     | ^^^^^^^^^^
> 15 |   Video,
     | ^^^^^^^^
> 16 |   X,
     | ^^^^
> 17 |   type LucideIcon,
     | ^^^^^^^^^^^^^^^^^^
> 18 | } from "lucide-react";
     | ^^^^^^^^^^^^^^^^^^^^^^
  19 |
  20 | import type { IconKey } from "@/lib/site-data";
  21 |

The export Linkedin was not found in module [project]/node_modules/lucide-react/dist/esm/lucide-react.mjs [app-rsc] (ecmascript).
Did you mean to import Link?
All exports of the module are statically known (It doesn't have dynamic exports). So it's known statically that the requested export doesn't exist.

Import traces:
  Server Component:
    ./src/components/site/site-icons.tsx
    ./src/app/page.tsx

  Client Component Browser:
    ./src/components/site/site-icons.tsx [Client Component Browser]
    ./src/components/site/mobile-nav.tsx [Client Component Browser]
    ./src/components/site/mobile-nav.tsx [Server Component]
    ./src/app/page.tsx [Server Component]

  Client Component SSR:
    ./src/components/site/site-icons.tsx [Client Component SSR]
    ./src/components/site/mobile-nav.tsx [Client Component SSR]
    ./src/components/site/mobile-nav.tsx [Server Component]
    ./src/app/page.tsx [Server Component] @ http://localhost:3000/_next/static/chunks/node_modules_next_dist_0u_w_5s._.js:1945
[ 1889964ms] [ERROR] ./src/components/site/site-icons.tsx:2:1
Export Linkedin doesn't exist in target module
   1 | import type { SVGProps } from "react";
>  2 | import {
     | ^^^^^^^
>  3 |   AppWindow,
     | ^^^^^^^^^^^^
>  4 |   ArrowUpRight,
     | ^^^^^^^^^^^^^^^
>  5 |   BookOpen,
     | ^^^^^^^^^^^
>  6 |   BriefcaseBusiness,
     | ^^^^^^^^^^^^^^^^^^^^
>  7 |   Camera,
     | ^^^^^^^^^
>  8 |   Code2,
     | ^^^^^^^^
>  9 |   Github,
     | ^^^^^^^^^
> 10 |   Home,
     | ^^^^^^^
> 11 |   Linkedin,
     | ^^^^^^^^^^^
> 12 |   Mail,
     | ^^^^^^^
> 13 |   Menu,
     | ^^^^^^^
> 14 |   Palette,
     | ^^^^^^^^^^
> 15 |   Video,
     | ^^^^^^^^
> 16 |   X,
     | ^^^^
> 17 |   type LucideIcon,
     | ^^^^^^^^^^^^^^^^^^
> 18 | } from "lucide-react";
     | ^^^^^^^^^^^^^^^^^^^^^^
  19 |
  20 | import type { IconKey } from "@/lib/site-data";
  21 |

The export Linkedin was not found in module [project]/node_modules/lucide-react/dist/esm/lucide-react.mjs [app-ssr] (ecmascript).
Did you mean to import Link?
All exports of the module are statically known (It doesn't have dynamic exports). So it's known statically that the requested export doesn't exist.

Import traces:
  Server Component:
    ./src/components/site/site-icons.tsx
    ./src/app/page.tsx

  Client Component Browser:
    ./src/components/site/site-icons.tsx [Client Component Browser]
    ./src/components/site/mobile-nav.tsx [Client Component Browser]
    ./src/components/site/mobile-nav.tsx [Server Component]
    ./src/app/page.tsx [Server Component]

  Client Component SSR:
    ./src/components/site/site-icons.tsx [Client Component SSR]
    ./src/components/site/mobile-nav.tsx [Client Component SSR]
    ./src/components/site/mobile-nav.tsx [Server Component]
    ./src/app/page.tsx [Server Component] @ http://localhost:3000/_next/static/chunks/node_modules_next_dist_0u_w_5s._.js:1945
[ 1889998ms] [ERROR] Failed to load resource: the server responded with a status of 500 (Internal Server Error) @ http://localhost:3000/:0
[ 1890204ms] [INFO] %cDownload the React DevTools for a better development experience: https://react.dev/link/react-devtools font-weight:bold @ http://localhost:3000/_next/static/chunks/node_modules_react-dom_0bruynb._.js:15305
[ 1890224ms] Error: ./src/components/site/site-canvas.tsx:7:27
`ssr: false` is not allowed with `next/dynamic` in Server Components. Please move it into a Client Component.
   5 | import { cn } from "@/lib/utils";
   6 |
>  7 | const SiteCanvasDesktop = dynamic(
     |                           ^^^^^^^
>  8 |   () =>
     | ^^^^^^^
>  9 |     import("@/components/site/site-canvas-desktop").then(
     | ^^^^^^^^^^^^^^^^^^^^^^^^^^^^^^^^^^^^^^^^^^^^^^^^^^^^^^^^^
> 10 |       (mod) => mod.SiteCanvasDesktop,
     | ^^^^^^^^^^^^^^^^^^^^^^^^^^^^^^^^^^^^^
> 11 |     ),
     | ^^^^^^
> 12 |   {
     | ^^^
> 13 |     ssr: false,
     | ^^^^^^^^^^^^^^^
> 14 |     loading: () => (
     | ^^^^^^^^^^^^^^^^^^^^
> 15 |       <div
     | ^^^^^^^^^^
> 16 |         className="hidden min-h-[560px] rounded-[1.5rem] border border-border bg-backgroun...
     | ^^^^^^^^^^^^^^^^^^^^^^^^^^^^^^^^^^^^^^^^^^^^^^^^^^^^^^^^^^^^^^^^^^^^^^^^^^^^^^^^^^^^^^^^^^^^^
> 17 |         aria-hidden
     | ^^^^^^^^^^^^^^^^^^^
> 18 |       />
     | ^^^^^^^^
> 19 |     ),
     | ^^^^^^
> 20 |   },
     | ^^^^
> 21 | );
     | ^
  22 |
  23 | const accentClasses = {
  24 |   ink: "border-foreground/45 text-foreground",

Ecmascript file had an error

Import trace:
  Server Component:
    ./src/components/site/site-canvas.tsx
    ./src/app/page.tsx


    at <unknown> (Error: ./src/components/site/site-canvas.tsx:7:27)
    at Object.getCompilationErrors (file:///Users/josephsimo/Downloads/joesimo/node_modules/next/dist/server/dev/hot-reloader-turbopack.js:1186:59)
    at DevBundlerService.getCompilationError (file:///Users/josephsimo/Downloads/joesimo/node_modules/next/dist/server/lib/dev-bundler-service.js:44:55)
    at DevServer.getCompilationError (file:///Users/josephsimo/Downloads/joesimo/node_modules/next/dist/server/dev/next-dev-server.js:720:42)
    at DevServer.findPageComponents (file:///Users/josephsimo/Downloads/joesimo/node_modules/next/dist/server/dev/next-dev-server.js:690:43)
    at async DevServer.renderErrorToResponseImpl (file:///Users/josephsimo/Downloads/joesimo/node_modules/next/dist/server/base-server.js:1753:26)
[ 1890265ms] [LOG] [HMR] connected @ http://localhost:3000/_next/static/chunks/node_modules_next_dist_0u_w_5s._.js:1226
[ 1890400ms] [LOG] [Fast Refresh] rebuilding @ http://localhost:3000/_next/static/chunks/node_modules_next_dist_0u_w_5s._.js:1226
[ 1890486ms] [ERROR] ./src/components/site/site-canvas.tsx:7:27
`ssr: false` is not allowed with `next/dynamic` in Server Components. Please move it into a Client Component.
   5 | import { cn } from "@/lib/utils";
   6 |
>  7 | const SiteCanvasDesktop = dynamic(
     |                           ^^^^^^^
>  8 |   () =>
     | ^^^^^^^
>  9 |     import("@/components/site/site-canvas-desktop").then(
     | ^^^^^^^^^^^^^^^^^^^^^^^^^^^^^^^^^^^^^^^^^^^^^^^^^^^^^^^^^
> 10 |       (mod) => mod.SiteCanvasDesktop,
     | ^^^^^^^^^^^^^^^^^^^^^^^^^^^^^^^^^^^^^
> 11 |     ),
     | ^^^^^^
> 12 |   {
     | ^^^
> 13 |     ssr: false,
     | ^^^^^^^^^^^^^^^
> 14 |     loading: () => (
     | ^^^^^^^^^^^^^^^^^^^^
> 15 |       <div
     | ^^^^^^^^^^
> 16 |         className="hidden min-h-[560px] rounded-[1.5rem] border border-border bg-backgroun...
     | ^^^^^^^^^^^^^^^^^^^^^^^^^^^^^^^^^^^^^^^^^^^^^^^^^^^^^^^^^^^^^^^^^^^^^^^^^^^^^^^^^^^^^^^^^^^^^
> 17 |         aria-hidden
     | ^^^^^^^^^^^^^^^^^^^
> 18 |       />
     | ^^^^^^^^
> 19 |     ),
     | ^^^^^^
> 20 |   },
     | ^^^^
> 21 | );
     | ^
  22 |
  23 | const accentClasses = {
  24 |   ink: "border-foreground/45 text-foreground",

Ecmascript file had an error

Import trace:
  Server Component:
    ./src/components/site/site-canvas.tsx
    ./src/app/page.tsx @ http://localhost:3000/_next/static/chunks/node_modules_next_dist_0u_w_5s._.js:1945
[ 1890490ms] [ERROR] ./src/components/site/site-icons.tsx:2:1
Export Github doesn't exist in target module
   1 | import type { SVGProps } from "react";
>  2 | import {
     | ^^^^^^^
>  3 |   AppWindow,
     | ^^^^^^^^^^^^
>  4 |   ArrowUpRight,
     | ^^^^^^^^^^^^^^^
>  5 |   BookOpen,
     | ^^^^^^^^^^^
>  6 |   BriefcaseBusiness,
     | ^^^^^^^^^^^^^^^^^^^^
>  7 |   Camera,
     | ^^^^^^^^^
>  8 |   Code2,
     | ^^^^^^^^
>  9 |   Github,
     | ^^^^^^^^^
> 10 |   Home,
     | ^^^^^^^
> 11 |   Linkedin,
     | ^^^^^^^^^^^
> 12 |   Mail,
     | ^^^^^^^
> 13 |   Menu,
     | ^^^^^^^
> 14 |   Palette,
     | ^^^^^^^^^^
> 15 |   Video,
     | ^^^^^^^^
> 16 |   X,
     | ^^^^
> 17 |   type LucideIcon,
     | ^^^^^^^^^^^^^^^^^^
> 18 | } from "lucide-react";
     | ^^^^^^^^^^^^^^^^^^^^^^
  19 |
  20 | import type { IconKey } from "@/lib/site-data";
  21 |

The export Github was not found in module [project]/node_modules/lucide-react/dist/esm/lucide-react.mjs [app-client] (ecmascript).
Did you mean to import Gift?
All exports of the module are statically known (It doesn't have dynamic exports). So it's known statically that the requested export doesn't exist.

Import traces:
  Server Component:
    ./src/components/site/site-icons.tsx
    ./src/app/page.tsx

  Client Component Browser:
    ./src/components/site/site-icons.tsx [Client Component Browser]
    ./src/components/site/mobile-nav.tsx [Client Component Browser]
    ./src/components/site/mobile-nav.tsx [Server Component]
    ./src/app/page.tsx [Server Component]

  Client Component SSR:
    ./src/components/site/site-icons.tsx [Client Component SSR]
    ./src/components/site/mobile-nav.tsx [Client Component SSR]
    ./src/components/site/mobile-nav.tsx [Server Component]
    ./src/app/page.tsx [Server Component] @ http://localhost:3000/_next/static/chunks/node_modules_next_dist_0u_w_5s._.js:1945
[ 1890490ms] [ERROR] ./src/components/site/site-icons.tsx:2:1
Export Github doesn't exist in target module
   1 | import type { SVGProps } from "react";
>  2 | import {
     | ^^^^^^^
>  3 |   AppWindow,
     | ^^^^^^^^^^^^
>  4 |   ArrowUpRight,
     | ^^^^^^^^^^^^^^^
>  5 |   BookOpen,
     | ^^^^^^^^^^^
>  6 |   BriefcaseBusiness,
     | ^^^^^^^^^^^^^^^^^^^^
>  7 |   Camera,
     | ^^^^^^^^^
>  8 |   Code2,
     | ^^^^^^^^
>  9 |   Github,
     | ^^^^^^^^^
> 10 |   Home,
     | ^^^^^^^
> 11 |   Linkedin,
     | ^^^^^^^^^^^
> 12 |   Mail,
     | ^^^^^^^
> 13 |   Menu,
     | ^^^^^^^
> 14 |   Palette,
     | ^^^^^^^^^^
> 15 |   Video,
     | ^^^^^^^^
> 16 |   X,
     | ^^^^
> 17 |   type LucideIcon,
     | ^^^^^^^^^^^^^^^^^^
> 18 | } from "lucide-react";
     | ^^^^^^^^^^^^^^^^^^^^^^
  19 |
  20 | import type { IconKey } from "@/lib/site-data";
  21 |

The export Github was not found in module [project]/node_modules/lucide-react/dist/esm/lucide-react.mjs [app-rsc] (ecmascript).
Did you mean to import Gift?
All exports of the module are statically known (It doesn't have dynamic exports). So it's known statically that the requested export doesn't exist.

Import traces:
  Server Component:
    ./src/components/site/site-icons.tsx
    ./src/app/page.tsx

  Client Component Browser:
    ./src/components/site/site-icons.tsx [Client Component Browser]
    ./src/components/site/mobile-nav.tsx [Client Component Browser]
    ./src/components/site/mobile-nav.tsx [Server Component]
    ./src/app/page.tsx [Server Component]

  Client Component SSR:
    ./src/components/site/site-icons.tsx [Client Component SSR]
    ./src/components/site/mobile-nav.tsx [Client Component SSR]
    ./src/components/site/mobile-nav.tsx [Server Component]
    ./src/app/page.tsx [Server Component] @ http://localhost:3000/_next/static/chunks/node_modules_next_dist_0u_w_5s._.js:1945
[ 1890490ms] [ERROR] ./src/components/site/site-icons.tsx:2:1
Export Github doesn't exist in target module
   1 | import type { SVGProps } from "react";
>  2 | import {
     | ^^^^^^^
>  3 |   AppWindow,
     | ^^^^^^^^^^^^
>  4 |   ArrowUpRight,
     | ^^^^^^^^^^^^^^^
>  5 |   BookOpen,
     | ^^^^^^^^^^^
>  6 |   BriefcaseBusiness,
     | ^^^^^^^^^^^^^^^^^^^^
>  7 |   Camera,
     | ^^^^^^^^^
>  8 |   Code2,
     | ^^^^^^^^
>  9 |   Github,
     | ^^^^^^^^^
> 10 |   Home,
     | ^^^^^^^
> 11 |   Linkedin,
     | ^^^^^^^^^^^
> 12 |   Mail,
     | ^^^^^^^
> 13 |   Menu,
     | ^^^^^^^
> 14 |   Palette,
     | ^^^^^^^^^^
> 15 |   Video,
     | ^^^^^^^^
> 16 |   X,
     | ^^^^
> 17 |   type LucideIcon,
     | ^^^^^^^^^^^^^^^^^^
> 18 | } from "lucide-react";
     | ^^^^^^^^^^^^^^^^^^^^^^
  19 |
  20 | import type { IconKey } from "@/lib/site-data";
  21 |

The export Github was not found in module [project]/node_modules/lucide-react/dist/esm/lucide-react.mjs [app-ssr] (ecmascript).
Did you mean to import Gift?
All exports of the module are statically known (It doesn't have dynamic exports). So it's known statically that the requested export doesn't exist.

Import traces:
  Server Component:
    ./src/components/site/site-icons.tsx
    ./src/app/page.tsx

  Client Component Browser:
    ./src/components/site/site-icons.tsx [Client Component Browser]
    ./src/components/site/mobile-nav.tsx [Client Component Browser]
    ./src/components/site/mobile-nav.tsx [Server Component]
    ./src/app/page.tsx [Server Component]

  Client Component SSR:
    ./src/components/site/site-icons.tsx [Client Component SSR]
    ./src/components/site/mobile-nav.tsx [Client Component SSR]
    ./src/components/site/mobile-nav.tsx [Server Component]
    ./src/app/page.tsx [Server Component] @ http://localhost:3000/_next/static/chunks/node_modules_next_dist_0u_w_5s._.js:1945
[ 1890490ms] [ERROR] ./src/components/site/site-icons.tsx:2:1
Export Linkedin doesn't exist in target module
   1 | import type { SVGProps } from "react";
>  2 | import {
     | ^^^^^^^
>  3 |   AppWindow,
     | ^^^^^^^^^^^^
>  4 |   ArrowUpRight,
     | ^^^^^^^^^^^^^^^
>  5 |   BookOpen,
     | ^^^^^^^^^^^
>  6 |   BriefcaseBusiness,
     | ^^^^^^^^^^^^^^^^^^^^
>  7 |   Camera,
     | ^^^^^^^^^
>  8 |   Code2,
     | ^^^^^^^^
>  9 |   Github,
     | ^^^^^^^^^
> 10 |   Home,
     | ^^^^^^^
> 11 |   Linkedin,
     | ^^^^^^^^^^^
> 12 |   Mail,
     | ^^^^^^^
> 13 |   Menu,
     | ^^^^^^^
> 14 |   Palette,
     | ^^^^^^^^^^
> 15 |   Video,
     | ^^^^^^^^
> 16 |   X,
     | ^^^^
> 17 |   type LucideIcon,
     | ^^^^^^^^^^^^^^^^^^
> 18 | } from "lucide-react";
     | ^^^^^^^^^^^^^^^^^^^^^^
  19 |
  20 | import type { IconKey } from "@/lib/site-data";
  21 |

The export Linkedin was not found in module [project]/node_modules/lucide-react/dist/esm/lucide-react.mjs [app-client] (ecmascript).
Did you mean to import Link?
All exports of the module are statically known (It doesn't have dynamic exports). So it's known statically that the requested export doesn't exist.

Import traces:
  Server Component:
    ./src/components/site/site-icons.tsx
    ./src/app/page.tsx

  Client Component Browser:
    ./src/components/site/site-icons.tsx [Client Component Browser]
    ./src/components/site/mobile-nav.tsx [Client Component Browser]
    ./src/components/site/mobile-nav.tsx [Server Component]
    ./src/app/page.tsx [Server Component]

  Client Component SSR:
    ./src/components/site/site-icons.tsx [Client Component SSR]
    ./src/components/site/mobile-nav.tsx [Client Component SSR]
    ./src/components/site/mobile-nav.tsx [Server Component]
    ./src/app/page.tsx [Server Component] @ http://localhost:3000/_next/static/chunks/node_modules_next_dist_0u_w_5s._.js:1945
[ 1890491ms] [ERROR] ./src/components/site/site-icons.tsx:2:1
Export Linkedin doesn't exist in target module
   1 | import type { SVGProps } from "react";
>  2 | import {
     | ^^^^^^^
>  3 |   AppWindow,
     | ^^^^^^^^^^^^
>  4 |   ArrowUpRight,
     | ^^^^^^^^^^^^^^^
>  5 |   BookOpen,
     | ^^^^^^^^^^^
>  6 |   BriefcaseBusiness,
     | ^^^^^^^^^^^^^^^^^^^^
>  7 |   Camera,
     | ^^^^^^^^^
>  8 |   Code2,
     | ^^^^^^^^
>  9 |   Github,
     | ^^^^^^^^^
> 10 |   Home,
     | ^^^^^^^
> 11 |   Linkedin,
     | ^^^^^^^^^^^
> 12 |   Mail,
     | ^^^^^^^
> 13 |   Menu,
     | ^^^^^^^
> 14 |   Palette,
     | ^^^^^^^^^^
> 15 |   Video,
     | ^^^^^^^^
> 16 |   X,
     | ^^^^
> 17 |   type LucideIcon,
     | ^^^^^^^^^^^^^^^^^^
> 18 | } from "lucide-react";
     | ^^^^^^^^^^^^^^^^^^^^^^
  19 |
  20 | import type { IconKey } from "@/lib/site-data";
  21 |

The export Linkedin was not found in module [project]/node_modules/lucide-react/dist/esm/lucide-react.mjs [app-rsc] (ecmascript).
Did you mean to import Link?
All exports of the module are statically known (It doesn't have dynamic exports). So it's known statically that the requested export doesn't exist.

Import traces:
  Server Component:
    ./src/components/site/site-icons.tsx
    ./src/app/page.tsx

  Client Component Browser:
    ./src/components/site/site-icons.tsx [Client Component Browser]
    ./src/components/site/mobile-nav.tsx [Client Component Browser]
    ./src/components/site/mobile-nav.tsx [Server Component]
    ./src/app/page.tsx [Server Component]

  Client Component SSR:
    ./src/components/site/site-icons.tsx [Client Component SSR]
    ./src/components/site/mobile-nav.tsx [Client Component SSR]
    ./src/components/site/mobile-nav.tsx [Server Component]
    ./src/app/page.tsx [Server Component] @ http://localhost:3000/_next/static/chunks/node_modules_next_dist_0u_w_5s._.js:1945
[ 1890491ms] [ERROR] ./src/components/site/site-icons.tsx:2:1
Export Linkedin doesn't exist in target module
   1 | import type { SVGProps } from "react";
>  2 | import {
     | ^^^^^^^
>  3 |   AppWindow,
     | ^^^^^^^^^^^^
>  4 |   ArrowUpRight,
     | ^^^^^^^^^^^^^^^
>  5 |   BookOpen,
     | ^^^^^^^^^^^
>  6 |   BriefcaseBusiness,
     | ^^^^^^^^^^^^^^^^^^^^
>  7 |   Camera,
     | ^^^^^^^^^
>  8 |   Code2,
     | ^^^^^^^^
>  9 |   Github,
     | ^^^^^^^^^
> 10 |   Home,
     | ^^^^^^^
> 11 |   Linkedin,
     | ^^^^^^^^^^^
> 12 |   Mail,
     | ^^^^^^^
> 13 |   Menu,
     | ^^^^^^^
> 14 |   Palette,
     | ^^^^^^^^^^
> 15 |   Video,
     | ^^^^^^^^
> 16 |   X,
     | ^^^^
> 17 |   type LucideIcon,
     | ^^^^^^^^^^^^^^^^^^
> 18 | } from "lucide-react";
     | ^^^^^^^^^^^^^^^^^^^^^^
  19 |
  20 | import type { IconKey } from "@/lib/site-data";
  21 |

The export Linkedin was not found in module [project]/node_modules/lucide-react/dist/esm/lucide-react.mjs [app-ssr] (ecmascript).
Did you mean to import Link?
All exports of the module are statically known (It doesn't have dynamic exports). So it's known statically that the requested export doesn't exist.

Import traces:
  Server Component:
    ./src/components/site/site-icons.tsx
    ./src/app/page.tsx

  Client Component Browser:
    ./src/components/site/site-icons.tsx [Client Component Browser]
    ./src/components/site/mobile-nav.tsx [Client Component Browser]
    ./src/components/site/mobile-nav.tsx [Server Component]
    ./src/app/page.tsx [Server Component]

  Client Component SSR:
    ./src/components/site/site-icons.tsx [Client Component SSR]
    ./src/components/site/mobile-nav.tsx [Client Component SSR]
    ./src/components/site/mobile-nav.tsx [Server Component]
    ./src/app/page.tsx [Server Component] @ http://localhost:3000/_next/static/chunks/node_modules_next_dist_0u_w_5s._.js:1945
[ 1890505ms] [ERROR] ./src/components/site/site-canvas.tsx:7:27
`ssr: false` is not allowed with `next/dynamic` in Server Components. Please move it into a Client Component.
   5 | import { cn } from "@/lib/utils";
   6 |
>  7 | const SiteCanvasDesktop = dynamic(
     |                           ^^^^^^^
>  8 |   () =>
     | ^^^^^^^
>  9 |     import("@/components/site/site-canvas-desktop").then(
     | ^^^^^^^^^^^^^^^^^^^^^^^^^^^^^^^^^^^^^^^^^^^^^^^^^^^^^^^^^
> 10 |       (mod) => mod.SiteCanvasDesktop,
     | ^^^^^^^^^^^^^^^^^^^^^^^^^^^^^^^^^^^^^
> 11 |     ),
     | ^^^^^^
> 12 |   {
     | ^^^
> 13 |     ssr: false,
     | ^^^^^^^^^^^^^^^
> 14 |     loading: () => (
     | ^^^^^^^^^^^^^^^^^^^^
> 15 |       <div
     | ^^^^^^^^^^
> 16 |         className="hidden min-h-[560px] rounded-[1.5rem] border border-border bg-backgroun...
     | ^^^^^^^^^^^^^^^^^^^^^^^^^^^^^^^^^^^^^^^^^^^^^^^^^^^^^^^^^^^^^^^^^^^^^^^^^^^^^^^^^^^^^^^^^^^^^
> 17 |         aria-hidden
     | ^^^^^^^^^^^^^^^^^^^
> 18 |       />
     | ^^^^^^^^
> 19 |     ),
     | ^^^^^^
> 20 |   },
     | ^^^^
> 21 | );
     | ^
  22 |
  23 | const accentClasses = {
  24 |   ink: "border-foreground/45 text-foreground",

Ecmascript file had an error

Import trace:
  Server Component:
    ./src/components/site/site-canvas.tsx
    ./src/app/page.tsx @ http://localhost:3000/_next/static/chunks/node_modules_next_dist_0u_w_5s._.js:1945
[ 1890505ms] [ERROR] ./src/components/site/site-icons.tsx:2:1
Export Github doesn't exist in target module
   1 | import type { SVGProps } from "react";
>  2 | import {
     | ^^^^^^^
>  3 |   AppWindow,
     | ^^^^^^^^^^^^
>  4 |   ArrowUpRight,
     | ^^^^^^^^^^^^^^^
>  5 |   BookOpen,
     | ^^^^^^^^^^^
>  6 |   BriefcaseBusiness,
     | ^^^^^^^^^^^^^^^^^^^^
>  7 |   Camera,
     | ^^^^^^^^^
>  8 |   Code2,
     | ^^^^^^^^
>  9 |   Github,
     | ^^^^^^^^^
> 10 |   Home,
     | ^^^^^^^
> 11 |   Linkedin,
     | ^^^^^^^^^^^
> 12 |   Mail,
     | ^^^^^^^
> 13 |   Menu,
     | ^^^^^^^
> 14 |   Palette,
     | ^^^^^^^^^^
> 15 |   Video,
     | ^^^^^^^^
> 16 |   X,
     | ^^^^
> 17 |   type LucideIcon,
     | ^^^^^^^^^^^^^^^^^^
> 18 | } from "lucide-react";
     | ^^^^^^^^^^^^^^^^^^^^^^
  19 |
  20 | import type { IconKey } from "@/lib/site-data";
  21 |

The export Github was not found in module [project]/node_modules/lucide-react/dist/esm/lucide-react.mjs [app-client] (ecmascript).
Did you mean to import Gift?
All exports of the module are statically known (It doesn't have dynamic exports). So it's known statically that the requested export doesn't exist.

Import traces:
  Server Component:
    ./src/components/site/site-icons.tsx
    ./src/app/page.tsx

  Client Component Browser:
    ./src/components/site/site-icons.tsx [Client Component Browser]
    ./src/components/site/mobile-nav.tsx [Client Component Browser]
    ./src/components/site/mobile-nav.tsx [Server Component]
    ./src/app/page.tsx [Server Component]

  Client Component SSR:
    ./src/components/site/site-icons.tsx [Client Component SSR]
    ./src/components/site/mobile-nav.tsx [Client Component SSR]
    ./src/components/site/mobile-nav.tsx [Server Component]
    ./src/app/page.tsx [Server Component] @ http://localhost:3000/_next/static/chunks/node_modules_next_dist_0u_w_5s._.js:1945
[ 1890506ms] [ERROR] ./src/components/site/site-icons.tsx:2:1
Export Github doesn't exist in target module
   1 | import type { SVGProps } from "react";
>  2 | import {
     | ^^^^^^^
>  3 |   AppWindow,
     | ^^^^^^^^^^^^
>  4 |   ArrowUpRight,
     | ^^^^^^^^^^^^^^^
>  5 |   BookOpen,
     | ^^^^^^^^^^^
>  6 |   BriefcaseBusiness,
     | ^^^^^^^^^^^^^^^^^^^^
>  7 |   Camera,
     | ^^^^^^^^^
>  8 |   Code2,
     | ^^^^^^^^
>  9 |   Github,
     | ^^^^^^^^^
> 10 |   Home,
     | ^^^^^^^
> 11 |   Linkedin,
     | ^^^^^^^^^^^
> 12 |   Mail,
     | ^^^^^^^
> 13 |   Menu,
     | ^^^^^^^
> 14 |   Palette,
     | ^^^^^^^^^^
> 15 |   Video,
     | ^^^^^^^^
> 16 |   X,
     | ^^^^
> 17 |   type LucideIcon,
     | ^^^^^^^^^^^^^^^^^^
> 18 | } from "lucide-react";
     | ^^^^^^^^^^^^^^^^^^^^^^
  19 |
  20 | import type { IconKey } from "@/lib/site-data";
  21 |

The export Github was not found in module [project]/node_modules/lucide-react/dist/esm/lucide-react.mjs [app-rsc] (ecmascript).
Did you mean to import Gift?
All exports of the module are statically known (It doesn't have dynamic exports). So it's known statically that the requested export doesn't exist.

Import traces:
  Server Component:
    ./src/components/site/site-icons.tsx
    ./src/app/page.tsx

  Client Component Browser:
    ./src/components/site/site-icons.tsx [Client Component Browser]
    ./src/components/site/mobile-nav.tsx [Client Component Browser]
    ./src/components/site/mobile-nav.tsx [Server Component]
    ./src/app/page.tsx [Server Component]

  Client Component SSR:
    ./src/components/site/site-icons.tsx [Client Component SSR]
    ./src/components/site/mobile-nav.tsx [Client Component SSR]
    ./src/components/site/mobile-nav.tsx [Server Component]
    ./src/app/page.tsx [Server Component] @ http://localhost:3000/_next/static/chunks/node_modules_next_dist_0u_w_5s._.js:1945
[ 1890506ms] [ERROR] ./src/components/site/site-icons.tsx:2:1
Export Github doesn't exist in target module
   1 | import type { SVGProps } from "react";
>  2 | import {
     | ^^^^^^^
>  3 |   AppWindow,
     | ^^^^^^^^^^^^
>  4 |   ArrowUpRight,
     | ^^^^^^^^^^^^^^^
>  5 |   BookOpen,
     | ^^^^^^^^^^^
>  6 |   BriefcaseBusiness,
     | ^^^^^^^^^^^^^^^^^^^^
>  7 |   Camera,
     | ^^^^^^^^^
>  8 |   Code2,
     | ^^^^^^^^
>  9 |   Github,
     | ^^^^^^^^^
> 10 |   Home,
     | ^^^^^^^
> 11 |   Linkedin,
     | ^^^^^^^^^^^
> 12 |   Mail,
     | ^^^^^^^
> 13 |   Menu,
     | ^^^^^^^
> 14 |   Palette,
     | ^^^^^^^^^^
> 15 |   Video,
     | ^^^^^^^^
> 16 |   X,
     | ^^^^
> 17 |   type LucideIcon,
     | ^^^^^^^^^^^^^^^^^^
> 18 | } from "lucide-react";
     | ^^^^^^^^^^^^^^^^^^^^^^
  19 |
  20 | import type { IconKey } from "@/lib/site-data";
  21 |

The export Github was not found in module [project]/node_modules/lucide-react/dist/esm/lucide-react.mjs [app-ssr] (ecmascript).
Did you mean to import Gift?
All exports of the module are statically known (It doesn't have dynamic exports). So it's known statically that the requested export doesn't exist.

Import traces:
  Server Component:
    ./src/components/site/site-icons.tsx
    ./src/app/page.tsx

  Client Component Browser:
    ./src/components/site/site-icons.tsx [Client Component Browser]
    ./src/components/site/mobile-nav.tsx [Client Component Browser]
    ./src/components/site/mobile-nav.tsx [Server Component]
    ./src/app/page.tsx [Server Component]

  Client Component SSR:
    ./src/components/site/site-icons.tsx [Client Component SSR]
    ./src/components/site/mobile-nav.tsx [Client Component SSR]
    ./src/components/site/mobile-nav.tsx [Server Component]
    ./src/app/page.tsx [Server Component] @ http://localhost:3000/_next/static/chunks/node_modules_next_dist_0u_w_5s._.js:1945
[ 1890506ms] [ERROR] ./src/components/site/site-icons.tsx:2:1
Export Linkedin doesn't exist in target module
   1 | import type { SVGProps } from "react";
>  2 | import {
     | ^^^^^^^
>  3 |   AppWindow,
     | ^^^^^^^^^^^^
>  4 |   ArrowUpRight,
     | ^^^^^^^^^^^^^^^
>  5 |   BookOpen,
     | ^^^^^^^^^^^
>  6 |   BriefcaseBusiness,
     | ^^^^^^^^^^^^^^^^^^^^
>  7 |   Camera,
     | ^^^^^^^^^
>  8 |   Code2,
     | ^^^^^^^^
>  9 |   Github,
     | ^^^^^^^^^
> 10 |   Home,
     | ^^^^^^^
> 11 |   Linkedin,
     | ^^^^^^^^^^^
> 12 |   Mail,
     | ^^^^^^^
> 13 |   Menu,
     | ^^^^^^^
> 14 |   Palette,
     | ^^^^^^^^^^
> 15 |   Video,
     | ^^^^^^^^
> 16 |   X,
     | ^^^^
> 17 |   type LucideIcon,
     | ^^^^^^^^^^^^^^^^^^
> 18 | } from "lucide-react";
     | ^^^^^^^^^^^^^^^^^^^^^^
  19 |
  20 | import type { IconKey } from "@/lib/site-data";
  21 |

The export Linkedin was not found in module [project]/node_modules/lucide-react/dist/esm/lucide-react.mjs [app-client] (ecmascript).
Did you mean to import Link?
All exports of the module are statically known (It doesn't have dynamic exports). So it's known statically that the requested export doesn't exist.

Import traces:
  Server Component:
    ./src/components/site/site-icons.tsx
    ./src/app/page.tsx

  Client Component Browser:
    ./src/components/site/site-icons.tsx [Client Component Browser]
    ./src/components/site/mobile-nav.tsx [Client Component Browser]
    ./src/components/site/mobile-nav.tsx [Server Component]
    ./src/app/page.tsx [Server Component]

  Client Component SSR:
    ./src/components/site/site-icons.tsx [Client Component SSR]
    ./src/components/site/mobile-nav.tsx [Client Component SSR]
    ./src/components/site/mobile-nav.tsx [Server Component]
    ./src/app/page.tsx [Server Component] @ http://localhost:3000/_next/static/chunks/node_modules_next_dist_0u_w_5s._.js:1945
[ 1890506ms] [ERROR] ./src/components/site/site-icons.tsx:2:1
Export Linkedin doesn't exist in target module
   1 | import type { SVGProps } from "react";
>  2 | import {
     | ^^^^^^^
>  3 |   AppWindow,
     | ^^^^^^^^^^^^
>  4 |   ArrowUpRight,
     | ^^^^^^^^^^^^^^^
>  5 |   BookOpen,
     | ^^^^^^^^^^^
>  6 |   BriefcaseBusiness,
     | ^^^^^^^^^^^^^^^^^^^^
>  7 |   Camera,
     | ^^^^^^^^^
>  8 |   Code2,
     | ^^^^^^^^
>  9 |   Github,
     | ^^^^^^^^^
> 10 |   Home,
     | ^^^^^^^
> 11 |   Linkedin,
     | ^^^^^^^^^^^
> 12 |   Mail,
     | ^^^^^^^
> 13 |   Menu,
     | ^^^^^^^
> 14 |   Palette,
     | ^^^^^^^^^^
> 15 |   Video,
     | ^^^^^^^^
> 16 |   X,
     | ^^^^
> 17 |   type LucideIcon,
     | ^^^^^^^^^^^^^^^^^^
> 18 | } from "lucide-react";
     | ^^^^^^^^^^^^^^^^^^^^^^
  19 |
  20 | import type { IconKey } from "@/lib/site-data";
  21 |

The export Linkedin was not found in module [project]/node_modules/lucide-react/dist/esm/lucide-react.mjs [app-rsc] (ecmascript).
Did you mean to import Link?
All exports of the module are statically known (It doesn't have dynamic exports). So it's known statically that the requested export doesn't exist.

Import traces:
  Server Component:
    ./src/components/site/site-icons.tsx
    ./src/app/page.tsx

  Client Component Browser:
    ./src/components/site/site-icons.tsx [Client Component Browser]
    ./src/components/site/mobile-nav.tsx [Client Component Browser]
    ./src/components/site/mobile-nav.tsx [Server Component]
    ./src/app/page.tsx [Server Component]

  Client Component SSR:
    ./src/components/site/site-icons.tsx [Client Component SSR]
    ./src/components/site/mobile-nav.tsx [Client Component SSR]
    ./src/components/site/mobile-nav.tsx [Server Component]
    ./src/app/page.tsx [Server Component] @ http://localhost:3000/_next/static/chunks/node_modules_next_dist_0u_w_5s._.js:1945
[ 1890506ms] [ERROR] ./src/components/site/site-icons.tsx:2:1
Export Linkedin doesn't exist in target module
   1 | import type { SVGProps } from "react";
>  2 | import {
     | ^^^^^^^
>  3 |   AppWindow,
     | ^^^^^^^^^^^^
>  4 |   ArrowUpRight,
     | ^^^^^^^^^^^^^^^
>  5 |   BookOpen,
     | ^^^^^^^^^^^
>  6 |   BriefcaseBusiness,
     | ^^^^^^^^^^^^^^^^^^^^
>  7 |   Camera,
     | ^^^^^^^^^
>  8 |   Code2,
     | ^^^^^^^^
>  9 |   Github,
     | ^^^^^^^^^
> 10 |   Home,
     | ^^^^^^^
> 11 |   Linkedin,
     | ^^^^^^^^^^^
> 12 |   Mail,
     | ^^^^^^^
> 13 |   Menu,
     | ^^^^^^^
> 14 |   Palette,
     | ^^^^^^^^^^
> 15 |   Video,
     | ^^^^^^^^
> 16 |   X,
     | ^^^^
> 17 |   type LucideIcon,
     | ^^^^^^^^^^^^^^^^^^
> 18 | } from "lucide-react";
     | ^^^^^^^^^^^^^^^^^^^^^^
  19 |
  20 | import type { IconKey } from "@/lib/site-data";
  21 |

The export Linkedin was not found in module [project]/node_modules/lucide-react/dist/esm/lucide-react.mjs [app-ssr] (ecmascript).
Did you mean to import Link?
All exports of the module are statically known (It doesn't have dynamic exports). So it's known statically that the requested export doesn't exist.

Import traces:
  Server Component:
    ./src/components/site/site-icons.tsx
    ./src/app/page.tsx

  Client Component Browser:
    ./src/components/site/site-icons.tsx [Client Component Browser]
    ./src/components/site/mobile-nav.tsx [Client Component Browser]
    ./src/components/site/mobile-nav.tsx [Server Component]
    ./src/app/page.tsx [Server Component]

  Client Component SSR:
    ./src/components/site/site-icons.tsx [Client Component SSR]
    ./src/components/site/mobile-nav.tsx [Client Component SSR]
    ./src/components/site/mobile-nav.tsx [Server Component]
    ./src/app/page.tsx [Server Component] @ http://localhost:3000/_next/static/chunks/node_modules_next_dist_0u_w_5s._.js:1945
[ 1890521ms] [ERROR] ./src/components/site/site-canvas.tsx:7:27
`ssr: false` is not allowed with `next/dynamic` in Server Components. Please move it into a Client Component.
   5 | import { cn } from "@/lib/utils";
   6 |
>  7 | const SiteCanvasDesktop = dynamic(
     |                           ^^^^^^^
>  8 |   () =>
     | ^^^^^^^
>  9 |     import("@/components/site/site-canvas-desktop").then(
     | ^^^^^^^^^^^^^^^^^^^^^^^^^^^^^^^^^^^^^^^^^^^^^^^^^^^^^^^^^
> 10 |       (mod) => mod.SiteCanvasDesktop,
     | ^^^^^^^^^^^^^^^^^^^^^^^^^^^^^^^^^^^^^
> 11 |     ),
     | ^^^^^^
> 12 |   {
     | ^^^
> 13 |     ssr: false,
     | ^^^^^^^^^^^^^^^
> 14 |     loading: () => (
     | ^^^^^^^^^^^^^^^^^^^^
> 15 |       <div
     | ^^^^^^^^^^
> 16 |         className="hidden min-h-[560px] rounded-[1.5rem] border border-border bg-backgroun...
     | ^^^^^^^^^^^^^^^^^^^^^^^^^^^^^^^^^^^^^^^^^^^^^^^^^^^^^^^^^^^^^^^^^^^^^^^^^^^^^^^^^^^^^^^^^^^^^
> 17 |         aria-hidden
     | ^^^^^^^^^^^^^^^^^^^
> 18 |       />
     | ^^^^^^^^
> 19 |     ),
     | ^^^^^^
> 20 |   },
     | ^^^^
> 21 | );
     | ^
  22 |
  23 | const accentClasses = {
  24 |   ink: "border-foreground/45 text-foreground",

Ecmascript file had an error

Import trace:
  Server Component:
    ./src/components/site/site-canvas.tsx
    ./src/app/page.tsx @ http://localhost:3000/_next/static/chunks/node_modules_next_dist_0u_w_5s._.js:1945
[ 1890521ms] [ERROR] ./src/components/site/site-icons.tsx:2:1
Export Github doesn't exist in target module
   1 | import type { SVGProps } from "react";
>  2 | import {
     | ^^^^^^^
>  3 |   AppWindow,
     | ^^^^^^^^^^^^
>  4 |   ArrowUpRight,
     | ^^^^^^^^^^^^^^^
>  5 |   BookOpen,
     | ^^^^^^^^^^^
>  6 |   BriefcaseBusiness,
     | ^^^^^^^^^^^^^^^^^^^^
>  7 |   Camera,
     | ^^^^^^^^^
>  8 |   Code2,
     | ^^^^^^^^
>  9 |   Github,
     | ^^^^^^^^^
> 10 |   Home,
     | ^^^^^^^
> 11 |   Linkedin,
     | ^^^^^^^^^^^
> 12 |   Mail,
     | ^^^^^^^
> 13 |   Menu,
     | ^^^^^^^
> 14 |   Palette,
     | ^^^^^^^^^^
> 15 |   Video,
     | ^^^^^^^^
> 16 |   X,
     | ^^^^
> 17 |   type LucideIcon,
     | ^^^^^^^^^^^^^^^^^^
> 18 | } from "lucide-react";
     | ^^^^^^^^^^^^^^^^^^^^^^
  19 |
  20 | import type { IconKey } from "@/lib/site-data";
  21 |

The export Github was not found in module [project]/node_modules/lucide-react/dist/esm/lucide-react.mjs [app-client] (ecmascript).
Did you mean to import Gift?
All exports of the module are statically known (It doesn't have dynamic exports). So it's known statically that the requested export doesn't exist.

Import traces:
  Server Component:
    ./src/components/site/site-icons.tsx
    ./src/app/page.tsx

  Client Component Browser:
    ./src/components/site/site-icons.tsx [Client Component Browser]
    ./src/components/site/mobile-nav.tsx [Client Component Browser]
    ./src/components/site/mobile-nav.tsx [Server Component]
    ./src/app/page.tsx [Server Component]

  Client Component SSR:
    ./src/components/site/site-icons.tsx [Client Component SSR]
    ./src/components/site/mobile-nav.tsx [Client Component SSR]
    ./src/components/site/mobile-nav.tsx [Server Component]
    ./src/app/page.tsx [Server Component] @ http://localhost:3000/_next/static/chunks/node_modules_next_dist_0u_w_5s._.js:1945
[ 1890522ms] [ERROR] ./src/components/site/site-icons.tsx:2:1
Export Github doesn't exist in target module
   1 | import type { SVGProps } from "react";
>  2 | import {
     | ^^^^^^^
>  3 |   AppWindow,
     | ^^^^^^^^^^^^
>  4 |   ArrowUpRight,
     | ^^^^^^^^^^^^^^^
>  5 |   BookOpen,
     | ^^^^^^^^^^^
>  6 |   BriefcaseBusiness,
     | ^^^^^^^^^^^^^^^^^^^^
>  7 |   Camera,
     | ^^^^^^^^^
>  8 |   Code2,
     | ^^^^^^^^
>  9 |   Github,
     | ^^^^^^^^^
> 10 |   Home,
     | ^^^^^^^
> 11 |   Linkedin,
     | ^^^^^^^^^^^
> 12 |   Mail,
     | ^^^^^^^
> 13 |   Menu,
     | ^^^^^^^
> 14 |   Palette,
     | ^^^^^^^^^^
> 15 |   Video,
     | ^^^^^^^^
> 16 |   X,
     | ^^^^
> 17 |   type LucideIcon,
     | ^^^^^^^^^^^^^^^^^^
> 18 | } from "lucide-react";
     | ^^^^^^^^^^^^^^^^^^^^^^
  19 |
  20 | import type { IconKey } from "@/lib/site-data";
  21 |

The export Github was not found in module [project]/node_modules/lucide-react/dist/esm/lucide-react.mjs [app-rsc] (ecmascript).
Did you mean to import Gift?
All exports of the module are statically known (It doesn't have dynamic exports). So it's known statically that the requested export doesn't exist.

Import traces:
  Server Component:
    ./src/components/site/site-icons.tsx
    ./src/app/page.tsx

  Client Component Browser:
    ./src/components/site/site-icons.tsx [Client Component Browser]
    ./src/components/site/mobile-nav.tsx [Client Component Browser]
    ./src/components/site/mobile-nav.tsx [Server Component]
    ./src/app/page.tsx [Server Component]

  Client Component SSR:
    ./src/components/site/site-icons.tsx [Client Component SSR]
    ./src/components/site/mobile-nav.tsx [Client Component SSR]
    ./src/components/site/mobile-nav.tsx [Server Component]
    ./src/app/page.tsx [Server Component] @ http://localhost:3000/_next/static/chunks/node_modules_next_dist_0u_w_5s._.js:1945
[ 1890522ms] [ERROR] ./src/components/site/site-icons.tsx:2:1
Export Github doesn't exist in target module
   1 | import type { SVGProps } from "react";
>  2 | import {
     | ^^^^^^^
>  3 |   AppWindow,
     | ^^^^^^^^^^^^
>  4 |   ArrowUpRight,
     | ^^^^^^^^^^^^^^^
>  5 |   BookOpen,
     | ^^^^^^^^^^^
>  6 |   BriefcaseBusiness,
     | ^^^^^^^^^^^^^^^^^^^^
>  7 |   Camera,
     | ^^^^^^^^^
>  8 |   Code2,
     | ^^^^^^^^
>  9 |   Github,
     | ^^^^^^^^^
> 10 |   Home,
     | ^^^^^^^
> 11 |   Linkedin,
     | ^^^^^^^^^^^
> 12 |   Mail,
     | ^^^^^^^
> 13 |   Menu,
     | ^^^^^^^
> 14 |   Palette,
     | ^^^^^^^^^^
> 15 |   Video,
     | ^^^^^^^^
> 16 |   X,
     | ^^^^
> 17 |   type LucideIcon,
     | ^^^^^^^^^^^^^^^^^^
> 18 | } from "lucide-react";
     | ^^^^^^^^^^^^^^^^^^^^^^
  19 |
  20 | import type { IconKey } from "@/lib/site-data";
  21 |

The export Github was not found in module [project]/node_modules/lucide-react/dist/esm/lucide-react.mjs [app-ssr] (ecmascript).
Did you mean to import Gift?
All exports of the module are statically known (It doesn't have dynamic exports). So it's known statically that the requested export doesn't exist.

Import traces:
  Server Component:
    ./src/components/site/site-icons.tsx
    ./src/app/page.tsx

  Client Component Browser:
    ./src/components/site/site-icons.tsx [Client Component Browser]
    ./src/components/site/mobile-nav.tsx [Client Component Browser]
    ./src/components/site/mobile-nav.tsx [Server Component]
    ./src/app/page.tsx [Server Component]

  Client Component SSR:
    ./src/components/site/site-icons.tsx [Client Component SSR]
    ./src/components/site/mobile-nav.tsx [Client Component SSR]
    ./src/components/site/mobile-nav.tsx [Server Component]
    ./src/app/page.tsx [Server Component] @ http://localhost:3000/_next/static/chunks/node_modules_next_dist_0u_w_5s._.js:1945
[ 1890522ms] [ERROR] ./src/components/site/site-icons.tsx:2:1
Export Linkedin doesn't exist in target module
   1 | import type { SVGProps } from "react";
>  2 | import {
     | ^^^^^^^
>  3 |   AppWindow,
     | ^^^^^^^^^^^^
>  4 |   ArrowUpRight,
     | ^^^^^^^^^^^^^^^
>  5 |   BookOpen,
     | ^^^^^^^^^^^
>  6 |   BriefcaseBusiness,
     | ^^^^^^^^^^^^^^^^^^^^
>  7 |   Camera,
     | ^^^^^^^^^
>  8 |   Code2,
     | ^^^^^^^^
>  9 |   Github,
     | ^^^^^^^^^
> 10 |   Home,
     | ^^^^^^^
> 11 |   Linkedin,
     | ^^^^^^^^^^^
> 12 |   Mail,
     | ^^^^^^^
> 13 |   Menu,
     | ^^^^^^^
> 14 |   Palette,
     | ^^^^^^^^^^
> 15 |   Video,
     | ^^^^^^^^
> 16 |   X,
     | ^^^^
> 17 |   type LucideIcon,
     | ^^^^^^^^^^^^^^^^^^
> 18 | } from "lucide-react";
     | ^^^^^^^^^^^^^^^^^^^^^^
  19 |
  20 | import type { IconKey } from "@/lib/site-data";
  21 |

The export Linkedin was not found in module [project]/node_modules/lucide-react/dist/esm/lucide-react.mjs [app-client] (ecmascript).
Did you mean to import Link?
All exports of the module are statically known (It doesn't have dynamic exports). So it's known statically that the requested export doesn't exist.

Import traces:
  Server Component:
    ./src/components/site/site-icons.tsx
    ./src/app/page.tsx

  Client Component Browser:
    ./src/components/site/site-icons.tsx [Client Component Browser]
    ./src/components/site/mobile-nav.tsx [Client Component Browser]
    ./src/components/site/mobile-nav.tsx [Server Component]
    ./src/app/page.tsx [Server Component]

  Client Component SSR:
    ./src/components/site/site-icons.tsx [Client Component SSR]
    ./src/components/site/mobile-nav.tsx [Client Component SSR]
    ./src/components/site/mobile-nav.tsx [Server Component]
    ./src/app/page.tsx [Server Component] @ http://localhost:3000/_next/static/chunks/node_modules_next_dist_0u_w_5s._.js:1945
[ 1890522ms] [ERROR] ./src/components/site/site-icons.tsx:2:1
Export Linkedin doesn't exist in target module
   1 | import type { SVGProps } from "react";
>  2 | import {
     | ^^^^^^^
>  3 |   AppWindow,
     | ^^^^^^^^^^^^
>  4 |   ArrowUpRight,
     | ^^^^^^^^^^^^^^^
>  5 |   BookOpen,
     | ^^^^^^^^^^^
>  6 |   BriefcaseBusiness,
     | ^^^^^^^^^^^^^^^^^^^^
>  7 |   Camera,
     | ^^^^^^^^^
>  8 |   Code2,
     | ^^^^^^^^
>  9 |   Github,
     | ^^^^^^^^^
> 10 |   Home,
     | ^^^^^^^
> 11 |   Linkedin,
     | ^^^^^^^^^^^
> 12 |   Mail,
     | ^^^^^^^
> 13 |   Menu,
     | ^^^^^^^
> 14 |   Palette,
     | ^^^^^^^^^^
> 15 |   Video,
     | ^^^^^^^^
> 16 |   X,
     | ^^^^
> 17 |   type LucideIcon,
     | ^^^^^^^^^^^^^^^^^^
> 18 | } from "lucide-react";
     | ^^^^^^^^^^^^^^^^^^^^^^
  19 |
  20 | import type { IconKey } from "@/lib/site-data";
  21 |

The export Linkedin was not found in module [project]/node_modules/lucide-react/dist/esm/lucide-react.mjs [app-rsc] (ecmascript).
Did you mean to import Link?
All exports of the module are statically known (It doesn't have dynamic exports). So it's known statically that the requested export doesn't exist.

Import traces:
  Server Component:
    ./src/components/site/site-icons.tsx
    ./src/app/page.tsx

  Client Component Browser:
    ./src/components/site/site-icons.tsx [Client Component Browser]
    ./src/components/site/mobile-nav.tsx [Client Component Browser]
    ./src/components/site/mobile-nav.tsx [Server Component]
    ./src/app/page.tsx [Server Component]

  Client Component SSR:
    ./src/components/site/site-icons.tsx [Client Component SSR]
    ./src/components/site/mobile-nav.tsx [Client Component SSR]
    ./src/components/site/mobile-nav.tsx [Server Component]
    ./src/app/page.tsx [Server Component] @ http://localhost:3000/_next/static/chunks/node_modules_next_dist_0u_w_5s._.js:1945
[ 1890522ms] [ERROR] ./src/components/site/site-icons.tsx:2:1
Export Linkedin doesn't exist in target module
   1 | import type { SVGProps } from "react";
>  2 | import {
     | ^^^^^^^
>  3 |   AppWindow,
     | ^^^^^^^^^^^^
>  4 |   ArrowUpRight,
     | ^^^^^^^^^^^^^^^
>  5 |   BookOpen,
     | ^^^^^^^^^^^
>  6 |   BriefcaseBusiness,
     | ^^^^^^^^^^^^^^^^^^^^
>  7 |   Camera,
     | ^^^^^^^^^
>  8 |   Code2,
     | ^^^^^^^^
>  9 |   Github,
     | ^^^^^^^^^
> 10 |   Home,
     | ^^^^^^^
> 11 |   Linkedin,
     | ^^^^^^^^^^^
> 12 |   Mail,
     | ^^^^^^^
> 13 |   Menu,
     | ^^^^^^^
> 14 |   Palette,
     | ^^^^^^^^^^
> 15 |   Video,
     | ^^^^^^^^
> 16 |   X,
     | ^^^^
> 17 |   type LucideIcon,
     | ^^^^^^^^^^^^^^^^^^
> 18 | } from "lucide-react";
     | ^^^^^^^^^^^^^^^^^^^^^^
  19 |
  20 | import type { IconKey } from "@/lib/site-data";
  21 |

The export Linkedin was not found in module [project]/node_modules/lucide-react/dist/esm/lucide-react.mjs [app-ssr] (ecmascript).
Did you mean to import Link?
All exports of the module are statically known (It doesn't have dynamic exports). So it's known statically that the requested export doesn't exist.

Import traces:
  Server Component:
    ./src/components/site/site-icons.tsx
    ./src/app/page.tsx

  Client Component Browser:
    ./src/components/site/site-icons.tsx [Client Component Browser]
    ./src/components/site/mobile-nav.tsx [Client Component Browser]
    ./src/components/site/mobile-nav.tsx [Server Component]
    ./src/app/page.tsx [Server Component]

  Client Component SSR:
    ./src/components/site/site-icons.tsx [Client Component SSR]
    ./src/components/site/mobile-nav.tsx [Client Component SSR]
    ./src/components/site/mobile-nav.tsx [Server Component]
    ./src/app/page.tsx [Server Component] @ http://localhost:3000/_next/static/chunks/node_modules_next_dist_0u_w_5s._.js:1945
[ 1890608ms] [LOG] [Fast Refresh] rebuilding @ http://localhost:3000/_next/static/chunks/node_modules_next_dist_0u_w_5s._.js:1226
[ 1890669ms] [ERROR] ./src/components/site/site-canvas.tsx:7:27
`ssr: false` is not allowed with `next/dynamic` in Server Components. Please move it into a Client Component.
   5 | import { cn } from "@/lib/utils";
   6 |
>  7 | const SiteCanvasDesktop = dynamic(
     |                           ^^^^^^^
>  8 |   () =>
     | ^^^^^^^
>  9 |     import("@/components/site/site-canvas-desktop").then(
     | ^^^^^^^^^^^^^^^^^^^^^^^^^^^^^^^^^^^^^^^^^^^^^^^^^^^^^^^^^
> 10 |       (mod) => mod.SiteCanvasDesktop,
     | ^^^^^^^^^^^^^^^^^^^^^^^^^^^^^^^^^^^^^
> 11 |     ),
     | ^^^^^^
> 12 |   {
     | ^^^
> 13 |     ssr: false,
     | ^^^^^^^^^^^^^^^
> 14 |     loading: () => (
     | ^^^^^^^^^^^^^^^^^^^^
> 15 |       <div
     | ^^^^^^^^^^
> 16 |         className="hidden min-h-[560px] rounded-[1.5rem] border border-border bg-backgroun...
     | ^^^^^^^^^^^^^^^^^^^^^^^^^^^^^^^^^^^^^^^^^^^^^^^^^^^^^^^^^^^^^^^^^^^^^^^^^^^^^^^^^^^^^^^^^^^^^
> 17 |         aria-hidden
     | ^^^^^^^^^^^^^^^^^^^
> 18 |       />
     | ^^^^^^^^
> 19 |     ),
     | ^^^^^^
> 20 |   },
     | ^^^^
> 21 | );
     | ^
  22 |
  23 | const accentClasses = {
  24 |   ink: "border-foreground/45 text-foreground",

Ecmascript file had an error

Import trace:
  Server Component:
    ./src/components/site/site-canvas.tsx
    ./src/app/page.tsx @ http://localhost:3000/_next/static/chunks/node_modules_next_dist_0u_w_5s._.js:1945
[ 1890669ms] [ERROR] ./src/components/site/site-icons.tsx:2:1
Export Github doesn't exist in target module
   1 | import type { SVGProps } from "react";
>  2 | import {
     | ^^^^^^^
>  3 |   AppWindow,
     | ^^^^^^^^^^^^
>  4 |   ArrowUpRight,
     | ^^^^^^^^^^^^^^^
>  5 |   BookOpen,
     | ^^^^^^^^^^^
>  6 |   BriefcaseBusiness,
     | ^^^^^^^^^^^^^^^^^^^^
>  7 |   Camera,
     | ^^^^^^^^^
>  8 |   Code2,
     | ^^^^^^^^
>  9 |   Github,
     | ^^^^^^^^^
> 10 |   Home,
     | ^^^^^^^
> 11 |   Linkedin,
     | ^^^^^^^^^^^
> 12 |   Mail,
     | ^^^^^^^
> 13 |   Menu,
     | ^^^^^^^
> 14 |   Palette,
     | ^^^^^^^^^^
> 15 |   Video,
     | ^^^^^^^^
> 16 |   X,
     | ^^^^
> 17 |   type LucideIcon,
     | ^^^^^^^^^^^^^^^^^^
> 18 | } from "lucide-react";
     | ^^^^^^^^^^^^^^^^^^^^^^
  19 |
  20 | import type { IconKey } from "@/lib/site-data";
  21 |

The export Github was not found in module [project]/node_modules/lucide-react/dist/esm/lucide-react.mjs [app-client] (ecmascript).
Did you mean to import Gift?
All exports of the module are statically known (It doesn't have dynamic exports). So it's known statically that the requested export doesn't exist.

Import traces:
  Server Component:
    ./src/components/site/site-icons.tsx
    ./src/app/page.tsx

  Client Component Browser:
    ./src/components/site/site-icons.tsx [Client Component Browser]
    ./src/components/site/mobile-nav.tsx [Client Component Browser]
    ./src/components/site/mobile-nav.tsx [Server Component]
    ./src/app/page.tsx [Server Component]

  Client Component SSR:
    ./src/components/site/site-icons.tsx [Client Component SSR]
    ./src/components/site/mobile-nav.tsx [Client Component SSR]
    ./src/components/site/mobile-nav.tsx [Server Component]
    ./src/app/page.tsx [Server Component] @ http://localhost:3000/_next/static/chunks/node_modules_next_dist_0u_w_5s._.js:1945
[ 1890670ms] [ERROR] ./src/components/site/site-icons.tsx:2:1
Export Github doesn't exist in target module
   1 | import type { SVGProps } from "react";
>  2 | import {
     | ^^^^^^^
>  3 |   AppWindow,
     | ^^^^^^^^^^^^
>  4 |   ArrowUpRight,
     | ^^^^^^^^^^^^^^^
>  5 |   BookOpen,
     | ^^^^^^^^^^^
>  6 |   BriefcaseBusiness,
     | ^^^^^^^^^^^^^^^^^^^^
>  7 |   Camera,
     | ^^^^^^^^^
>  8 |   Code2,
     | ^^^^^^^^
>  9 |   Github,
     | ^^^^^^^^^
> 10 |   Home,
     | ^^^^^^^
> 11 |   Linkedin,
     | ^^^^^^^^^^^
> 12 |   Mail,
     | ^^^^^^^
> 13 |   Menu,
     | ^^^^^^^
> 14 |   Palette,
     | ^^^^^^^^^^
> 15 |   Video,
     | ^^^^^^^^
> 16 |   X,
     | ^^^^
> 17 |   type LucideIcon,
     | ^^^^^^^^^^^^^^^^^^
> 18 | } from "lucide-react";
     | ^^^^^^^^^^^^^^^^^^^^^^
  19 |
  20 | import type { IconKey } from "@/lib/site-data";
  21 |

The export Github was not found in module [project]/node_modules/lucide-react/dist/esm/lucide-react.mjs [app-rsc] (ecmascript).
Did you mean to import Gift?
All exports of the module are statically known (It doesn't have dynamic exports). So it's known statically that the requested export doesn't exist.

Import traces:
  Server Component:
    ./src/components/site/site-icons.tsx
    ./src/app/page.tsx

  Client Component Browser:
    ./src/components/site/site-icons.tsx [Client Component Browser]
    ./src/components/site/mobile-nav.tsx [Client Component Browser]
    ./src/components/site/mobile-nav.tsx [Server Component]
    ./src/app/page.tsx [Server Component]

  Client Component SSR:
    ./src/components/site/site-icons.tsx [Client Component SSR]
    ./src/components/site/mobile-nav.tsx [Client Component SSR]
    ./src/components/site/mobile-nav.tsx [Server Component]
    ./src/app/page.tsx [Server Component] @ http://localhost:3000/_next/static/chunks/node_modules_next_dist_0u_w_5s._.js:1945
[ 1890670ms] [ERROR] ./src/components/site/site-icons.tsx:2:1
Export Github doesn't exist in target module
   1 | import type { SVGProps } from "react";
>  2 | import {
     | ^^^^^^^
>  3 |   AppWindow,
     | ^^^^^^^^^^^^
>  4 |   ArrowUpRight,
     | ^^^^^^^^^^^^^^^
>  5 |   BookOpen,
     | ^^^^^^^^^^^
>  6 |   BriefcaseBusiness,
     | ^^^^^^^^^^^^^^^^^^^^
>  7 |   Camera,
     | ^^^^^^^^^
>  8 |   Code2,
     | ^^^^^^^^
>  9 |   Github,
     | ^^^^^^^^^
> 10 |   Home,
     | ^^^^^^^
> 11 |   Linkedin,
     | ^^^^^^^^^^^
> 12 |   Mail,
     | ^^^^^^^
> 13 |   Menu,
     | ^^^^^^^
> 14 |   Palette,
     | ^^^^^^^^^^
> 15 |   Video,
     | ^^^^^^^^
> 16 |   X,
     | ^^^^
> 17 |   type LucideIcon,
     | ^^^^^^^^^^^^^^^^^^
> 18 | } from "lucide-react";
     | ^^^^^^^^^^^^^^^^^^^^^^
  19 |
  20 | import type { IconKey } from "@/lib/site-data";
  21 |

The export Github was not found in module [project]/node_modules/lucide-react/dist/esm/lucide-react.mjs [app-ssr] (ecmascript).
Did you mean to import Gift?
All exports of the module are statically known (It doesn't have dynamic exports). So it's known statically that the requested export doesn't exist.

Import traces:
  Server Component:
    ./src/components/site/site-icons.tsx
    ./src/app/page.tsx

  Client Component Browser:
    ./src/components/site/site-icons.tsx [Client Component Browser]
    ./src/components/site/mobile-nav.tsx [Client Component Browser]
    ./src/components/site/mobile-nav.tsx [Server Component]
    ./src/app/page.tsx [Server Component]

  Client Component SSR:
    ./src/components/site/site-icons.tsx [Client Component SSR]
    ./src/components/site/mobile-nav.tsx [Client Component SSR]
    ./src/components/site/mobile-nav.tsx [Server Component]
    ./src/app/page.tsx [Server Component] @ http://localhost:3000/_next/static/chunks/node_modules_next_dist_0u_w_5s._.js:1945
[ 1890670ms] [ERROR] ./src/components/site/site-icons.tsx:2:1
Export Linkedin doesn't exist in target module
   1 | import type { SVGProps } from "react";
>  2 | import {
     | ^^^^^^^
>  3 |   AppWindow,
     | ^^^^^^^^^^^^
>  4 |   ArrowUpRight,
     | ^^^^^^^^^^^^^^^
>  5 |   BookOpen,
     | ^^^^^^^^^^^
>  6 |   BriefcaseBusiness,
     | ^^^^^^^^^^^^^^^^^^^^
>  7 |   Camera,
     | ^^^^^^^^^
>  8 |   Code2,
     | ^^^^^^^^
>  9 |   Github,
     | ^^^^^^^^^
> 10 |   Home,
     | ^^^^^^^
> 11 |   Linkedin,
     | ^^^^^^^^^^^
> 12 |   Mail,
     | ^^^^^^^
> 13 |   Menu,
     | ^^^^^^^
> 14 |   Palette,
     | ^^^^^^^^^^
> 15 |   Video,
     | ^^^^^^^^
> 16 |   X,
     | ^^^^
> 17 |   type LucideIcon,
     | ^^^^^^^^^^^^^^^^^^
> 18 | } from "lucide-react";
     | ^^^^^^^^^^^^^^^^^^^^^^
  19 |
  20 | import type { IconKey } from "@/lib/site-data";
  21 |

The export Linkedin was not found in module [project]/node_modules/lucide-react/dist/esm/lucide-react.mjs [app-client] (ecmascript).
Did you mean to import Link?
All exports of the module are statically known (It doesn't have dynamic exports). So it's known statically that the requested export doesn't exist.

Import traces:
  Server Component:
    ./src/components/site/site-icons.tsx
    ./src/app/page.tsx

  Client Component Browser:
    ./src/components/site/site-icons.tsx [Client Component Browser]
    ./src/components/site/mobile-nav.tsx [Client Component Browser]
    ./src/components/site/mobile-nav.tsx [Server Component]
    ./src/app/page.tsx [Server Component]

  Client Component SSR:
    ./src/components/site/site-icons.tsx [Client Component SSR]
    ./src/components/site/mobile-nav.tsx [Client Component SSR]
    ./src/components/site/mobile-nav.tsx [Server Component]
    ./src/app/page.tsx [Server Component] @ http://localhost:3000/_next/static/chunks/node_modules_next_dist_0u_w_5s._.js:1945
[ 1890670ms] [ERROR] ./src/components/site/site-icons.tsx:2:1
Export Linkedin doesn't exist in target module
   1 | import type { SVGProps } from "react";
>  2 | import {
     | ^^^^^^^
>  3 |   AppWindow,
     | ^^^^^^^^^^^^
>  4 |   ArrowUpRight,
     | ^^^^^^^^^^^^^^^
>  5 |   BookOpen,
     | ^^^^^^^^^^^
>  6 |   BriefcaseBusiness,
     | ^^^^^^^^^^^^^^^^^^^^
>  7 |   Camera,
     | ^^^^^^^^^
>  8 |   Code2,
     | ^^^^^^^^
>  9 |   Github,
     | ^^^^^^^^^
> 10 |   Home,
     | ^^^^^^^
> 11 |   Linkedin,
     | ^^^^^^^^^^^
> 12 |   Mail,
     | ^^^^^^^
> 13 |   Menu,
     | ^^^^^^^
> 14 |   Palette,
     | ^^^^^^^^^^
> 15 |   Video,
     | ^^^^^^^^
> 16 |   X,
     | ^^^^
> 17 |   type LucideIcon,
     | ^^^^^^^^^^^^^^^^^^
> 18 | } from "lucide-react";
     | ^^^^^^^^^^^^^^^^^^^^^^
  19 |
  20 | import type { IconKey } from "@/lib/site-data";
  21 |

The export Linkedin was not found in module [project]/node_modules/lucide-react/dist/esm/lucide-react.mjs [app-rsc] (ecmascript).
Did you mean to import Link?
All exports of the module are statically known (It doesn't have dynamic exports). So it's known statically that the requested export doesn't exist.

Import traces:
  Server Component:
    ./src/components/site/site-icons.tsx
    ./src/app/page.tsx

  Client Component Browser:
    ./src/components/site/site-icons.tsx [Client Component Browser]
    ./src/components/site/mobile-nav.tsx [Client Component Browser]
    ./src/components/site/mobile-nav.tsx [Server Component]
    ./src/app/page.tsx [Server Component]

  Client Component SSR:
    ./src/components/site/site-icons.tsx [Client Component SSR]
    ./src/components/site/mobile-nav.tsx [Client Component SSR]
    ./src/components/site/mobile-nav.tsx [Server Component]
    ./src/app/page.tsx [Server Component] @ http://localhost:3000/_next/static/chunks/node_modules_next_dist_0u_w_5s._.js:1945
[ 1890670ms] [ERROR] ./src/components/site/site-icons.tsx:2:1
Export Linkedin doesn't exist in target module
   1 | import type { SVGProps } from "react";
>  2 | import {
     | ^^^^^^^
>  3 |   AppWindow,
     | ^^^^^^^^^^^^
>  4 |   ArrowUpRight,
     | ^^^^^^^^^^^^^^^
>  5 |   BookOpen,
     | ^^^^^^^^^^^
>  6 |   BriefcaseBusiness,
     | ^^^^^^^^^^^^^^^^^^^^
>  7 |   Camera,
     | ^^^^^^^^^
>  8 |   Code2,
     | ^^^^^^^^
>  9 |   Github,
     | ^^^^^^^^^
> 10 |   Home,
     | ^^^^^^^
> 11 |   Linkedin,
     | ^^^^^^^^^^^
> 12 |   Mail,
     | ^^^^^^^
> 13 |   Menu,
     | ^^^^^^^
> 14 |   Palette,
     | ^^^^^^^^^^
> 15 |   Video,
     | ^^^^^^^^
> 16 |   X,
     | ^^^^
> 17 |   type LucideIcon,
     | ^^^^^^^^^^^^^^^^^^
> 18 | } from "lucide-react";
     | ^^^^^^^^^^^^^^^^^^^^^^
  19 |
  20 | import type { IconKey } from "@/lib/site-data";
  21 |

The export Linkedin was not found in module [project]/node_modules/lucide-react/dist/esm/lucide-react.mjs [app-ssr] (ecmascript).
Did you mean to import Link?
All exports of the module are statically known (It doesn't have dynamic exports). So it's known statically that the requested export doesn't exist.

Import traces:
  Server Component:
    ./src/components/site/site-icons.tsx
    ./src/app/page.tsx

  Client Component Browser:
    ./src/components/site/site-icons.tsx [Client Component Browser]
    ./src/components/site/mobile-nav.tsx [Client Component Browser]
    ./src/components/site/mobile-nav.tsx [Server Component]
    ./src/app/page.tsx [Server Component]

  Client Component SSR:
    ./src/components/site/site-icons.tsx [Client Component SSR]
    ./src/components/site/mobile-nav.tsx [Client Component SSR]
    ./src/components/site/mobile-nav.tsx [Server Component]
    ./src/app/page.tsx [Server Component] @ http://localhost:3000/_next/static/chunks/node_modules_next_dist_0u_w_5s._.js:1945
[ 1895146ms] [LOG] [Fast Refresh] rebuilding @ http://localhost:3000/_next/static/chunks/node_modules_next_dist_0u_w_5s._.js:1226
[ 1895186ms] [ERROR] ./src/components/site/site-canvas.tsx:7:27
`ssr: false` is not allowed with `next/dynamic` in Server Components. Please move it into a Client Component.
   5 | import { cn } from "@/lib/utils";
   6 |
>  7 | const SiteCanvasDesktop = dynamic(
     |                           ^^^^^^^
>  8 |   () =>
     | ^^^^^^^
>  9 |     import("@/components/site/site-canvas-desktop").then(
     | ^^^^^^^^^^^^^^^^^^^^^^^^^^^^^^^^^^^^^^^^^^^^^^^^^^^^^^^^^
> 10 |       (mod) => mod.SiteCanvasDesktop,
     | ^^^^^^^^^^^^^^^^^^^^^^^^^^^^^^^^^^^^^
> 11 |     ),
     | ^^^^^^
> 12 |   {
     | ^^^
> 13 |     ssr: false,
     | ^^^^^^^^^^^^^^^
> 14 |     loading: () => (
     | ^^^^^^^^^^^^^^^^^^^^
> 15 |       <div
     | ^^^^^^^^^^
> 16 |         className="hidden min-h-[560px] rounded-[1.5rem] border border-border bg-backgroun...
     | ^^^^^^^^^^^^^^^^^^^^^^^^^^^^^^^^^^^^^^^^^^^^^^^^^^^^^^^^^^^^^^^^^^^^^^^^^^^^^^^^^^^^^^^^^^^^^
> 17 |         aria-hidden
     | ^^^^^^^^^^^^^^^^^^^
> 18 |       />
     | ^^^^^^^^
> 19 |     ),
     | ^^^^^^
> 20 |   },
     | ^^^^
> 21 | );
     | ^
  22 |
  23 | const accentClasses = {
  24 |   ink: "border-foreground/45 text-foreground",

Ecmascript file had an error

Import trace:
  Server Component:
    ./src/components/site/site-canvas.tsx
    ./src/app/page.tsx @ http://localhost:3000/_next/static/chunks/node_modules_next_dist_0u_w_5s._.js:1945
[ 1895186ms] [ERROR] ./src/components/site/site-icons.tsx:2:1
Export Github doesn't exist in target module
   1 | import type { SVGProps } from "react";
>  2 | import {
     | ^^^^^^^
>  3 |   AppWindow,
     | ^^^^^^^^^^^^
>  4 |   ArrowUpRight,
     | ^^^^^^^^^^^^^^^
>  5 |   BookOpen,
     | ^^^^^^^^^^^
>  6 |   BriefcaseBusiness,
     | ^^^^^^^^^^^^^^^^^^^^
>  7 |   Camera,
     | ^^^^^^^^^
>  8 |   Code2,
     | ^^^^^^^^
>  9 |   Github,
     | ^^^^^^^^^
> 10 |   Home,
     | ^^^^^^^
> 11 |   Linkedin,
     | ^^^^^^^^^^^
> 12 |   Mail,
     | ^^^^^^^
> 13 |   Menu,
     | ^^^^^^^
> 14 |   Palette,
     | ^^^^^^^^^^
> 15 |   Video,
     | ^^^^^^^^
> 16 |   X,
     | ^^^^
> 17 |   type LucideIcon,
     | ^^^^^^^^^^^^^^^^^^
> 18 | } from "lucide-react";
     | ^^^^^^^^^^^^^^^^^^^^^^
  19 |
  20 | import type { IconKey } from "@/lib/site-data";
  21 |

The export Github was not found in module [project]/node_modules/lucide-react/dist/esm/lucide-react.mjs [app-client] (ecmascript).
Did you mean to import Gift?
All exports of the module are statically known (It doesn't have dynamic exports). So it's known statically that the requested export doesn't exist.

Import traces:
  Server Component:
    ./src/components/site/site-icons.tsx
    ./src/app/page.tsx

  Client Component Browser:
    ./src/components/site/site-icons.tsx [Client Component Browser]
    ./src/components/site/mobile-nav.tsx [Client Component Browser]
    ./src/components/site/mobile-nav.tsx [Server Component]
    ./src/app/page.tsx [Server Component]

  Client Component SSR:
    ./src/components/site/site-icons.tsx [Client Component SSR]
    ./src/components/site/mobile-nav.tsx [Client Component SSR]
    ./src/components/site/mobile-nav.tsx [Server Component]
    ./src/app/page.tsx [Server Component] @ http://localhost:3000/_next/static/chunks/node_modules_next_dist_0u_w_5s._.js:1945
[ 1895186ms] [ERROR] ./src/components/site/site-icons.tsx:2:1
Export Github doesn't exist in target module
   1 | import type { SVGProps } from "react";
>  2 | import {
     | ^^^^^^^
>  3 |   AppWindow,
     | ^^^^^^^^^^^^
>  4 |   ArrowUpRight,
     | ^^^^^^^^^^^^^^^
>  5 |   BookOpen,
     | ^^^^^^^^^^^
>  6 |   BriefcaseBusiness,
     | ^^^^^^^^^^^^^^^^^^^^
>  7 |   Camera,
     | ^^^^^^^^^
>  8 |   Code2,
     | ^^^^^^^^
>  9 |   Github,
     | ^^^^^^^^^
> 10 |   Home,
     | ^^^^^^^
> 11 |   Linkedin,
     | ^^^^^^^^^^^
> 12 |   Mail,
     | ^^^^^^^
> 13 |   Menu,
     | ^^^^^^^
> 14 |   Palette,
     | ^^^^^^^^^^
> 15 |   Video,
     | ^^^^^^^^
> 16 |   X,
     | ^^^^
> 17 |   type LucideIcon,
     | ^^^^^^^^^^^^^^^^^^
> 18 | } from "lucide-react";
     | ^^^^^^^^^^^^^^^^^^^^^^
  19 |
  20 | import type { IconKey } from "@/lib/site-data";
  21 |

The export Github was not found in module [project]/node_modules/lucide-react/dist/esm/lucide-react.mjs [app-rsc] (ecmascript).
Did you mean to import Gift?
All exports of the module are statically known (It doesn't have dynamic exports). So it's known statically that the requested export doesn't exist.

Import traces:
  Server Component:
    ./src/components/site/site-icons.tsx
    ./src/app/page.tsx

  Client Component Browser:
    ./src/components/site/site-icons.tsx [Client Component Browser]
    ./src/components/site/mobile-nav.tsx [Client Component Browser]
    ./src/components/site/mobile-nav.tsx [Server Component]
    ./src/app/page.tsx [Server Component]

  Client Component SSR:
    ./src/components/site/site-icons.tsx [Client Component SSR]
    ./src/components/site/mobile-nav.tsx [Client Component SSR]
    ./src/components/site/mobile-nav.tsx [Server Component]
    ./src/app/page.tsx [Server Component] @ http://localhost:3000/_next/static/chunks/node_modules_next_dist_0u_w_5s._.js:1945
[ 1895186ms] [ERROR] ./src/components/site/site-icons.tsx:2:1
Export Github doesn't exist in target module
   1 | import type { SVGProps } from "react";
>  2 | import {
     | ^^^^^^^
>  3 |   AppWindow,
     | ^^^^^^^^^^^^
>  4 |   ArrowUpRight,
     | ^^^^^^^^^^^^^^^
>  5 |   BookOpen,
     | ^^^^^^^^^^^
>  6 |   BriefcaseBusiness,
     | ^^^^^^^^^^^^^^^^^^^^
>  7 |   Camera,
     | ^^^^^^^^^
>  8 |   Code2,
     | ^^^^^^^^
>  9 |   Github,
     | ^^^^^^^^^
> 10 |   Home,
     | ^^^^^^^
> 11 |   Linkedin,
     | ^^^^^^^^^^^
> 12 |   Mail,
     | ^^^^^^^
> 13 |   Menu,
     | ^^^^^^^
> 14 |   Palette,
     | ^^^^^^^^^^
> 15 |   Video,
     | ^^^^^^^^
> 16 |   X,
     | ^^^^
> 17 |   type LucideIcon,
     | ^^^^^^^^^^^^^^^^^^
> 18 | } from "lucide-react";
     | ^^^^^^^^^^^^^^^^^^^^^^
  19 |
  20 | import type { IconKey } from "@/lib/site-data";
  21 |

The export Github was not found in module [project]/node_modules/lucide-react/dist/esm/lucide-react.mjs [app-ssr] (ecmascript).
Did you mean to import Gift?
All exports of the module are statically known (It doesn't have dynamic exports). So it's known statically that the requested export doesn't exist.

Import traces:
  Server Component:
    ./src/components/site/site-icons.tsx
    ./src/app/page.tsx

  Client Component Browser:
    ./src/components/site/site-icons.tsx [Client Component Browser]
    ./src/components/site/mobile-nav.tsx [Client Component Browser]
    ./src/components/site/mobile-nav.tsx [Server Component]
    ./src/app/page.tsx [Server Component]

  Client Component SSR:
    ./src/components/site/site-icons.tsx [Client Component SSR]
    ./src/components/site/mobile-nav.tsx [Client Component SSR]
    ./src/components/site/mobile-nav.tsx [Server Component]
    ./src/app/page.tsx [Server Component] @ http://localhost:3000/_next/static/chunks/node_modules_next_dist_0u_w_5s._.js:1945
[ 1895186ms] [ERROR] ./src/components/site/site-icons.tsx:2:1
Export Linkedin doesn't exist in target module
   1 | import type { SVGProps } from "react";
>  2 | import {
     | ^^^^^^^
>  3 |   AppWindow,
     | ^^^^^^^^^^^^
>  4 |   ArrowUpRight,
     | ^^^^^^^^^^^^^^^
>  5 |   BookOpen,
     | ^^^^^^^^^^^
>  6 |   BriefcaseBusiness,
     | ^^^^^^^^^^^^^^^^^^^^
>  7 |   Camera,
     | ^^^^^^^^^
>  8 |   Code2,
     | ^^^^^^^^
>  9 |   Github,
     | ^^^^^^^^^
> 10 |   Home,
     | ^^^^^^^
> 11 |   Linkedin,
     | ^^^^^^^^^^^
> 12 |   Mail,
     | ^^^^^^^
> 13 |   Menu,
     | ^^^^^^^
> 14 |   Palette,
     | ^^^^^^^^^^
> 15 |   Video,
     | ^^^^^^^^
> 16 |   X,
     | ^^^^
> 17 |   type LucideIcon,
     | ^^^^^^^^^^^^^^^^^^
> 18 | } from "lucide-react";
     | ^^^^^^^^^^^^^^^^^^^^^^
  19 |
  20 | import type { IconKey } from "@/lib/site-data";
  21 |

The export Linkedin was not found in module [project]/node_modules/lucide-react/dist/esm/lucide-react.mjs [app-client] (ecmascript).
Did you mean to import Link?
All exports of the module are statically known (It doesn't have dynamic exports). So it's known statically that the requested export doesn't exist.

Import traces:
  Server Component:
    ./src/components/site/site-icons.tsx
    ./src/app/page.tsx

  Client Component Browser:
    ./src/components/site/site-icons.tsx [Client Component Browser]
    ./src/components/site/mobile-nav.tsx [Client Component Browser]
    ./src/components/site/mobile-nav.tsx [Server Component]
    ./src/app/page.tsx [Server Component]

  Client Component SSR:
    ./src/components/site/site-icons.tsx [Client Component SSR]
    ./src/components/site/mobile-nav.tsx [Client Component SSR]
    ./src/components/site/mobile-nav.tsx [Server Component]
    ./src/app/page.tsx [Server Component] @ http://localhost:3000/_next/static/chunks/node_modules_next_dist_0u_w_5s._.js:1945
[ 1895186ms] [ERROR] ./src/components/site/site-icons.tsx:2:1
Export Linkedin doesn't exist in target module
   1 | import type { SVGProps } from "react";
>  2 | import {
     | ^^^^^^^
>  3 |   AppWindow,
     | ^^^^^^^^^^^^
>  4 |   ArrowUpRight,
     | ^^^^^^^^^^^^^^^
>  5 |   BookOpen,
     | ^^^^^^^^^^^
>  6 |   BriefcaseBusiness,
     | ^^^^^^^^^^^^^^^^^^^^
>  7 |   Camera,
     | ^^^^^^^^^
>  8 |   Code2,
     | ^^^^^^^^
>  9 |   Github,
     | ^^^^^^^^^
> 10 |   Home,
     | ^^^^^^^
> 11 |   Linkedin,
     | ^^^^^^^^^^^
> 12 |   Mail,
     | ^^^^^^^
> 13 |   Menu,
     | ^^^^^^^
> 14 |   Palette,
     | ^^^^^^^^^^
> 15 |   Video,
     | ^^^^^^^^
> 16 |   X,
     | ^^^^
> 17 |   type LucideIcon,
     | ^^^^^^^^^^^^^^^^^^
> 18 | } from "lucide-react";
     | ^^^^^^^^^^^^^^^^^^^^^^
  19 |
  20 | import type { IconKey } from "@/lib/site-data";
  21 |

The export Linkedin was not found in module [project]/node_modules/lucide-react/dist/esm/lucide-react.mjs [app-rsc] (ecmascript).
Did you mean to import Link?
All exports of the module are statically known (It doesn't have dynamic exports). So it's known statically that the requested export doesn't exist.

Import traces:
  Server Component:
    ./src/components/site/site-icons.tsx
    ./src/app/page.tsx

  Client Component Browser:
    ./src/components/site/site-icons.tsx [Client Component Browser]
    ./src/components/site/mobile-nav.tsx [Client Component Browser]
    ./src/components/site/mobile-nav.tsx [Server Component]
    ./src/app/page.tsx [Server Component]

  Client Component SSR:
    ./src/components/site/site-icons.tsx [Client Component SSR]
    ./src/components/site/mobile-nav.tsx [Client Component SSR]
    ./src/components/site/mobile-nav.tsx [Server Component]
    ./src/app/page.tsx [Server Component] @ http://localhost:3000/_next/static/chunks/node_modules_next_dist_0u_w_5s._.js:1945
[ 1895187ms] [ERROR] ./src/components/site/site-icons.tsx:2:1
Export Linkedin doesn't exist in target module
   1 | import type { SVGProps } from "react";
>  2 | import {
     | ^^^^^^^
>  3 |   AppWindow,
     | ^^^^^^^^^^^^
>  4 |   ArrowUpRight,
     | ^^^^^^^^^^^^^^^
>  5 |   BookOpen,
     | ^^^^^^^^^^^
>  6 |   BriefcaseBusiness,
     | ^^^^^^^^^^^^^^^^^^^^
>  7 |   Camera,
     | ^^^^^^^^^
>  8 |   Code2,
     | ^^^^^^^^
>  9 |   Github,
     | ^^^^^^^^^
> 10 |   Home,
     | ^^^^^^^
> 11 |   Linkedin,
     | ^^^^^^^^^^^
> 12 |   Mail,
     | ^^^^^^^
> 13 |   Menu,
     | ^^^^^^^
> 14 |   Palette,
     | ^^^^^^^^^^
> 15 |   Video,
     | ^^^^^^^^
> 16 |   X,
     | ^^^^
> 17 |   type LucideIcon,
     | ^^^^^^^^^^^^^^^^^^
> 18 | } from "lucide-react";
     | ^^^^^^^^^^^^^^^^^^^^^^
  19 |
  20 | import type { IconKey } from "@/lib/site-data";
  21 |

The export Linkedin was not found in module [project]/node_modules/lucide-react/dist/esm/lucide-react.mjs [app-ssr] (ecmascript).
Did you mean to import Link?
All exports of the module are statically known (It doesn't have dynamic exports). So it's known statically that the requested export doesn't exist.

Import traces:
  Server Component:
    ./src/components/site/site-icons.tsx
    ./src/app/page.tsx

  Client Component Browser:
    ./src/components/site/site-icons.tsx [Client Component Browser]
    ./src/components/site/mobile-nav.tsx [Client Component Browser]
    ./src/components/site/mobile-nav.tsx [Server Component]
    ./src/app/page.tsx [Server Component]

  Client Component SSR:
    ./src/components/site/site-icons.tsx [Client Component SSR]
    ./src/components/site/mobile-nav.tsx [Client Component SSR]
    ./src/components/site/mobile-nav.tsx [Server Component]
    ./src/app/page.tsx [Server Component] @ http://localhost:3000/_next/static/chunks/node_modules_next_dist_0u_w_5s._.js:1945
[ 1895203ms] [ERROR] Failed to load resource: the server responded with a status of 500 (Internal Server Error) @ http://localhost:3000/:0
[ 1895215ms] [INFO] %cDownload the React DevTools for a better development experience: https://react.dev/link/react-devtools font-weight:bold @ http://localhost:3000/_next/static/chunks/node_modules_react-dom_0bruynb._.js:15305
[ 1895221ms] Error: ./src/components/site/site-canvas.tsx:7:27
`ssr: false` is not allowed with `next/dynamic` in Server Components. Please move it into a Client Component.
   5 | import { cn } from "@/lib/utils";
   6 |
>  7 | const SiteCanvasDesktop = dynamic(
     |                           ^^^^^^^
>  8 |   () =>
     | ^^^^^^^
>  9 |     import("@/components/site/site-canvas-desktop").then(
     | ^^^^^^^^^^^^^^^^^^^^^^^^^^^^^^^^^^^^^^^^^^^^^^^^^^^^^^^^^
> 10 |       (mod) => mod.SiteCanvasDesktop,
     | ^^^^^^^^^^^^^^^^^^^^^^^^^^^^^^^^^^^^^
> 11 |     ),
     | ^^^^^^
> 12 |   {
     | ^^^
> 13 |     ssr: false,
     | ^^^^^^^^^^^^^^^
> 14 |     loading: () => (
     | ^^^^^^^^^^^^^^^^^^^^
> 15 |       <div
     | ^^^^^^^^^^
> 16 |         className="hidden min-h-[560px] rounded-[1.5rem] border border-border bg-backgroun...
     | ^^^^^^^^^^^^^^^^^^^^^^^^^^^^^^^^^^^^^^^^^^^^^^^^^^^^^^^^^^^^^^^^^^^^^^^^^^^^^^^^^^^^^^^^^^^^^
> 17 |         aria-hidden
     | ^^^^^^^^^^^^^^^^^^^
> 18 |       />
     | ^^^^^^^^
> 19 |     ),
     | ^^^^^^
> 20 |   },
     | ^^^^
> 21 | );
     | ^
  22 |
  23 | const accentClasses = {
  24 |   ink: "border-foreground/45 text-foreground",

Ecmascript file had an error

Import trace:
  Server Component:
    ./src/components/site/site-canvas.tsx
    ./src/app/page.tsx


    at <unknown> (Error: ./src/components/site/site-canvas.tsx:7:27)
    at Object.getCompilationErrors (file:///Users/josephsimo/Downloads/joesimo/node_modules/next/dist/server/dev/hot-reloader-turbopack.js:1186:59)
    at DevBundlerService.getCompilationError (file:///Users/josephsimo/Downloads/joesimo/node_modules/next/dist/server/lib/dev-bundler-service.js:44:55)
    at DevServer.getCompilationError (file:///Users/josephsimo/Downloads/joesimo/node_modules/next/dist/server/dev/next-dev-server.js:720:42)
    at DevServer.findPageComponents (file:///Users/josephsimo/Downloads/joesimo/node_modules/next/dist/server/dev/next-dev-server.js:690:43)
    at async DevServer.renderErrorToResponseImpl (file:///Users/josephsimo/Downloads/joesimo/node_modules/next/dist/server/base-server.js:1753:26)
[ 1895225ms] [LOG] [HMR] connected @ http://localhost:3000/_next/static/chunks/node_modules_next_dist_0u_w_5s._.js:1226
[ 1895228ms] [ERROR] ./src/components/site/site-canvas.tsx:7:27
`ssr: false` is not allowed with `next/dynamic` in Server Components. Please move it into a Client Component.
   5 | import { cn } from "@/lib/utils";
   6 |
>  7 | const SiteCanvasDesktop = dynamic(
     |                           ^^^^^^^
>  8 |   () =>
     | ^^^^^^^
>  9 |     import("@/components/site/site-canvas-desktop").then(
     | ^^^^^^^^^^^^^^^^^^^^^^^^^^^^^^^^^^^^^^^^^^^^^^^^^^^^^^^^^
> 10 |       (mod) => mod.SiteCanvasDesktop,
     | ^^^^^^^^^^^^^^^^^^^^^^^^^^^^^^^^^^^^^
> 11 |     ),
     | ^^^^^^
> 12 |   {
     | ^^^
> 13 |     ssr: false,
     | ^^^^^^^^^^^^^^^
> 14 |     loading: () => (
     | ^^^^^^^^^^^^^^^^^^^^
> 15 |       <div
     | ^^^^^^^^^^
> 16 |         className="hidden min-h-[560px] rounded-[1.5rem] border border-border bg-backgroun...
     | ^^^^^^^^^^^^^^^^^^^^^^^^^^^^^^^^^^^^^^^^^^^^^^^^^^^^^^^^^^^^^^^^^^^^^^^^^^^^^^^^^^^^^^^^^^^^^
> 17 |         aria-hidden
     | ^^^^^^^^^^^^^^^^^^^
> 18 |       />
     | ^^^^^^^^
> 19 |     ),
     | ^^^^^^
> 20 |   },
     | ^^^^
> 21 | );
     | ^
  22 |
  23 | const accentClasses = {
  24 |   ink: "border-foreground/45 text-foreground",

Ecmascript file had an error

Import trace:
  Server Component:
    ./src/components/site/site-canvas.tsx
    ./src/app/page.tsx @ http://localhost:3000/_next/static/chunks/node_modules_next_dist_0u_w_5s._.js:1945
[ 1895228ms] [ERROR] ./src/components/site/site-icons.tsx:2:1
Export Github doesn't exist in target module
   1 | import type { SVGProps } from "react";
>  2 | import {
     | ^^^^^^^
>  3 |   AppWindow,
     | ^^^^^^^^^^^^
>  4 |   ArrowUpRight,
     | ^^^^^^^^^^^^^^^
>  5 |   BookOpen,
     | ^^^^^^^^^^^
>  6 |   BriefcaseBusiness,
     | ^^^^^^^^^^^^^^^^^^^^
>  7 |   Camera,
     | ^^^^^^^^^
>  8 |   Code2,
     | ^^^^^^^^
>  9 |   Github,
     | ^^^^^^^^^
> 10 |   Home,
     | ^^^^^^^
> 11 |   Linkedin,
     | ^^^^^^^^^^^
> 12 |   Mail,
     | ^^^^^^^
> 13 |   Menu,
     | ^^^^^^^
> 14 |   Palette,
     | ^^^^^^^^^^
> 15 |   Video,
     | ^^^^^^^^
> 16 |   X,
     | ^^^^
> 17 |   type LucideIcon,
     | ^^^^^^^^^^^^^^^^^^
> 18 | } from "lucide-react";
     | ^^^^^^^^^^^^^^^^^^^^^^
  19 |
  20 | import type { IconKey } from "@/lib/site-data";
  21 |

The export Github was not found in module [project]/node_modules/lucide-react/dist/esm/lucide-react.mjs [app-client] (ecmascript).
Did you mean to import Gift?
All exports of the module are statically known (It doesn't have dynamic exports). So it's known statically that the requested export doesn't exist.

Import traces:
  Server Component:
    ./src/components/site/site-icons.tsx
    ./src/app/page.tsx

  Client Component Browser:
    ./src/components/site/site-icons.tsx [Client Component Browser]
    ./src/components/site/mobile-nav.tsx [Client Component Browser]
    ./src/components/site/mobile-nav.tsx [Server Component]
    ./src/app/page.tsx [Server Component]

  Client Component SSR:
    ./src/components/site/site-icons.tsx [Client Component SSR]
    ./src/components/site/mobile-nav.tsx [Client Component SSR]
    ./src/components/site/mobile-nav.tsx [Server Component]
    ./src/app/page.tsx [Server Component] @ http://localhost:3000/_next/static/chunks/node_modules_next_dist_0u_w_5s._.js:1945
[ 1895228ms] [ERROR] ./src/components/site/site-icons.tsx:2:1
Export Github doesn't exist in target module
   1 | import type { SVGProps } from "react";
>  2 | import {
     | ^^^^^^^
>  3 |   AppWindow,
     | ^^^^^^^^^^^^
>  4 |   ArrowUpRight,
     | ^^^^^^^^^^^^^^^
>  5 |   BookOpen,
     | ^^^^^^^^^^^
>  6 |   BriefcaseBusiness,
     | ^^^^^^^^^^^^^^^^^^^^
>  7 |   Camera,
     | ^^^^^^^^^
>  8 |   Code2,
     | ^^^^^^^^
>  9 |   Github,
     | ^^^^^^^^^
> 10 |   Home,
     | ^^^^^^^
> 11 |   Linkedin,
     | ^^^^^^^^^^^
> 12 |   Mail,
     | ^^^^^^^
> 13 |   Menu,
     | ^^^^^^^
> 14 |   Palette,
     | ^^^^^^^^^^
> 15 |   Video,
     | ^^^^^^^^
> 16 |   X,
     | ^^^^
> 17 |   type LucideIcon,
     | ^^^^^^^^^^^^^^^^^^
> 18 | } from "lucide-react";
     | ^^^^^^^^^^^^^^^^^^^^^^
  19 |
  20 | import type { IconKey } from "@/lib/site-data";
  21 |

The export Github was not found in module [project]/node_modules/lucide-react/dist/esm/lucide-react.mjs [app-rsc] (ecmascript).
Did you mean to import Gift?
All exports of the module are statically known (It doesn't have dynamic exports). So it's known statically that the requested export doesn't exist.

Import traces:
  Server Component:
    ./src/components/site/site-icons.tsx
    ./src/app/page.tsx

  Client Component Browser:
    ./src/components/site/site-icons.tsx [Client Component Browser]
    ./src/components/site/mobile-nav.tsx [Client Component Browser]
    ./src/components/site/mobile-nav.tsx [Server Component]
    ./src/app/page.tsx [Server Component]

  Client Component SSR:
    ./src/components/site/site-icons.tsx [Client Component SSR]
    ./src/components/site/mobile-nav.tsx [Client Component SSR]
    ./src/components/site/mobile-nav.tsx [Server Component]
    ./src/app/page.tsx [Server Component] @ http://localhost:3000/_next/static/chunks/node_modules_next_dist_0u_w_5s._.js:1945
[ 1895228ms] [ERROR] ./src/components/site/site-icons.tsx:2:1
Export Github doesn't exist in target module
   1 | import type { SVGProps } from "react";
>  2 | import {
     | ^^^^^^^
>  3 |   AppWindow,
     | ^^^^^^^^^^^^
>  4 |   ArrowUpRight,
     | ^^^^^^^^^^^^^^^
>  5 |   BookOpen,
     | ^^^^^^^^^^^
>  6 |   BriefcaseBusiness,
     | ^^^^^^^^^^^^^^^^^^^^
>  7 |   Camera,
     | ^^^^^^^^^
>  8 |   Code2,
     | ^^^^^^^^
>  9 |   Github,
     | ^^^^^^^^^
> 10 |   Home,
     | ^^^^^^^
> 11 |   Linkedin,
     | ^^^^^^^^^^^
> 12 |   Mail,
     | ^^^^^^^
> 13 |   Menu,
     | ^^^^^^^
> 14 |   Palette,
     | ^^^^^^^^^^
> 15 |   Video,
     | ^^^^^^^^
> 16 |   X,
     | ^^^^
> 17 |   type LucideIcon,
     | ^^^^^^^^^^^^^^^^^^
> 18 | } from "lucide-react";
     | ^^^^^^^^^^^^^^^^^^^^^^
  19 |
  20 | import type { IconKey } from "@/lib/site-data";
  21 |

The export Github was not found in module [project]/node_modules/lucide-react/dist/esm/lucide-react.mjs [app-ssr] (ecmascript).
Did you mean to import Gift?
All exports of the module are statically known (It doesn't have dynamic exports). So it's known statically that the requested export doesn't exist.

Import traces:
  Server Component:
    ./src/components/site/site-icons.tsx
    ./src/app/page.tsx

  Client Component Browser:
    ./src/components/site/site-icons.tsx [Client Component Browser]
    ./src/components/site/mobile-nav.tsx [Client Component Browser]
    ./src/components/site/mobile-nav.tsx [Server Component]
    ./src/app/page.tsx [Server Component]

  Client Component SSR:
    ./src/components/site/site-icons.tsx [Client Component SSR]
    ./src/components/site/mobile-nav.tsx [Client Component SSR]
    ./src/components/site/mobile-nav.tsx [Server Component]
    ./src/app/page.tsx [Server Component] @ http://localhost:3000/_next/static/chunks/node_modules_next_dist_0u_w_5s._.js:1945
[ 1895228ms] [ERROR] ./src/components/site/site-icons.tsx:2:1
Export Linkedin doesn't exist in target module
   1 | import type { SVGProps } from "react";
>  2 | import {
     | ^^^^^^^
>  3 |   AppWindow,
     | ^^^^^^^^^^^^
>  4 |   ArrowUpRight,
     | ^^^^^^^^^^^^^^^
>  5 |   BookOpen,
     | ^^^^^^^^^^^
>  6 |   BriefcaseBusiness,
     | ^^^^^^^^^^^^^^^^^^^^
>  7 |   Camera,
     | ^^^^^^^^^
>  8 |   Code2,
     | ^^^^^^^^
>  9 |   Github,
     | ^^^^^^^^^
> 10 |   Home,
     | ^^^^^^^
> 11 |   Linkedin,
     | ^^^^^^^^^^^
> 12 |   Mail,
     | ^^^^^^^
> 13 |   Menu,
     | ^^^^^^^
> 14 |   Palette,
     | ^^^^^^^^^^
> 15 |   Video,
     | ^^^^^^^^
> 16 |   X,
     | ^^^^
> 17 |   type LucideIcon,
     | ^^^^^^^^^^^^^^^^^^
> 18 | } from "lucide-react";
     | ^^^^^^^^^^^^^^^^^^^^^^
  19 |
  20 | import type { IconKey } from "@/lib/site-data";
  21 |

The export Linkedin was not found in module [project]/node_modules/lucide-react/dist/esm/lucide-react.mjs [app-client] (ecmascript).
Did you mean to import Link?
All exports of the module are statically known (It doesn't have dynamic exports). So it's known statically that the requested export doesn't exist.

Import traces:
  Server Component:
    ./src/components/site/site-icons.tsx
    ./src/app/page.tsx

  Client Component Browser:
    ./src/components/site/site-icons.tsx [Client Component Browser]
    ./src/components/site/mobile-nav.tsx [Client Component Browser]
    ./src/components/site/mobile-nav.tsx [Server Component]
    ./src/app/page.tsx [Server Component]

  Client Component SSR:
    ./src/components/site/site-icons.tsx [Client Component SSR]
    ./src/components/site/mobile-nav.tsx [Client Component SSR]
    ./src/components/site/mobile-nav.tsx [Server Component]
    ./src/app/page.tsx [Server Component] @ http://localhost:3000/_next/static/chunks/node_modules_next_dist_0u_w_5s._.js:1945
[ 1895228ms] [ERROR] ./src/components/site/site-icons.tsx:2:1
Export Linkedin doesn't exist in target module
   1 | import type { SVGProps } from "react";
>  2 | import {
     | ^^^^^^^
>  3 |   AppWindow,
     | ^^^^^^^^^^^^
>  4 |   ArrowUpRight,
     | ^^^^^^^^^^^^^^^
>  5 |   BookOpen,
     | ^^^^^^^^^^^
>  6 |   BriefcaseBusiness,
     | ^^^^^^^^^^^^^^^^^^^^
>  7 |   Camera,
     | ^^^^^^^^^
>  8 |   Code2,
     | ^^^^^^^^
>  9 |   Github,
     | ^^^^^^^^^
> 10 |   Home,
     | ^^^^^^^
> 11 |   Linkedin,
     | ^^^^^^^^^^^
> 12 |   Mail,
     | ^^^^^^^
> 13 |   Menu,
     | ^^^^^^^
> 14 |   Palette,
     | ^^^^^^^^^^
> 15 |   Video,
     | ^^^^^^^^
> 16 |   X,
     | ^^^^
> 17 |   type LucideIcon,
     | ^^^^^^^^^^^^^^^^^^
> 18 | } from "lucide-react";
     | ^^^^^^^^^^^^^^^^^^^^^^
  19 |
  20 | import type { IconKey } from "@/lib/site-data";
  21 |

The export Linkedin was not found in module [project]/node_modules/lucide-react/dist/esm/lucide-react.mjs [app-rsc] (ecmascript).
Did you mean to import Link?
All exports of the module are statically known (It doesn't have dynamic exports). So it's known statically that the requested export doesn't exist.

Import traces:
  Server Component:
    ./src/components/site/site-icons.tsx
    ./src/app/page.tsx

  Client Component Browser:
    ./src/components/site/site-icons.tsx [Client Component Browser]
    ./src/components/site/mobile-nav.tsx [Client Component Browser]
    ./src/components/site/mobile-nav.tsx [Server Component]
    ./src/app/page.tsx [Server Component]

  Client Component SSR:
    ./src/components/site/site-icons.tsx [Client Component SSR]
    ./src/components/site/mobile-nav.tsx [Client Component SSR]
    ./src/components/site/mobile-nav.tsx [Server Component]
    ./src/app/page.tsx [Server Component] @ http://localhost:3000/_next/static/chunks/node_modules_next_dist_0u_w_5s._.js:1945
[ 1895228ms] [ERROR] ./src/components/site/site-icons.tsx:2:1
Export Linkedin doesn't exist in target module
   1 | import type { SVGProps } from "react";
>  2 | import {
     | ^^^^^^^
>  3 |   AppWindow,
     | ^^^^^^^^^^^^
>  4 |   ArrowUpRight,
     | ^^^^^^^^^^^^^^^
>  5 |   BookOpen,
     | ^^^^^^^^^^^
>  6 |   BriefcaseBusiness,
     | ^^^^^^^^^^^^^^^^^^^^
>  7 |   Camera,
     | ^^^^^^^^^
>  8 |   Code2,
     | ^^^^^^^^
>  9 |   Github,
     | ^^^^^^^^^
> 10 |   Home,
     | ^^^^^^^
> 11 |   Linkedin,
     | ^^^^^^^^^^^
> 12 |   Mail,
     | ^^^^^^^
> 13 |   Menu,
     | ^^^^^^^
> 14 |   Palette,
     | ^^^^^^^^^^
> 15 |   Video,
     | ^^^^^^^^
> 16 |   X,
     | ^^^^
> 17 |   type LucideIcon,
     | ^^^^^^^^^^^^^^^^^^
> 18 | } from "lucide-react";
     | ^^^^^^^^^^^^^^^^^^^^^^
  19 |
  20 | import type { IconKey } from "@/lib/site-data";
  21 |

The export Linkedin was not found in module [project]/node_modules/lucide-react/dist/esm/lucide-react.mjs [app-ssr] (ecmascript).
Did you mean to import Link?
All exports of the module are statically known (It doesn't have dynamic exports). So it's known statically that the requested export doesn't exist.

Import traces:
  Server Component:
    ./src/components/site/site-icons.tsx
    ./src/app/page.tsx

  Client Component Browser:
    ./src/components/site/site-icons.tsx [Client Component Browser]
    ./src/components/site/mobile-nav.tsx [Client Component Browser]
    ./src/components/site/mobile-nav.tsx [Server Component]
    ./src/app/page.tsx [Server Component]

  Client Component SSR:
    ./src/components/site/site-icons.tsx [Client Component SSR]
    ./src/components/site/mobile-nav.tsx [Client Component SSR]
    ./src/components/site/mobile-nav.tsx [Server Component]
    ./src/app/page.tsx [Server Component] @ http://localhost:3000/_next/static/chunks/node_modules_next_dist_0u_w_5s._.js:1945
[ 1895265ms] [ERROR] ./src/components/site/site-canvas.tsx:7:27
`ssr: false` is not allowed with `next/dynamic` in Server Components. Please move it into a Client Component.
   5 | import { cn } from "@/lib/utils";
   6 |
>  7 | const SiteCanvasDesktop = dynamic(
     |                           ^^^^^^^
>  8 |   () =>
     | ^^^^^^^
>  9 |     import("@/components/site/site-canvas-desktop").then(
     | ^^^^^^^^^^^^^^^^^^^^^^^^^^^^^^^^^^^^^^^^^^^^^^^^^^^^^^^^^
> 10 |       (mod) => mod.SiteCanvasDesktop,
     | ^^^^^^^^^^^^^^^^^^^^^^^^^^^^^^^^^^^^^
> 11 |     ),
     | ^^^^^^
> 12 |   {
     | ^^^
> 13 |     ssr: false,
     | ^^^^^^^^^^^^^^^
> 14 |     loading: () => (
     | ^^^^^^^^^^^^^^^^^^^^
> 15 |       <div
     | ^^^^^^^^^^
> 16 |         className="hidden min-h-[560px] rounded-[1.5rem] border border-border bg-backgroun...
     | ^^^^^^^^^^^^^^^^^^^^^^^^^^^^^^^^^^^^^^^^^^^^^^^^^^^^^^^^^^^^^^^^^^^^^^^^^^^^^^^^^^^^^^^^^^^^^
> 17 |         aria-hidden
     | ^^^^^^^^^^^^^^^^^^^
> 18 |       />
     | ^^^^^^^^
> 19 |     ),
     | ^^^^^^
> 20 |   },
     | ^^^^
> 21 | );
     | ^
  22 |
  23 | const accentClasses = {
  24 |   ink: "border-foreground/45 text-foreground",

Ecmascript file had an error

Import trace:
  Server Component:
    ./src/components/site/site-canvas.tsx
    ./src/app/page.tsx @ http://localhost:3000/_next/static/chunks/node_modules_next_dist_0u_w_5s._.js:1945
[ 1895265ms] [ERROR] ./src/components/site/site-icons.tsx:2:1
Export Github doesn't exist in target module
   1 | import type { SVGProps } from "react";
>  2 | import {
     | ^^^^^^^
>  3 |   AppWindow,
     | ^^^^^^^^^^^^
>  4 |   ArrowUpRight,
     | ^^^^^^^^^^^^^^^
>  5 |   BookOpen,
     | ^^^^^^^^^^^
>  6 |   BriefcaseBusiness,
     | ^^^^^^^^^^^^^^^^^^^^
>  7 |   Camera,
     | ^^^^^^^^^
>  8 |   Code2,
     | ^^^^^^^^
>  9 |   Github,
     | ^^^^^^^^^
> 10 |   Home,
     | ^^^^^^^
> 11 |   Linkedin,
     | ^^^^^^^^^^^
> 12 |   Mail,
     | ^^^^^^^
> 13 |   Menu,
     | ^^^^^^^
> 14 |   Palette,
     | ^^^^^^^^^^
> 15 |   Video,
     | ^^^^^^^^
> 16 |   X,
     | ^^^^
> 17 |   type LucideIcon,
     | ^^^^^^^^^^^^^^^^^^
> 18 | } from "lucide-react";
     | ^^^^^^^^^^^^^^^^^^^^^^
  19 |
  20 | import type { IconKey } from "@/lib/site-data";
  21 |

The export Github was not found in module [project]/node_modules/lucide-react/dist/esm/lucide-react.mjs [app-client] (ecmascript).
Did you mean to import Gift?
All exports of the module are statically known (It doesn't have dynamic exports). So it's known statically that the requested export doesn't exist.

Import traces:
  Server Component:
    ./src/components/site/site-icons.tsx
    ./src/app/page.tsx

  Client Component Browser:
    ./src/components/site/site-icons.tsx [Client Component Browser]
    ./src/components/site/mobile-nav.tsx [Client Component Browser]
    ./src/components/site/mobile-nav.tsx [Server Component]
    ./src/app/page.tsx [Server Component]

  Client Component SSR:
    ./src/components/site/site-icons.tsx [Client Component SSR]
    ./src/components/site/mobile-nav.tsx [Client Component SSR]
    ./src/components/site/mobile-nav.tsx [Server Component]
    ./src/app/page.tsx [Server Component] @ http://localhost:3000/_next/static/chunks/node_modules_next_dist_0u_w_5s._.js:1945
[ 1895266ms] [ERROR] ./src/components/site/site-icons.tsx:2:1
Export Github doesn't exist in target module
   1 | import type { SVGProps } from "react";
>  2 | import {
     | ^^^^^^^
>  3 |   AppWindow,
     | ^^^^^^^^^^^^
>  4 |   ArrowUpRight,
     | ^^^^^^^^^^^^^^^
>  5 |   BookOpen,
     | ^^^^^^^^^^^
>  6 |   BriefcaseBusiness,
     | ^^^^^^^^^^^^^^^^^^^^
>  7 |   Camera,
     | ^^^^^^^^^
>  8 |   Code2,
     | ^^^^^^^^
>  9 |   Github,
     | ^^^^^^^^^
> 10 |   Home,
     | ^^^^^^^
> 11 |   Linkedin,
     | ^^^^^^^^^^^
> 12 |   Mail,
     | ^^^^^^^
> 13 |   Menu,
     | ^^^^^^^
> 14 |   Palette,
     | ^^^^^^^^^^
> 15 |   Video,
     | ^^^^^^^^
> 16 |   X,
     | ^^^^
> 17 |   type LucideIcon,
     | ^^^^^^^^^^^^^^^^^^
> 18 | } from "lucide-react";
     | ^^^^^^^^^^^^^^^^^^^^^^
  19 |
  20 | import type { IconKey } from "@/lib/site-data";
  21 |

The export Github was not found in module [project]/node_modules/lucide-react/dist/esm/lucide-react.mjs [app-rsc] (ecmascript).
Did you mean to import Gift?
All exports of the module are statically known (It doesn't have dynamic exports). So it's known statically that the requested export doesn't exist.

Import traces:
  Server Component:
    ./src/components/site/site-icons.tsx
    ./src/app/page.tsx

  Client Component Browser:
    ./src/components/site/site-icons.tsx [Client Component Browser]
    ./src/components/site/mobile-nav.tsx [Client Component Browser]
    ./src/components/site/mobile-nav.tsx [Server Component]
    ./src/app/page.tsx [Server Component]

  Client Component SSR:
    ./src/components/site/site-icons.tsx [Client Component SSR]
    ./src/components/site/mobile-nav.tsx [Client Component SSR]
    ./src/components/site/mobile-nav.tsx [Server Component]
    ./src/app/page.tsx [Server Component] @ http://localhost:3000/_next/static/chunks/node_modules_next_dist_0u_w_5s._.js:1945
[ 1895266ms] [ERROR] ./src/components/site/site-icons.tsx:2:1
Export Github doesn't exist in target module
   1 | import type { SVGProps } from "react";
>  2 | import {
     | ^^^^^^^
>  3 |   AppWindow,
     | ^^^^^^^^^^^^
>  4 |   ArrowUpRight,
     | ^^^^^^^^^^^^^^^
>  5 |   BookOpen,
     | ^^^^^^^^^^^
>  6 |   BriefcaseBusiness,
     | ^^^^^^^^^^^^^^^^^^^^
>  7 |   Camera,
     | ^^^^^^^^^
>  8 |   Code2,
     | ^^^^^^^^
>  9 |   Github,
     | ^^^^^^^^^
> 10 |   Home,
     | ^^^^^^^
> 11 |   Linkedin,
     | ^^^^^^^^^^^
> 12 |   Mail,
     | ^^^^^^^
> 13 |   Menu,
     | ^^^^^^^
> 14 |   Palette,
     | ^^^^^^^^^^
> 15 |   Video,
     | ^^^^^^^^
> 16 |   X,
     | ^^^^
> 17 |   type LucideIcon,
     | ^^^^^^^^^^^^^^^^^^
> 18 | } from "lucide-react";
     | ^^^^^^^^^^^^^^^^^^^^^^
  19 |
  20 | import type { IconKey } from "@/lib/site-data";
  21 |

The export Github was not found in module [project]/node_modules/lucide-react/dist/esm/lucide-react.mjs [app-ssr] (ecmascript).
Did you mean to import Gift?
All exports of the module are statically known (It doesn't have dynamic exports). So it's known statically that the requested export doesn't exist.

Import traces:
  Server Component:
    ./src/components/site/site-icons.tsx
    ./src/app/page.tsx

  Client Component Browser:
    ./src/components/site/site-icons.tsx [Client Component Browser]
    ./src/components/site/mobile-nav.tsx [Client Component Browser]
    ./src/components/site/mobile-nav.tsx [Server Component]
    ./src/app/page.tsx [Server Component]

  Client Component SSR:
    ./src/components/site/site-icons.tsx [Client Component SSR]
    ./src/components/site/mobile-nav.tsx [Client Component SSR]
    ./src/components/site/mobile-nav.tsx [Server Component]
    ./src/app/page.tsx [Server Component] @ http://localhost:3000/_next/static/chunks/node_modules_next_dist_0u_w_5s._.js:1945
[ 1895266ms] [ERROR] ./src/components/site/site-icons.tsx:2:1
Export Linkedin doesn't exist in target module
   1 | import type { SVGProps } from "react";
>  2 | import {
     | ^^^^^^^
>  3 |   AppWindow,
     | ^^^^^^^^^^^^
>  4 |   ArrowUpRight,
     | ^^^^^^^^^^^^^^^
>  5 |   BookOpen,
     | ^^^^^^^^^^^
>  6 |   BriefcaseBusiness,
     | ^^^^^^^^^^^^^^^^^^^^
>  7 |   Camera,
     | ^^^^^^^^^
>  8 |   Code2,
     | ^^^^^^^^
>  9 |   Github,
     | ^^^^^^^^^
> 10 |   Home,
     | ^^^^^^^
> 11 |   Linkedin,
     | ^^^^^^^^^^^
> 12 |   Mail,
     | ^^^^^^^
> 13 |   Menu,
     | ^^^^^^^
> 14 |   Palette,
     | ^^^^^^^^^^
> 15 |   Video,
     | ^^^^^^^^
> 16 |   X,
     | ^^^^
> 17 |   type LucideIcon,
     | ^^^^^^^^^^^^^^^^^^
> 18 | } from "lucide-react";
     | ^^^^^^^^^^^^^^^^^^^^^^
  19 |
  20 | import type { IconKey } from "@/lib/site-data";
  21 |

The export Linkedin was not found in module [project]/node_modules/lucide-react/dist/esm/lucide-react.mjs [app-client] (ecmascript).
Did you mean to import Link?
All exports of the module are statically known (It doesn't have dynamic exports). So it's known statically that the requested export doesn't exist.

Import traces:
  Server Component:
    ./src/components/site/site-icons.tsx
    ./src/app/page.tsx

  Client Component Browser:
    ./src/components/site/site-icons.tsx [Client Component Browser]
    ./src/components/site/mobile-nav.tsx [Client Component Browser]
    ./src/components/site/mobile-nav.tsx [Server Component]
    ./src/app/page.tsx [Server Component]

  Client Component SSR:
    ./src/components/site/site-icons.tsx [Client Component SSR]
    ./src/components/site/mobile-nav.tsx [Client Component SSR]
    ./src/components/site/mobile-nav.tsx [Server Component]
    ./src/app/page.tsx [Server Component] @ http://localhost:3000/_next/static/chunks/node_modules_next_dist_0u_w_5s._.js:1945
[ 1895266ms] [ERROR] ./src/components/site/site-icons.tsx:2:1
Export Linkedin doesn't exist in target module
   1 | import type { SVGProps } from "react";
>  2 | import {
     | ^^^^^^^
>  3 |   AppWindow,
     | ^^^^^^^^^^^^
>  4 |   ArrowUpRight,
     | ^^^^^^^^^^^^^^^
>  5 |   BookOpen,
     | ^^^^^^^^^^^
>  6 |   BriefcaseBusiness,
     | ^^^^^^^^^^^^^^^^^^^^
>  7 |   Camera,
     | ^^^^^^^^^
>  8 |   Code2,
     | ^^^^^^^^
>  9 |   Github,
     | ^^^^^^^^^
> 10 |   Home,
     | ^^^^^^^
> 11 |   Linkedin,
     | ^^^^^^^^^^^
> 12 |   Mail,
     | ^^^^^^^
> 13 |   Menu,
     | ^^^^^^^
> 14 |   Palette,
     | ^^^^^^^^^^
> 15 |   Video,
     | ^^^^^^^^
> 16 |   X,
     | ^^^^
> 17 |   type LucideIcon,
     | ^^^^^^^^^^^^^^^^^^
> 18 | } from "lucide-react";
     | ^^^^^^^^^^^^^^^^^^^^^^
  19 |
  20 | import type { IconKey } from "@/lib/site-data";
  21 |

The export Linkedin was not found in module [project]/node_modules/lucide-react/dist/esm/lucide-react.mjs [app-rsc] (ecmascript).
Did you mean to import Link?
All exports of the module are statically known (It doesn't have dynamic exports). So it's known statically that the requested export doesn't exist.

Import traces:
  Server Component:
    ./src/components/site/site-icons.tsx
    ./src/app/page.tsx

  Client Component Browser:
    ./src/components/site/site-icons.tsx [Client Component Browser]
    ./src/components/site/mobile-nav.tsx [Client Component Browser]
    ./src/components/site/mobile-nav.tsx [Server Component]
    ./src/app/page.tsx [Server Component]

  Client Component SSR:
    ./src/components/site/site-icons.tsx [Client Component SSR]
    ./src/components/site/mobile-nav.tsx [Client Component SSR]
    ./src/components/site/mobile-nav.tsx [Server Component]
    ./src/app/page.tsx [Server Component] @ http://localhost:3000/_next/static/chunks/node_modules_next_dist_0u_w_5s._.js:1945
[ 1895266ms] [ERROR] ./src/components/site/site-icons.tsx:2:1
Export Linkedin doesn't exist in target module
   1 | import type { SVGProps } from "react";
>  2 | import {
     | ^^^^^^^
>  3 |   AppWindow,
     | ^^^^^^^^^^^^
>  4 |   ArrowUpRight,
     | ^^^^^^^^^^^^^^^
>  5 |   BookOpen,
     | ^^^^^^^^^^^
>  6 |   BriefcaseBusiness,
     | ^^^^^^^^^^^^^^^^^^^^
>  7 |   Camera,
     | ^^^^^^^^^
>  8 |   Code2,
     | ^^^^^^^^
>  9 |   Github,
     | ^^^^^^^^^
> 10 |   Home,
     | ^^^^^^^
> 11 |   Linkedin,
     | ^^^^^^^^^^^
> 12 |   Mail,
     | ^^^^^^^
> 13 |   Menu,
     | ^^^^^^^
> 14 |   Palette,
     | ^^^^^^^^^^
> 15 |   Video,
     | ^^^^^^^^
> 16 |   X,
     | ^^^^
> 17 |   type LucideIcon,
     | ^^^^^^^^^^^^^^^^^^
> 18 | } from "lucide-react";
     | ^^^^^^^^^^^^^^^^^^^^^^
  19 |
  20 | import type { IconKey } from "@/lib/site-data";
  21 |

The export Linkedin was not found in module [project]/node_modules/lucide-react/dist/esm/lucide-react.mjs [app-ssr] (ecmascript).
Did you mean to import Link?
All exports of the module are statically known (It doesn't have dynamic exports). So it's known statically that the requested export doesn't exist.

Import traces:
  Server Component:
    ./src/components/site/site-icons.tsx
    ./src/app/page.tsx

  Client Component Browser:
    ./src/components/site/site-icons.tsx [Client Component Browser]
    ./src/components/site/mobile-nav.tsx [Client Component Browser]
    ./src/components/site/mobile-nav.tsx [Server Component]
    ./src/app/page.tsx [Server Component]

  Client Component SSR:
    ./src/components/site/site-icons.tsx [Client Component SSR]
    ./src/components/site/mobile-nav.tsx [Client Component SSR]
    ./src/components/site/mobile-nav.tsx [Server Component]
    ./src/app/page.tsx [Server Component] @ http://localhost:3000/_next/static/chunks/node_modules_next_dist_0u_w_5s._.js:1945
[ 1903920ms] [LOG] [Fast Refresh] rebuilding @ http://localhost:3000/_next/static/chunks/node_modules_next_dist_0u_w_5s._.js:1226
[ 1903961ms] [ERROR] ./src/components/site/site-canvas.tsx:7:27
`ssr: false` is not allowed with `next/dynamic` in Server Components. Please move it into a Client Component.
   5 | import { cn } from "@/lib/utils";
   6 |
>  7 | const SiteCanvasDesktop = dynamic(
     |                           ^^^^^^^
>  8 |   () =>
     | ^^^^^^^
>  9 |     import("@/components/site/site-canvas-desktop").then(
     | ^^^^^^^^^^^^^^^^^^^^^^^^^^^^^^^^^^^^^^^^^^^^^^^^^^^^^^^^^
> 10 |       (mod) => mod.SiteCanvasDesktop,
     | ^^^^^^^^^^^^^^^^^^^^^^^^^^^^^^^^^^^^^
> 11 |     ),
     | ^^^^^^
> 12 |   {
     | ^^^
> 13 |     ssr: false,
     | ^^^^^^^^^^^^^^^
> 14 |     loading: () => (
     | ^^^^^^^^^^^^^^^^^^^^
> 15 |       <div
     | ^^^^^^^^^^
> 16 |         className="hidden min-h-[560px] rounded-[1.5rem] border border-border bg-backgroun...
     | ^^^^^^^^^^^^^^^^^^^^^^^^^^^^^^^^^^^^^^^^^^^^^^^^^^^^^^^^^^^^^^^^^^^^^^^^^^^^^^^^^^^^^^^^^^^^^
> 17 |         aria-hidden
     | ^^^^^^^^^^^^^^^^^^^
> 18 |       />
     | ^^^^^^^^
> 19 |     ),
     | ^^^^^^
> 20 |   },
     | ^^^^
> 21 | );
     | ^
  22 |
  23 | const accentClasses = {
  24 |   ink: "border-foreground/45 text-foreground",

Ecmascript file had an error

Import trace:
  Server Component:
    ./src/components/site/site-canvas.tsx
    ./src/app/page.tsx @ http://localhost:3000/_next/static/chunks/node_modules_next_dist_0u_w_5s._.js:1945
[ 1903961ms] [ERROR] ./src/components/site/site-icons.tsx:2:1
Export Github doesn't exist in target module
   1 | import type { SVGProps } from "react";
>  2 | import {
     | ^^^^^^^
>  3 |   AppWindow,
     | ^^^^^^^^^^^^
>  4 |   ArrowUpRight,
     | ^^^^^^^^^^^^^^^
>  5 |   BookOpen,
     | ^^^^^^^^^^^
>  6 |   BriefcaseBusiness,
     | ^^^^^^^^^^^^^^^^^^^^
>  7 |   Camera,
     | ^^^^^^^^^
>  8 |   Code2,
     | ^^^^^^^^
>  9 |   Github,
     | ^^^^^^^^^
> 10 |   Home,
     | ^^^^^^^
> 11 |   Linkedin,
     | ^^^^^^^^^^^
> 12 |   Mail,
     | ^^^^^^^
> 13 |   Menu,
     | ^^^^^^^
> 14 |   Palette,
     | ^^^^^^^^^^
> 15 |   Video,
     | ^^^^^^^^
> 16 |   X,
     | ^^^^
> 17 |   type LucideIcon,
     | ^^^^^^^^^^^^^^^^^^
> 18 | } from "lucide-react";
     | ^^^^^^^^^^^^^^^^^^^^^^
  19 |
  20 | import type { IconKey } from "@/lib/site-data";
  21 |

The export Github was not found in module [project]/node_modules/lucide-react/dist/esm/lucide-react.mjs [app-client] (ecmascript).
Did you mean to import Gift?
All exports of the module are statically known (It doesn't have dynamic exports). So it's known statically that the requested export doesn't exist.

Import traces:
  Server Component:
    ./src/components/site/site-icons.tsx
    ./src/app/page.tsx

  Client Component Browser:
    ./src/components/site/site-icons.tsx [Client Component Browser]
    ./src/components/site/mobile-nav.tsx [Client Component Browser]
    ./src/components/site/mobile-nav.tsx [Server Component]
    ./src/app/page.tsx [Server Component]

  Client Component SSR:
    ./src/components/site/site-icons.tsx [Client Component SSR]
    ./src/components/site/mobile-nav.tsx [Client Component SSR]
    ./src/components/site/mobile-nav.tsx [Server Component]
    ./src/app/page.tsx [Server Component] @ http://localhost:3000/_next/static/chunks/node_modules_next_dist_0u_w_5s._.js:1945
[ 1903961ms] [ERROR] ./src/components/site/site-icons.tsx:2:1
Export Github doesn't exist in target module
   1 | import type { SVGProps } from "react";
>  2 | import {
     | ^^^^^^^
>  3 |   AppWindow,
     | ^^^^^^^^^^^^
>  4 |   ArrowUpRight,
     | ^^^^^^^^^^^^^^^
>  5 |   BookOpen,
     | ^^^^^^^^^^^
>  6 |   BriefcaseBusiness,
     | ^^^^^^^^^^^^^^^^^^^^
>  7 |   Camera,
     | ^^^^^^^^^
>  8 |   Code2,
     | ^^^^^^^^
>  9 |   Github,
     | ^^^^^^^^^
> 10 |   Home,
     | ^^^^^^^
> 11 |   Linkedin,
     | ^^^^^^^^^^^
> 12 |   Mail,
     | ^^^^^^^
> 13 |   Menu,
     | ^^^^^^^
> 14 |   Palette,
     | ^^^^^^^^^^
> 15 |   Video,
     | ^^^^^^^^
> 16 |   X,
     | ^^^^
> 17 |   type LucideIcon,
     | ^^^^^^^^^^^^^^^^^^
> 18 | } from "lucide-react";
     | ^^^^^^^^^^^^^^^^^^^^^^
  19 |
  20 | import type { IconKey } from "@/lib/site-data";
  21 |

The export Github was not found in module [project]/node_modules/lucide-react/dist/esm/lucide-react.mjs [app-rsc] (ecmascript).
Did you mean to import Gift?
All exports of the module are statically known (It doesn't have dynamic exports). So it's known statically that the requested export doesn't exist.

Import traces:
  Server Component:
    ./src/components/site/site-icons.tsx
    ./src/app/page.tsx

  Client Component Browser:
    ./src/components/site/site-icons.tsx [Client Component Browser]
    ./src/components/site/mobile-nav.tsx [Client Component Browser]
    ./src/components/site/mobile-nav.tsx [Server Component]
    ./src/app/page.tsx [Server Component]

  Client Component SSR:
    ./src/components/site/site-icons.tsx [Client Component SSR]
    ./src/components/site/mobile-nav.tsx [Client Component SSR]
    ./src/components/site/mobile-nav.tsx [Server Component]
    ./src/app/page.tsx [Server Component] @ http://localhost:3000/_next/static/chunks/node_modules_next_dist_0u_w_5s._.js:1945
[ 1903961ms] [ERROR] ./src/components/site/site-icons.tsx:2:1
Export Github doesn't exist in target module
   1 | import type { SVGProps } from "react";
>  2 | import {
     | ^^^^^^^
>  3 |   AppWindow,
     | ^^^^^^^^^^^^
>  4 |   ArrowUpRight,
     | ^^^^^^^^^^^^^^^
>  5 |   BookOpen,
     | ^^^^^^^^^^^
>  6 |   BriefcaseBusiness,
     | ^^^^^^^^^^^^^^^^^^^^
>  7 |   Camera,
     | ^^^^^^^^^
>  8 |   Code2,
     | ^^^^^^^^
>  9 |   Github,
     | ^^^^^^^^^
> 10 |   Home,
     | ^^^^^^^
> 11 |   Linkedin,
     | ^^^^^^^^^^^
> 12 |   Mail,
     | ^^^^^^^
> 13 |   Menu,
     | ^^^^^^^
> 14 |   Palette,
     | ^^^^^^^^^^
> 15 |   Video,
     | ^^^^^^^^
> 16 |   X,
     | ^^^^
> 17 |   type LucideIcon,
     | ^^^^^^^^^^^^^^^^^^
> 18 | } from "lucide-react";
     | ^^^^^^^^^^^^^^^^^^^^^^
  19 |
  20 | import type { IconKey } from "@/lib/site-data";
  21 |

The export Github was not found in module [project]/node_modules/lucide-react/dist/esm/lucide-react.mjs [app-ssr] (ecmascript).
Did you mean to import Gift?
All exports of the module are statically known (It doesn't have dynamic exports). So it's known statically that the requested export doesn't exist.

Import traces:
  Server Component:
    ./src/components/site/site-icons.tsx
    ./src/app/page.tsx

  Client Component Browser:
    ./src/components/site/site-icons.tsx [Client Component Browser]
    ./src/components/site/mobile-nav.tsx [Client Component Browser]
    ./src/components/site/mobile-nav.tsx [Server Component]
    ./src/app/page.tsx [Server Component]

  Client Component SSR:
    ./src/components/site/site-icons.tsx [Client Component SSR]
    ./src/components/site/mobile-nav.tsx [Client Component SSR]
    ./src/components/site/mobile-nav.tsx [Server Component]
    ./src/app/page.tsx [Server Component] @ http://localhost:3000/_next/static/chunks/node_modules_next_dist_0u_w_5s._.js:1945
[ 1903961ms] [ERROR] ./src/components/site/site-icons.tsx:2:1
Export Linkedin doesn't exist in target module
   1 | import type { SVGProps } from "react";
>  2 | import {
     | ^^^^^^^
>  3 |   AppWindow,
     | ^^^^^^^^^^^^
>  4 |   ArrowUpRight,
     | ^^^^^^^^^^^^^^^
>  5 |   BookOpen,
     | ^^^^^^^^^^^
>  6 |   BriefcaseBusiness,
     | ^^^^^^^^^^^^^^^^^^^^
>  7 |   Camera,
     | ^^^^^^^^^
>  8 |   Code2,
     | ^^^^^^^^
>  9 |   Github,
     | ^^^^^^^^^
> 10 |   Home,
     | ^^^^^^^
> 11 |   Linkedin,
     | ^^^^^^^^^^^
> 12 |   Mail,
     | ^^^^^^^
> 13 |   Menu,
     | ^^^^^^^
> 14 |   Palette,
     | ^^^^^^^^^^
> 15 |   Video,
     | ^^^^^^^^
> 16 |   X,
     | ^^^^
> 17 |   type LucideIcon,
     | ^^^^^^^^^^^^^^^^^^
> 18 | } from "lucide-react";
     | ^^^^^^^^^^^^^^^^^^^^^^
  19 |
  20 | import type { IconKey } from "@/lib/site-data";
  21 |

The export Linkedin was not found in module [project]/node_modules/lucide-react/dist/esm/lucide-react.mjs [app-client] (ecmascript).
Did you mean to import Link?
All exports of the module are statically known (It doesn't have dynamic exports). So it's known statically that the requested export doesn't exist.

Import traces:
  Server Component:
    ./src/components/site/site-icons.tsx
    ./src/app/page.tsx

  Client Component Browser:
    ./src/components/site/site-icons.tsx [Client Component Browser]
    ./src/components/site/mobile-nav.tsx [Client Component Browser]
    ./src/components/site/mobile-nav.tsx [Server Component]
    ./src/app/page.tsx [Server Component]

  Client Component SSR:
    ./src/components/site/site-icons.tsx [Client Component SSR]
    ./src/components/site/mobile-nav.tsx [Client Component SSR]
    ./src/components/site/mobile-nav.tsx [Server Component]
    ./src/app/page.tsx [Server Component] @ http://localhost:3000/_next/static/chunks/node_modules_next_dist_0u_w_5s._.js:1945
[ 1903961ms] [ERROR] ./src/components/site/site-icons.tsx:2:1
Export Linkedin doesn't exist in target module
   1 | import type { SVGProps } from "react";
>  2 | import {
     | ^^^^^^^
>  3 |   AppWindow,
     | ^^^^^^^^^^^^
>  4 |   ArrowUpRight,
     | ^^^^^^^^^^^^^^^
>  5 |   BookOpen,
     | ^^^^^^^^^^^
>  6 |   BriefcaseBusiness,
     | ^^^^^^^^^^^^^^^^^^^^
>  7 |   Camera,
     | ^^^^^^^^^
>  8 |   Code2,
     | ^^^^^^^^
>  9 |   Github,
     | ^^^^^^^^^
> 10 |   Home,
     | ^^^^^^^
> 11 |   Linkedin,
     | ^^^^^^^^^^^
> 12 |   Mail,
     | ^^^^^^^
> 13 |   Menu,
     | ^^^^^^^
> 14 |   Palette,
     | ^^^^^^^^^^
> 15 |   Video,
     | ^^^^^^^^
> 16 |   X,
     | ^^^^
> 17 |   type LucideIcon,
     | ^^^^^^^^^^^^^^^^^^
> 18 | } from "lucide-react";
     | ^^^^^^^^^^^^^^^^^^^^^^
  19 |
  20 | import type { IconKey } from "@/lib/site-data";
  21 |

The export Linkedin was not found in module [project]/node_modules/lucide-react/dist/esm/lucide-react.mjs [app-rsc] (ecmascript).
Did you mean to import Link?
All exports of the module are statically known (It doesn't have dynamic exports). So it's known statically that the requested export doesn't exist.

Import traces:
  Server Component:
    ./src/components/site/site-icons.tsx
    ./src/app/page.tsx

  Client Component Browser:
    ./src/components/site/site-icons.tsx [Client Component Browser]
    ./src/components/site/mobile-nav.tsx [Client Component Browser]
    ./src/components/site/mobile-nav.tsx [Server Component]
    ./src/app/page.tsx [Server Component]

  Client Component SSR:
    ./src/components/site/site-icons.tsx [Client Component SSR]
    ./src/components/site/mobile-nav.tsx [Client Component SSR]
    ./src/components/site/mobile-nav.tsx [Server Component]
    ./src/app/page.tsx [Server Component] @ http://localhost:3000/_next/static/chunks/node_modules_next_dist_0u_w_5s._.js:1945
[ 1903961ms] [ERROR] ./src/components/site/site-icons.tsx:2:1
Export Linkedin doesn't exist in target module
   1 | import type { SVGProps } from "react";
>  2 | import {
     | ^^^^^^^
>  3 |   AppWindow,
     | ^^^^^^^^^^^^
>  4 |   ArrowUpRight,
     | ^^^^^^^^^^^^^^^
>  5 |   BookOpen,
     | ^^^^^^^^^^^
>  6 |   BriefcaseBusiness,
     | ^^^^^^^^^^^^^^^^^^^^
>  7 |   Camera,
     | ^^^^^^^^^
>  8 |   Code2,
     | ^^^^^^^^
>  9 |   Github,
     | ^^^^^^^^^
> 10 |   Home,
     | ^^^^^^^
> 11 |   Linkedin,
     | ^^^^^^^^^^^
> 12 |   Mail,
     | ^^^^^^^
> 13 |   Menu,
     | ^^^^^^^
> 14 |   Palette,
     | ^^^^^^^^^^
> 15 |   Video,
     | ^^^^^^^^
> 16 |   X,
     | ^^^^
> 17 |   type LucideIcon,
     | ^^^^^^^^^^^^^^^^^^
> 18 | } from "lucide-react";
     | ^^^^^^^^^^^^^^^^^^^^^^
  19 |
  20 | import type { IconKey } from "@/lib/site-data";
  21 |

The export Linkedin was not found in module [project]/node_modules/lucide-react/dist/esm/lucide-react.mjs [app-ssr] (ecmascript).
Did you mean to import Link?
All exports of the module are statically known (It doesn't have dynamic exports). So it's known statically that the requested export doesn't exist.

Import traces:
  Server Component:
    ./src/components/site/site-icons.tsx
    ./src/app/page.tsx

  Client Component Browser:
    ./src/components/site/site-icons.tsx [Client Component Browser]
    ./src/components/site/mobile-nav.tsx [Client Component Browser]
    ./src/components/site/mobile-nav.tsx [Server Component]
    ./src/app/page.tsx [Server Component]

  Client Component SSR:
    ./src/components/site/site-icons.tsx [Client Component SSR]
    ./src/components/site/mobile-nav.tsx [Client Component SSR]
    ./src/components/site/mobile-nav.tsx [Server Component]
    ./src/app/page.tsx [Server Component] @ http://localhost:3000/_next/static/chunks/node_modules_next_dist_0u_w_5s._.js:1945
[ 1903999ms] [ERROR] Failed to load resource: the server responded with a status of 500 (Internal Server Error) @ http://localhost:3000/:0
[ 1904012ms] [INFO] %cDownload the React DevTools for a better development experience: https://react.dev/link/react-devtools font-weight:bold @ http://localhost:3000/_next/static/chunks/node_modules_react-dom_0bruynb._.js:15305
[ 1904017ms] Error: ./src/components/site/site-canvas.tsx:7:27
`ssr: false` is not allowed with `next/dynamic` in Server Components. Please move it into a Client Component.
   5 | import { cn } from "@/lib/utils";
   6 |
>  7 | const SiteCanvasDesktop = dynamic(
     |                           ^^^^^^^
>  8 |   () =>
     | ^^^^^^^
>  9 |     import("@/components/site/site-canvas-desktop").then(
     | ^^^^^^^^^^^^^^^^^^^^^^^^^^^^^^^^^^^^^^^^^^^^^^^^^^^^^^^^^
> 10 |       (mod) => mod.SiteCanvasDesktop,
     | ^^^^^^^^^^^^^^^^^^^^^^^^^^^^^^^^^^^^^
> 11 |     ),
     | ^^^^^^
> 12 |   {
     | ^^^
> 13 |     ssr: false,
     | ^^^^^^^^^^^^^^^
> 14 |     loading: () => (
     | ^^^^^^^^^^^^^^^^^^^^
> 15 |       <div
     | ^^^^^^^^^^
> 16 |         className="hidden min-h-[560px] rounded-[1.5rem] border border-border bg-backgroun...
     | ^^^^^^^^^^^^^^^^^^^^^^^^^^^^^^^^^^^^^^^^^^^^^^^^^^^^^^^^^^^^^^^^^^^^^^^^^^^^^^^^^^^^^^^^^^^^^
> 17 |         aria-hidden
     | ^^^^^^^^^^^^^^^^^^^
> 18 |       />
     | ^^^^^^^^
> 19 |     ),
     | ^^^^^^
> 20 |   },
     | ^^^^
> 21 | );
     | ^
  22 |
  23 | const accentClasses = {
  24 |   ink: "border-foreground/45 text-foreground",

Ecmascript file had an error

Import trace:
  Server Component:
    ./src/components/site/site-canvas.tsx
    ./src/app/page.tsx


    at <unknown> (Error: ./src/components/site/site-canvas.tsx:7:27)
    at Object.getCompilationErrors (file:///Users/josephsimo/Downloads/joesimo/node_modules/next/dist/server/dev/hot-reloader-turbopack.js:1186:59)
    at DevBundlerService.getCompilationError (file:///Users/josephsimo/Downloads/joesimo/node_modules/next/dist/server/lib/dev-bundler-service.js:44:55)
    at DevServer.getCompilationError (file:///Users/josephsimo/Downloads/joesimo/node_modules/next/dist/server/dev/next-dev-server.js:720:42)
    at DevServer.findPageComponents (file:///Users/josephsimo/Downloads/joesimo/node_modules/next/dist/server/dev/next-dev-server.js:690:43)
    at async DevServer.renderErrorToResponseImpl (file:///Users/josephsimo/Downloads/joesimo/node_modules/next/dist/server/base-server.js:1753:26)
[ 1904023ms] [LOG] [HMR] connected @ http://localhost:3000/_next/static/chunks/node_modules_next_dist_0u_w_5s._.js:1226
[ 1904029ms] [ERROR] ./src/components/site/site-canvas.tsx:7:27
`ssr: false` is not allowed with `next/dynamic` in Server Components. Please move it into a Client Component.
   5 | import { cn } from "@/lib/utils";
   6 |
>  7 | const SiteCanvasDesktop = dynamic(
     |                           ^^^^^^^
>  8 |   () =>
     | ^^^^^^^
>  9 |     import("@/components/site/site-canvas-desktop").then(
     | ^^^^^^^^^^^^^^^^^^^^^^^^^^^^^^^^^^^^^^^^^^^^^^^^^^^^^^^^^
> 10 |       (mod) => mod.SiteCanvasDesktop,
     | ^^^^^^^^^^^^^^^^^^^^^^^^^^^^^^^^^^^^^
> 11 |     ),
     | ^^^^^^
> 12 |   {
     | ^^^
> 13 |     ssr: false,
     | ^^^^^^^^^^^^^^^
> 14 |     loading: () => (
     | ^^^^^^^^^^^^^^^^^^^^
> 15 |       <div
     | ^^^^^^^^^^
> 16 |         className="hidden min-h-[560px] rounded-[1.5rem] border border-border bg-backgroun...
     | ^^^^^^^^^^^^^^^^^^^^^^^^^^^^^^^^^^^^^^^^^^^^^^^^^^^^^^^^^^^^^^^^^^^^^^^^^^^^^^^^^^^^^^^^^^^^^
> 17 |         aria-hidden
     | ^^^^^^^^^^^^^^^^^^^
> 18 |       />
     | ^^^^^^^^
> 19 |     ),
     | ^^^^^^
> 20 |   },
     | ^^^^
> 21 | );
     | ^
  22 |
  23 | const accentClasses = {
  24 |   ink: "border-foreground/45 text-foreground",

Ecmascript file had an error

Import trace:
  Server Component:
    ./src/components/site/site-canvas.tsx
    ./src/app/page.tsx @ http://localhost:3000/_next/static/chunks/node_modules_next_dist_0u_w_5s._.js:1945
[ 1904029ms] [ERROR] ./src/components/site/site-icons.tsx:2:1
Export Github doesn't exist in target module
   1 | import type { SVGProps } from "react";
>  2 | import {
     | ^^^^^^^
>  3 |   AppWindow,
     | ^^^^^^^^^^^^
>  4 |   ArrowUpRight,
     | ^^^^^^^^^^^^^^^
>  5 |   BookOpen,
     | ^^^^^^^^^^^
>  6 |   BriefcaseBusiness,
     | ^^^^^^^^^^^^^^^^^^^^
>  7 |   Camera,
     | ^^^^^^^^^
>  8 |   Code2,
     | ^^^^^^^^
>  9 |   Github,
     | ^^^^^^^^^
> 10 |   Home,
     | ^^^^^^^
> 11 |   Linkedin,
     | ^^^^^^^^^^^
> 12 |   Mail,
     | ^^^^^^^
> 13 |   Menu,
     | ^^^^^^^
> 14 |   Palette,
     | ^^^^^^^^^^
> 15 |   Video,
     | ^^^^^^^^
> 16 |   X,
     | ^^^^
> 17 |   type LucideIcon,
     | ^^^^^^^^^^^^^^^^^^
> 18 | } from "lucide-react";
     | ^^^^^^^^^^^^^^^^^^^^^^
  19 |
  20 | import type { IconKey } from "@/lib/site-data";
  21 |

The export Github was not found in module [project]/node_modules/lucide-react/dist/esm/lucide-react.mjs [app-client] (ecmascript).
Did you mean to import Gift?
All exports of the module are statically known (It doesn't have dynamic exports). So it's known statically that the requested export doesn't exist.

Import traces:
  Server Component:
    ./src/components/site/site-icons.tsx
    ./src/app/page.tsx

  Client Component Browser:
    ./src/components/site/site-icons.tsx [Client Component Browser]
    ./src/components/site/mobile-nav.tsx [Client Component Browser]
    ./src/components/site/mobile-nav.tsx [Server Component]
    ./src/app/page.tsx [Server Component]

  Client Component SSR:
    ./src/components/site/site-icons.tsx [Client Component SSR]
    ./src/components/site/mobile-nav.tsx [Client Component SSR]
    ./src/components/site/mobile-nav.tsx [Server Component]
    ./src/app/page.tsx [Server Component] @ http://localhost:3000/_next/static/chunks/node_modules_next_dist_0u_w_5s._.js:1945
[ 1904029ms] [ERROR] ./src/components/site/site-icons.tsx:2:1
Export Github doesn't exist in target module
   1 | import type { SVGProps } from "react";
>  2 | import {
     | ^^^^^^^
>  3 |   AppWindow,
     | ^^^^^^^^^^^^
>  4 |   ArrowUpRight,
     | ^^^^^^^^^^^^^^^
>  5 |   BookOpen,
     | ^^^^^^^^^^^
>  6 |   BriefcaseBusiness,
     | ^^^^^^^^^^^^^^^^^^^^
>  7 |   Camera,
     | ^^^^^^^^^
>  8 |   Code2,
     | ^^^^^^^^
>  9 |   Github,
     | ^^^^^^^^^
> 10 |   Home,
     | ^^^^^^^
> 11 |   Linkedin,
     | ^^^^^^^^^^^
> 12 |   Mail,
     | ^^^^^^^
> 13 |   Menu,
     | ^^^^^^^
> 14 |   Palette,
     | ^^^^^^^^^^
> 15 |   Video,
     | ^^^^^^^^
> 16 |   X,
     | ^^^^
> 17 |   type LucideIcon,
     | ^^^^^^^^^^^^^^^^^^
> 18 | } from "lucide-react";
     | ^^^^^^^^^^^^^^^^^^^^^^
  19 |
  20 | import type { IconKey } from "@/lib/site-data";
  21 |

The export Github was not found in module [project]/node_modules/lucide-react/dist/esm/lucide-react.mjs [app-rsc] (ecmascript).
Did you mean to import Gift?
All exports of the module are statically known (It doesn't have dynamic exports). So it's known statically that the requested export doesn't exist.

Import traces:
  Server Component:
    ./src/components/site/site-icons.tsx
    ./src/app/page.tsx

  Client Component Browser:
    ./src/components/site/site-icons.tsx [Client Component Browser]
    ./src/components/site/mobile-nav.tsx [Client Component Browser]
    ./src/components/site/mobile-nav.tsx [Server Component]
    ./src/app/page.tsx [Server Component]

  Client Component SSR:
    ./src/components/site/site-icons.tsx [Client Component SSR]
    ./src/components/site/mobile-nav.tsx [Client Component SSR]
    ./src/components/site/mobile-nav.tsx [Server Component]
    ./src/app/page.tsx [Server Component] @ http://localhost:3000/_next/static/chunks/node_modules_next_dist_0u_w_5s._.js:1945
[ 1904029ms] [ERROR] ./src/components/site/site-icons.tsx:2:1
Export Github doesn't exist in target module
   1 | import type { SVGProps } from "react";
>  2 | import {
     | ^^^^^^^
>  3 |   AppWindow,
     | ^^^^^^^^^^^^
>  4 |   ArrowUpRight,
     | ^^^^^^^^^^^^^^^
>  5 |   BookOpen,
     | ^^^^^^^^^^^
>  6 |   BriefcaseBusiness,
     | ^^^^^^^^^^^^^^^^^^^^
>  7 |   Camera,
     | ^^^^^^^^^
>  8 |   Code2,
     | ^^^^^^^^
>  9 |   Github,
     | ^^^^^^^^^
> 10 |   Home,
     | ^^^^^^^
> 11 |   Linkedin,
     | ^^^^^^^^^^^
> 12 |   Mail,
     | ^^^^^^^
> 13 |   Menu,
     | ^^^^^^^
> 14 |   Palette,
     | ^^^^^^^^^^
> 15 |   Video,
     | ^^^^^^^^
> 16 |   X,
     | ^^^^
> 17 |   type LucideIcon,
     | ^^^^^^^^^^^^^^^^^^
> 18 | } from "lucide-react";
     | ^^^^^^^^^^^^^^^^^^^^^^
  19 |
  20 | import type { IconKey } from "@/lib/site-data";
  21 |

The export Github was not found in module [project]/node_modules/lucide-react/dist/esm/lucide-react.mjs [app-ssr] (ecmascript).
Did you mean to import Gift?
All exports of the module are statically known (It doesn't have dynamic exports). So it's known statically that the requested export doesn't exist.

Import traces:
  Server Component:
    ./src/components/site/site-icons.tsx
    ./src/app/page.tsx

  Client Component Browser:
    ./src/components/site/site-icons.tsx [Client Component Browser]
    ./src/components/site/mobile-nav.tsx [Client Component Browser]
    ./src/components/site/mobile-nav.tsx [Server Component]
    ./src/app/page.tsx [Server Component]

  Client Component SSR:
    ./src/components/site/site-icons.tsx [Client Component SSR]
    ./src/components/site/mobile-nav.tsx [Client Component SSR]
    ./src/components/site/mobile-nav.tsx [Server Component]
    ./src/app/page.tsx [Server Component] @ http://localhost:3000/_next/static/chunks/node_modules_next_dist_0u_w_5s._.js:1945
[ 1904029ms] [ERROR] ./src/components/site/site-icons.tsx:2:1
Export Linkedin doesn't exist in target module
   1 | import type { SVGProps } from "react";
>  2 | import {
     | ^^^^^^^
>  3 |   AppWindow,
     | ^^^^^^^^^^^^
>  4 |   ArrowUpRight,
     | ^^^^^^^^^^^^^^^
>  5 |   BookOpen,
     | ^^^^^^^^^^^
>  6 |   BriefcaseBusiness,
     | ^^^^^^^^^^^^^^^^^^^^
>  7 |   Camera,
     | ^^^^^^^^^
>  8 |   Code2,
     | ^^^^^^^^
>  9 |   Github,
     | ^^^^^^^^^
> 10 |   Home,
     | ^^^^^^^
> 11 |   Linkedin,
     | ^^^^^^^^^^^
> 12 |   Mail,
     | ^^^^^^^
> 13 |   Menu,
     | ^^^^^^^
> 14 |   Palette,
     | ^^^^^^^^^^
> 15 |   Video,
     | ^^^^^^^^
> 16 |   X,
     | ^^^^
> 17 |   type LucideIcon,
     | ^^^^^^^^^^^^^^^^^^
> 18 | } from "lucide-react";
     | ^^^^^^^^^^^^^^^^^^^^^^
  19 |
  20 | import type { IconKey } from "@/lib/site-data";
  21 |

The export Linkedin was not found in module [project]/node_modules/lucide-react/dist/esm/lucide-react.mjs [app-client] (ecmascript).
Did you mean to import Link?
All exports of the module are statically known (It doesn't have dynamic exports). So it's known statically that the requested export doesn't exist.

Import traces:
  Server Component:
    ./src/components/site/site-icons.tsx
    ./src/app/page.tsx

  Client Component Browser:
    ./src/components/site/site-icons.tsx [Client Component Browser]
    ./src/components/site/mobile-nav.tsx [Client Component Browser]
    ./src/components/site/mobile-nav.tsx [Server Component]
    ./src/app/page.tsx [Server Component]

  Client Component SSR:
    ./src/components/site/site-icons.tsx [Client Component SSR]
    ./src/components/site/mobile-nav.tsx [Client Component SSR]
    ./src/components/site/mobile-nav.tsx [Server Component]
    ./src/app/page.tsx [Server Component] @ http://localhost:3000/_next/static/chunks/node_modules_next_dist_0u_w_5s._.js:1945
[ 1904029ms] [ERROR] ./src/components/site/site-icons.tsx:2:1
Export Linkedin doesn't exist in target module
   1 | import type { SVGProps } from "react";
>  2 | import {
     | ^^^^^^^
>  3 |   AppWindow,
     | ^^^^^^^^^^^^
>  4 |   ArrowUpRight,
     | ^^^^^^^^^^^^^^^
>  5 |   BookOpen,
     | ^^^^^^^^^^^
>  6 |   BriefcaseBusiness,
     | ^^^^^^^^^^^^^^^^^^^^
>  7 |   Camera,
     | ^^^^^^^^^
>  8 |   Code2,
     | ^^^^^^^^
>  9 |   Github,
     | ^^^^^^^^^
> 10 |   Home,
     | ^^^^^^^
> 11 |   Linkedin,
     | ^^^^^^^^^^^
> 12 |   Mail,
     | ^^^^^^^
> 13 |   Menu,
     | ^^^^^^^
> 14 |   Palette,
     | ^^^^^^^^^^
> 15 |   Video,
     | ^^^^^^^^
> 16 |   X,
     | ^^^^
> 17 |   type LucideIcon,
     | ^^^^^^^^^^^^^^^^^^
> 18 | } from "lucide-react";
     | ^^^^^^^^^^^^^^^^^^^^^^
  19 |
  20 | import type { IconKey } from "@/lib/site-data";
  21 |

The export Linkedin was not found in module [project]/node_modules/lucide-react/dist/esm/lucide-react.mjs [app-rsc] (ecmascript).
Did you mean to import Link?
All exports of the module are statically known (It doesn't have dynamic exports). So it's known statically that the requested export doesn't exist.

Import traces:
  Server Component:
    ./src/components/site/site-icons.tsx
    ./src/app/page.tsx

  Client Component Browser:
    ./src/components/site/site-icons.tsx [Client Component Browser]
    ./src/components/site/mobile-nav.tsx [Client Component Browser]
    ./src/components/site/mobile-nav.tsx [Server Component]
    ./src/app/page.tsx [Server Component]

  Client Component SSR:
    ./src/components/site/site-icons.tsx [Client Component SSR]
    ./src/components/site/mobile-nav.tsx [Client Component SSR]
    ./src/components/site/mobile-nav.tsx [Server Component]
    ./src/app/page.tsx [Server Component] @ http://localhost:3000/_next/static/chunks/node_modules_next_dist_0u_w_5s._.js:1945
[ 1904029ms] [ERROR] ./src/components/site/site-icons.tsx:2:1
Export Linkedin doesn't exist in target module
   1 | import type { SVGProps } from "react";
>  2 | import {
     | ^^^^^^^
>  3 |   AppWindow,
     | ^^^^^^^^^^^^
>  4 |   ArrowUpRight,
     | ^^^^^^^^^^^^^^^
>  5 |   BookOpen,
     | ^^^^^^^^^^^
>  6 |   BriefcaseBusiness,
     | ^^^^^^^^^^^^^^^^^^^^
>  7 |   Camera,
     | ^^^^^^^^^
>  8 |   Code2,
     | ^^^^^^^^
>  9 |   Github,
     | ^^^^^^^^^
> 10 |   Home,
     | ^^^^^^^
> 11 |   Linkedin,
     | ^^^^^^^^^^^
> 12 |   Mail,
     | ^^^^^^^
> 13 |   Menu,
     | ^^^^^^^
> 14 |   Palette,
     | ^^^^^^^^^^
> 15 |   Video,
     | ^^^^^^^^
> 16 |   X,
     | ^^^^
> 17 |   type LucideIcon,
     | ^^^^^^^^^^^^^^^^^^
> 18 | } from "lucide-react";
     | ^^^^^^^^^^^^^^^^^^^^^^
  19 |
  20 | import type { IconKey } from "@/lib/site-data";
  21 |

The export Linkedin was not found in module [project]/node_modules/lucide-react/dist/esm/lucide-react.mjs [app-ssr] (ecmascript).
Did you mean to import Link?
All exports of the module are statically known (It doesn't have dynamic exports). So it's known statically that the requested export doesn't exist.

Import traces:
  Server Component:
    ./src/components/site/site-icons.tsx
    ./src/app/page.tsx

  Client Component Browser:
    ./src/components/site/site-icons.tsx [Client Component Browser]
    ./src/components/site/mobile-nav.tsx [Client Component Browser]
    ./src/components/site/mobile-nav.tsx [Server Component]
    ./src/app/page.tsx [Server Component]

  Client Component SSR:
    ./src/components/site/site-icons.tsx [Client Component SSR]
    ./src/components/site/mobile-nav.tsx [Client Component SSR]
    ./src/components/site/mobile-nav.tsx [Server Component]
    ./src/app/page.tsx [Server Component] @ http://localhost:3000/_next/static/chunks/node_modules_next_dist_0u_w_5s._.js:1945
[ 1904045ms] [ERROR] ./src/components/site/site-canvas.tsx:7:27
`ssr: false` is not allowed with `next/dynamic` in Server Components. Please move it into a Client Component.
   5 | import { cn } from "@/lib/utils";
   6 |
>  7 | const SiteCanvasDesktop = dynamic(
     |                           ^^^^^^^
>  8 |   () =>
     | ^^^^^^^
>  9 |     import("@/components/site/site-canvas-desktop").then(
     | ^^^^^^^^^^^^^^^^^^^^^^^^^^^^^^^^^^^^^^^^^^^^^^^^^^^^^^^^^
> 10 |       (mod) => mod.SiteCanvasDesktop,
     | ^^^^^^^^^^^^^^^^^^^^^^^^^^^^^^^^^^^^^
> 11 |     ),
     | ^^^^^^
> 12 |   {
     | ^^^
> 13 |     ssr: false,
     | ^^^^^^^^^^^^^^^
> 14 |     loading: () => (
     | ^^^^^^^^^^^^^^^^^^^^
> 15 |       <div
     | ^^^^^^^^^^
> 16 |         className="hidden min-h-[560px] rounded-[1.5rem] border border-border bg-backgroun...
     | ^^^^^^^^^^^^^^^^^^^^^^^^^^^^^^^^^^^^^^^^^^^^^^^^^^^^^^^^^^^^^^^^^^^^^^^^^^^^^^^^^^^^^^^^^^^^^
> 17 |         aria-hidden
     | ^^^^^^^^^^^^^^^^^^^
> 18 |       />
     | ^^^^^^^^
> 19 |     ),
     | ^^^^^^
> 20 |   },
     | ^^^^
> 21 | );
     | ^
  22 |
  23 | const accentClasses = {
  24 |   ink: "border-foreground/45 text-foreground",

Ecmascript file had an error

Import trace:
  Server Component:
    ./src/components/site/site-canvas.tsx
    ./src/app/page.tsx @ http://localhost:3000/_next/static/chunks/node_modules_next_dist_0u_w_5s._.js:1945
[ 1904045ms] [ERROR] ./src/components/site/site-icons.tsx:2:1
Export Github doesn't exist in target module
   1 | import type { SVGProps } from "react";
>  2 | import {
     | ^^^^^^^
>  3 |   AppWindow,
     | ^^^^^^^^^^^^
>  4 |   ArrowUpRight,
     | ^^^^^^^^^^^^^^^
>  5 |   BookOpen,
     | ^^^^^^^^^^^
>  6 |   BriefcaseBusiness,
     | ^^^^^^^^^^^^^^^^^^^^
>  7 |   Camera,
     | ^^^^^^^^^
>  8 |   Code2,
     | ^^^^^^^^
>  9 |   Github,
     | ^^^^^^^^^
> 10 |   Home,
     | ^^^^^^^
> 11 |   Linkedin,
     | ^^^^^^^^^^^
> 12 |   Mail,
     | ^^^^^^^
> 13 |   Menu,
     | ^^^^^^^
> 14 |   Palette,
     | ^^^^^^^^^^
> 15 |   Video,
     | ^^^^^^^^
> 16 |   X,
     | ^^^^
> 17 |   type LucideIcon,
     | ^^^^^^^^^^^^^^^^^^
> 18 | } from "lucide-react";
     | ^^^^^^^^^^^^^^^^^^^^^^
  19 |
  20 | import type { IconKey } from "@/lib/site-data";
  21 |

The export Github was not found in module [project]/node_modules/lucide-react/dist/esm/lucide-react.mjs [app-client] (ecmascript).
Did you mean to import Gift?
All exports of the module are statically known (It doesn't have dynamic exports). So it's known statically that the requested export doesn't exist.

Import traces:
  Server Component:
    ./src/components/site/site-icons.tsx
    ./src/app/page.tsx

  Client Component Browser:
    ./src/components/site/site-icons.tsx [Client Component Browser]
    ./src/components/site/mobile-nav.tsx [Client Component Browser]
    ./src/components/site/mobile-nav.tsx [Server Component]
    ./src/app/page.tsx [Server Component]

  Client Component SSR:
    ./src/components/site/site-icons.tsx [Client Component SSR]
    ./src/components/site/mobile-nav.tsx [Client Component SSR]
    ./src/components/site/mobile-nav.tsx [Server Component]
    ./src/app/page.tsx [Server Component] @ http://localhost:3000/_next/static/chunks/node_modules_next_dist_0u_w_5s._.js:1945
[ 1904045ms] [ERROR] ./src/components/site/site-icons.tsx:2:1
Export Github doesn't exist in target module
   1 | import type { SVGProps } from "react";
>  2 | import {
     | ^^^^^^^
>  3 |   AppWindow,
     | ^^^^^^^^^^^^
>  4 |   ArrowUpRight,
     | ^^^^^^^^^^^^^^^
>  5 |   BookOpen,
     | ^^^^^^^^^^^
>  6 |   BriefcaseBusiness,
     | ^^^^^^^^^^^^^^^^^^^^
>  7 |   Camera,
     | ^^^^^^^^^
>  8 |   Code2,
     | ^^^^^^^^
>  9 |   Github,
     | ^^^^^^^^^
> 10 |   Home,
     | ^^^^^^^
> 11 |   Linkedin,
     | ^^^^^^^^^^^
> 12 |   Mail,
     | ^^^^^^^
> 13 |   Menu,
     | ^^^^^^^
> 14 |   Palette,
     | ^^^^^^^^^^
> 15 |   Video,
     | ^^^^^^^^
> 16 |   X,
     | ^^^^
> 17 |   type LucideIcon,
     | ^^^^^^^^^^^^^^^^^^
> 18 | } from "lucide-react";
     | ^^^^^^^^^^^^^^^^^^^^^^
  19 |
  20 | import type { IconKey } from "@/lib/site-data";
  21 |

The export Github was not found in module [project]/node_modules/lucide-react/dist/esm/lucide-react.mjs [app-rsc] (ecmascript).
Did you mean to import Gift?
All exports of the module are statically known (It doesn't have dynamic exports). So it's known statically that the requested export doesn't exist.

Import traces:
  Server Component:
    ./src/components/site/site-icons.tsx
    ./src/app/page.tsx

  Client Component Browser:
    ./src/components/site/site-icons.tsx [Client Component Browser]
    ./src/components/site/mobile-nav.tsx [Client Component Browser]
    ./src/components/site/mobile-nav.tsx [Server Component]
    ./src/app/page.tsx [Server Component]

  Client Component SSR:
    ./src/components/site/site-icons.tsx [Client Component SSR]
    ./src/components/site/mobile-nav.tsx [Client Component SSR]
    ./src/components/site/mobile-nav.tsx [Server Component]
    ./src/app/page.tsx [Server Component] @ http://localhost:3000/_next/static/chunks/node_modules_next_dist_0u_w_5s._.js:1945
[ 1904045ms] [ERROR] ./src/components/site/site-icons.tsx:2:1
Export Github doesn't exist in target module
   1 | import type { SVGProps } from "react";
>  2 | import {
     | ^^^^^^^
>  3 |   AppWindow,
     | ^^^^^^^^^^^^
>  4 |   ArrowUpRight,
     | ^^^^^^^^^^^^^^^
>  5 |   BookOpen,
     | ^^^^^^^^^^^
>  6 |   BriefcaseBusiness,
     | ^^^^^^^^^^^^^^^^^^^^
>  7 |   Camera,
     | ^^^^^^^^^
>  8 |   Code2,
     | ^^^^^^^^
>  9 |   Github,
     | ^^^^^^^^^
> 10 |   Home,
     | ^^^^^^^
> 11 |   Linkedin,
     | ^^^^^^^^^^^
> 12 |   Mail,
     | ^^^^^^^
> 13 |   Menu,
     | ^^^^^^^
> 14 |   Palette,
     | ^^^^^^^^^^
> 15 |   Video,
     | ^^^^^^^^
> 16 |   X,
     | ^^^^
> 17 |   type LucideIcon,
     | ^^^^^^^^^^^^^^^^^^
> 18 | } from "lucide-react";
     | ^^^^^^^^^^^^^^^^^^^^^^
  19 |
  20 | import type { IconKey } from "@/lib/site-data";
  21 |

The export Github was not found in module [project]/node_modules/lucide-react/dist/esm/lucide-react.mjs [app-ssr] (ecmascript).
Did you mean to import Gift?
All exports of the module are statically known (It doesn't have dynamic exports). So it's known statically that the requested export doesn't exist.

Import traces:
  Server Component:
    ./src/components/site/site-icons.tsx
    ./src/app/page.tsx

  Client Component Browser:
    ./src/components/site/site-icons.tsx [Client Component Browser]
    ./src/components/site/mobile-nav.tsx [Client Component Browser]
    ./src/components/site/mobile-nav.tsx [Server Component]
    ./src/app/page.tsx [Server Component]

  Client Component SSR:
    ./src/components/site/site-icons.tsx [Client Component SSR]
    ./src/components/site/mobile-nav.tsx [Client Component SSR]
    ./src/components/site/mobile-nav.tsx [Server Component]
    ./src/app/page.tsx [Server Component] @ http://localhost:3000/_next/static/chunks/node_modules_next_dist_0u_w_5s._.js:1945
[ 1904045ms] [ERROR] ./src/components/site/site-icons.tsx:2:1
Export Linkedin doesn't exist in target module
   1 | import type { SVGProps } from "react";
>  2 | import {
     | ^^^^^^^
>  3 |   AppWindow,
     | ^^^^^^^^^^^^
>  4 |   ArrowUpRight,
     | ^^^^^^^^^^^^^^^
>  5 |   BookOpen,
     | ^^^^^^^^^^^
>  6 |   BriefcaseBusiness,
     | ^^^^^^^^^^^^^^^^^^^^
>  7 |   Camera,
     | ^^^^^^^^^
>  8 |   Code2,
     | ^^^^^^^^
>  9 |   Github,
     | ^^^^^^^^^
> 10 |   Home,
     | ^^^^^^^
> 11 |   Linkedin,
     | ^^^^^^^^^^^
> 12 |   Mail,
     | ^^^^^^^
> 13 |   Menu,
     | ^^^^^^^
> 14 |   Palette,
     | ^^^^^^^^^^
> 15 |   Video,
     | ^^^^^^^^
> 16 |   X,
     | ^^^^
> 17 |   type LucideIcon,
     | ^^^^^^^^^^^^^^^^^^
> 18 | } from "lucide-react";
     | ^^^^^^^^^^^^^^^^^^^^^^
  19 |
  20 | import type { IconKey } from "@/lib/site-data";
  21 |

The export Linkedin was not found in module [project]/node_modules/lucide-react/dist/esm/lucide-react.mjs [app-client] (ecmascript).
Did you mean to import Link?
All exports of the module are statically known (It doesn't have dynamic exports). So it's known statically that the requested export doesn't exist.

Import traces:
  Server Component:
    ./src/components/site/site-icons.tsx
    ./src/app/page.tsx

  Client Component Browser:
    ./src/components/site/site-icons.tsx [Client Component Browser]
    ./src/components/site/mobile-nav.tsx [Client Component Browser]
    ./src/components/site/mobile-nav.tsx [Server Component]
    ./src/app/page.tsx [Server Component]

  Client Component SSR:
    ./src/components/site/site-icons.tsx [Client Component SSR]
    ./src/components/site/mobile-nav.tsx [Client Component SSR]
    ./src/components/site/mobile-nav.tsx [Server Component]
    ./src/app/page.tsx [Server Component] @ http://localhost:3000/_next/static/chunks/node_modules_next_dist_0u_w_5s._.js:1945
[ 1904045ms] [ERROR] ./src/components/site/site-icons.tsx:2:1
Export Linkedin doesn't exist in target module
   1 | import type { SVGProps } from "react";
>  2 | import {
     | ^^^^^^^
>  3 |   AppWindow,
     | ^^^^^^^^^^^^
>  4 |   ArrowUpRight,
     | ^^^^^^^^^^^^^^^
>  5 |   BookOpen,
     | ^^^^^^^^^^^
>  6 |   BriefcaseBusiness,
     | ^^^^^^^^^^^^^^^^^^^^
>  7 |   Camera,
     | ^^^^^^^^^
>  8 |   Code2,
     | ^^^^^^^^
>  9 |   Github,
     | ^^^^^^^^^
> 10 |   Home,
     | ^^^^^^^
> 11 |   Linkedin,
     | ^^^^^^^^^^^
> 12 |   Mail,
     | ^^^^^^^
> 13 |   Menu,
     | ^^^^^^^
> 14 |   Palette,
     | ^^^^^^^^^^
> 15 |   Video,
     | ^^^^^^^^
> 16 |   X,
     | ^^^^
> 17 |   type LucideIcon,
     | ^^^^^^^^^^^^^^^^^^
> 18 | } from "lucide-react";
     | ^^^^^^^^^^^^^^^^^^^^^^
  19 |
  20 | import type { IconKey } from "@/lib/site-data";
  21 |

The export Linkedin was not found in module [project]/node_modules/lucide-react/dist/esm/lucide-react.mjs [app-rsc] (ecmascript).
Did you mean to import Link?
All exports of the module are statically known (It doesn't have dynamic exports). So it's known statically that the requested export doesn't exist.

Import traces:
  Server Component:
    ./src/components/site/site-icons.tsx
    ./src/app/page.tsx

  Client Component Browser:
    ./src/components/site/site-icons.tsx [Client Component Browser]
    ./src/components/site/mobile-nav.tsx [Client Component Browser]
    ./src/components/site/mobile-nav.tsx [Server Component]
    ./src/app/page.tsx [Server Component]

  Client Component SSR:
    ./src/components/site/site-icons.tsx [Client Component SSR]
    ./src/components/site/mobile-nav.tsx [Client Component SSR]
    ./src/components/site/mobile-nav.tsx [Server Component]
    ./src/app/page.tsx [Server Component] @ http://localhost:3000/_next/static/chunks/node_modules_next_dist_0u_w_5s._.js:1945
[ 1904045ms] [ERROR] ./src/components/site/site-icons.tsx:2:1
Export Linkedin doesn't exist in target module
   1 | import type { SVGProps } from "react";
>  2 | import {
     | ^^^^^^^
>  3 |   AppWindow,
     | ^^^^^^^^^^^^
>  4 |   ArrowUpRight,
     | ^^^^^^^^^^^^^^^
>  5 |   BookOpen,
     | ^^^^^^^^^^^
>  6 |   BriefcaseBusiness,
     | ^^^^^^^^^^^^^^^^^^^^
>  7 |   Camera,
     | ^^^^^^^^^
>  8 |   Code2,
     | ^^^^^^^^
>  9 |   Github,
     | ^^^^^^^^^
> 10 |   Home,
     | ^^^^^^^
> 11 |   Linkedin,
     | ^^^^^^^^^^^
> 12 |   Mail,
     | ^^^^^^^
> 13 |   Menu,
     | ^^^^^^^
> 14 |   Palette,
     | ^^^^^^^^^^
> 15 |   Video,
     | ^^^^^^^^
> 16 |   X,
     | ^^^^
> 17 |   type LucideIcon,
     | ^^^^^^^^^^^^^^^^^^
> 18 | } from "lucide-react";
     | ^^^^^^^^^^^^^^^^^^^^^^
  19 |
  20 | import type { IconKey } from "@/lib/site-data";
  21 |

The export Linkedin was not found in module [project]/node_modules/lucide-react/dist/esm/lucide-react.mjs [app-ssr] (ecmascript).
Did you mean to import Link?
All exports of the module are statically known (It doesn't have dynamic exports). So it's known statically that the requested export doesn't exist.

Import traces:
  Server Component:
    ./src/components/site/site-icons.tsx
    ./src/app/page.tsx

  Client Component Browser:
    ./src/components/site/site-icons.tsx [Client Component Browser]
    ./src/components/site/mobile-nav.tsx [Client Component Browser]
    ./src/components/site/mobile-nav.tsx [Server Component]
    ./src/app/page.tsx [Server Component]

  Client Component SSR:
    ./src/components/site/site-icons.tsx [Client Component SSR]
    ./src/components/site/mobile-nav.tsx [Client Component SSR]
    ./src/components/site/mobile-nav.tsx [Server Component]
    ./src/app/page.tsx [Server Component] @ http://localhost:3000/_next/static/chunks/node_modules_next_dist_0u_w_5s._.js:1945
[ 1904069ms] [ERROR] ./src/components/site/site-canvas.tsx:7:27
`ssr: false` is not allowed with `next/dynamic` in Server Components. Please move it into a Client Component.
   5 | import { cn } from "@/lib/utils";
   6 |
>  7 | const SiteCanvasDesktop = dynamic(
     |                           ^^^^^^^
>  8 |   () =>
     | ^^^^^^^
>  9 |     import("@/components/site/site-canvas-desktop").then(
     | ^^^^^^^^^^^^^^^^^^^^^^^^^^^^^^^^^^^^^^^^^^^^^^^^^^^^^^^^^
> 10 |       (mod) => mod.SiteCanvasDesktop,
     | ^^^^^^^^^^^^^^^^^^^^^^^^^^^^^^^^^^^^^
> 11 |     ),
     | ^^^^^^
> 12 |   {
     | ^^^
> 13 |     ssr: false,
     | ^^^^^^^^^^^^^^^
> 14 |     loading: () => (
     | ^^^^^^^^^^^^^^^^^^^^
> 15 |       <div
     | ^^^^^^^^^^
> 16 |         className="hidden min-h-[560px] rounded-[1.5rem] border border-border bg-backgroun...
     | ^^^^^^^^^^^^^^^^^^^^^^^^^^^^^^^^^^^^^^^^^^^^^^^^^^^^^^^^^^^^^^^^^^^^^^^^^^^^^^^^^^^^^^^^^^^^^
> 17 |         aria-hidden
     | ^^^^^^^^^^^^^^^^^^^
> 18 |       />
     | ^^^^^^^^
> 19 |     ),
     | ^^^^^^
> 20 |   },
     | ^^^^
> 21 | );
     | ^
  22 |
  23 | const accentClasses = {
  24 |   ink: "border-foreground/45 text-foreground",

Ecmascript file had an error

Import trace:
  Server Component:
    ./src/components/site/site-canvas.tsx
    ./src/app/page.tsx @ http://localhost:3000/_next/static/chunks/node_modules_next_dist_0u_w_5s._.js:1945
[ 1904069ms] [ERROR] ./src/components/site/site-icons.tsx:2:1
Export Github doesn't exist in target module
   1 | import type { SVGProps } from "react";
>  2 | import {
     | ^^^^^^^
>  3 |   AppWindow,
     | ^^^^^^^^^^^^
>  4 |   ArrowUpRight,
     | ^^^^^^^^^^^^^^^
>  5 |   BookOpen,
     | ^^^^^^^^^^^
>  6 |   BriefcaseBusiness,
     | ^^^^^^^^^^^^^^^^^^^^
>  7 |   Camera,
     | ^^^^^^^^^
>  8 |   Code2,
     | ^^^^^^^^
>  9 |   Github,
     | ^^^^^^^^^
> 10 |   Home,
     | ^^^^^^^
> 11 |   Linkedin,
     | ^^^^^^^^^^^
> 12 |   Mail,
     | ^^^^^^^
> 13 |   Menu,
     | ^^^^^^^
> 14 |   Palette,
     | ^^^^^^^^^^
> 15 |   Video,
     | ^^^^^^^^
> 16 |   X,
     | ^^^^
> 17 |   type LucideIcon,
     | ^^^^^^^^^^^^^^^^^^
> 18 | } from "lucide-react";
     | ^^^^^^^^^^^^^^^^^^^^^^
  19 |
  20 | import type { IconKey } from "@/lib/site-data";
  21 |

The export Github was not found in module [project]/node_modules/lucide-react/dist/esm/lucide-react.mjs [app-client] (ecmascript).
Did you mean to import Gift?
All exports of the module are statically known (It doesn't have dynamic exports). So it's known statically that the requested export doesn't exist.

Import traces:
  Server Component:
    ./src/components/site/site-icons.tsx
    ./src/app/page.tsx

  Client Component Browser:
    ./src/components/site/site-icons.tsx [Client Component Browser]
    ./src/components/site/mobile-nav.tsx [Client Component Browser]
    ./src/components/site/mobile-nav.tsx [Server Component]
    ./src/app/page.tsx [Server Component]

  Client Component SSR:
    ./src/components/site/site-icons.tsx [Client Component SSR]
    ./src/components/site/mobile-nav.tsx [Client Component SSR]
    ./src/components/site/mobile-nav.tsx [Server Component]
    ./src/app/page.tsx [Server Component] @ http://localhost:3000/_next/static/chunks/node_modules_next_dist_0u_w_5s._.js:1945
[ 1904069ms] [ERROR] ./src/components/site/site-icons.tsx:2:1
Export Github doesn't exist in target module
   1 | import type { SVGProps } from "react";
>  2 | import {
     | ^^^^^^^
>  3 |   AppWindow,
     | ^^^^^^^^^^^^
>  4 |   ArrowUpRight,
     | ^^^^^^^^^^^^^^^
>  5 |   BookOpen,
     | ^^^^^^^^^^^
>  6 |   BriefcaseBusiness,
     | ^^^^^^^^^^^^^^^^^^^^
>  7 |   Camera,
     | ^^^^^^^^^
>  8 |   Code2,
     | ^^^^^^^^
>  9 |   Github,
     | ^^^^^^^^^
> 10 |   Home,
     | ^^^^^^^
> 11 |   Linkedin,
     | ^^^^^^^^^^^
> 12 |   Mail,
     | ^^^^^^^
> 13 |   Menu,
     | ^^^^^^^
> 14 |   Palette,
     | ^^^^^^^^^^
> 15 |   Video,
     | ^^^^^^^^
> 16 |   X,
     | ^^^^
> 17 |   type LucideIcon,
     | ^^^^^^^^^^^^^^^^^^
> 18 | } from "lucide-react";
     | ^^^^^^^^^^^^^^^^^^^^^^
  19 |
  20 | import type { IconKey } from "@/lib/site-data";
  21 |

The export Github was not found in module [project]/node_modules/lucide-react/dist/esm/lucide-react.mjs [app-rsc] (ecmascript).
Did you mean to import Gift?
All exports of the module are statically known (It doesn't have dynamic exports). So it's known statically that the requested export doesn't exist.

Import traces:
  Server Component:
    ./src/components/site/site-icons.tsx
    ./src/app/page.tsx

  Client Component Browser:
    ./src/components/site/site-icons.tsx [Client Component Browser]
    ./src/components/site/mobile-nav.tsx [Client Component Browser]
    ./src/components/site/mobile-nav.tsx [Server Component]
    ./src/app/page.tsx [Server Component]

  Client Component SSR:
    ./src/components/site/site-icons.tsx [Client Component SSR]
    ./src/components/site/mobile-nav.tsx [Client Component SSR]
    ./src/components/site/mobile-nav.tsx [Server Component]
    ./src/app/page.tsx [Server Component] @ http://localhost:3000/_next/static/chunks/node_modules_next_dist_0u_w_5s._.js:1945
[ 1904069ms] [ERROR] ./src/components/site/site-icons.tsx:2:1
Export Github doesn't exist in target module
   1 | import type { SVGProps } from "react";
>  2 | import {
     | ^^^^^^^
>  3 |   AppWindow,
     | ^^^^^^^^^^^^
>  4 |   ArrowUpRight,
     | ^^^^^^^^^^^^^^^
>  5 |   BookOpen,
     | ^^^^^^^^^^^
>  6 |   BriefcaseBusiness,
     | ^^^^^^^^^^^^^^^^^^^^
>  7 |   Camera,
     | ^^^^^^^^^
>  8 |   Code2,
     | ^^^^^^^^
>  9 |   Github,
     | ^^^^^^^^^
> 10 |   Home,
     | ^^^^^^^
> 11 |   Linkedin,
     | ^^^^^^^^^^^
> 12 |   Mail,
     | ^^^^^^^
> 13 |   Menu,
     | ^^^^^^^
> 14 |   Palette,
     | ^^^^^^^^^^
> 15 |   Video,
     | ^^^^^^^^
> 16 |   X,
     | ^^^^
> 17 |   type LucideIcon,
     | ^^^^^^^^^^^^^^^^^^
> 18 | } from "lucide-react";
     | ^^^^^^^^^^^^^^^^^^^^^^
  19 |
  20 | import type { IconKey } from "@/lib/site-data";
  21 |

The export Github was not found in module [project]/node_modules/lucide-react/dist/esm/lucide-react.mjs [app-ssr] (ecmascript).
Did you mean to import Gift?
All exports of the module are statically known (It doesn't have dynamic exports). So it's known statically that the requested export doesn't exist.

Import traces:
  Server Component:
    ./src/components/site/site-icons.tsx
    ./src/app/page.tsx

  Client Component Browser:
    ./src/components/site/site-icons.tsx [Client Component Browser]
    ./src/components/site/mobile-nav.tsx [Client Component Browser]
    ./src/components/site/mobile-nav.tsx [Server Component]
    ./src/app/page.tsx [Server Component]

  Client Component SSR:
    ./src/components/site/site-icons.tsx [Client Component SSR]
    ./src/components/site/mobile-nav.tsx [Client Component SSR]
    ./src/components/site/mobile-nav.tsx [Server Component]
    ./src/app/page.tsx [Server Component] @ http://localhost:3000/_next/static/chunks/node_modules_next_dist_0u_w_5s._.js:1945
[ 1904069ms] [ERROR] ./src/components/site/site-icons.tsx:2:1
Export Linkedin doesn't exist in target module
   1 | import type { SVGProps } from "react";
>  2 | import {
     | ^^^^^^^
>  3 |   AppWindow,
     | ^^^^^^^^^^^^
>  4 |   ArrowUpRight,
     | ^^^^^^^^^^^^^^^
>  5 |   BookOpen,
     | ^^^^^^^^^^^
>  6 |   BriefcaseBusiness,
     | ^^^^^^^^^^^^^^^^^^^^
>  7 |   Camera,
     | ^^^^^^^^^
>  8 |   Code2,
     | ^^^^^^^^
>  9 |   Github,
     | ^^^^^^^^^
> 10 |   Home,
     | ^^^^^^^
> 11 |   Linkedin,
     | ^^^^^^^^^^^
> 12 |   Mail,
     | ^^^^^^^
> 13 |   Menu,
     | ^^^^^^^
> 14 |   Palette,
     | ^^^^^^^^^^
> 15 |   Video,
     | ^^^^^^^^
> 16 |   X,
     | ^^^^
> 17 |   type LucideIcon,
     | ^^^^^^^^^^^^^^^^^^
> 18 | } from "lucide-react";
     | ^^^^^^^^^^^^^^^^^^^^^^
  19 |
  20 | import type { IconKey } from "@/lib/site-data";
  21 |

The export Linkedin was not found in module [project]/node_modules/lucide-react/dist/esm/lucide-react.mjs [app-client] (ecmascript).
Did you mean to import Link?
All exports of the module are statically known (It doesn't have dynamic exports). So it's known statically that the requested export doesn't exist.

Import traces:
  Server Component:
    ./src/components/site/site-icons.tsx
    ./src/app/page.tsx

  Client Component Browser:
    ./src/components/site/site-icons.tsx [Client Component Browser]
    ./src/components/site/mobile-nav.tsx [Client Component Browser]
    ./src/components/site/mobile-nav.tsx [Server Component]
    ./src/app/page.tsx [Server Component]

  Client Component SSR:
    ./src/components/site/site-icons.tsx [Client Component SSR]
    ./src/components/site/mobile-nav.tsx [Client Component SSR]
    ./src/components/site/mobile-nav.tsx [Server Component]
    ./src/app/page.tsx [Server Component] @ http://localhost:3000/_next/static/chunks/node_modules_next_dist_0u_w_5s._.js:1945
[ 1904069ms] [ERROR] ./src/components/site/site-icons.tsx:2:1
Export Linkedin doesn't exist in target module
   1 | import type { SVGProps } from "react";
>  2 | import {
     | ^^^^^^^
>  3 |   AppWindow,
     | ^^^^^^^^^^^^
>  4 |   ArrowUpRight,
     | ^^^^^^^^^^^^^^^
>  5 |   BookOpen,
     | ^^^^^^^^^^^
>  6 |   BriefcaseBusiness,
     | ^^^^^^^^^^^^^^^^^^^^
>  7 |   Camera,
     | ^^^^^^^^^
>  8 |   Code2,
     | ^^^^^^^^
>  9 |   Github,
     | ^^^^^^^^^
> 10 |   Home,
     | ^^^^^^^
> 11 |   Linkedin,
     | ^^^^^^^^^^^
> 12 |   Mail,
     | ^^^^^^^
> 13 |   Menu,
     | ^^^^^^^
> 14 |   Palette,
     | ^^^^^^^^^^
> 15 |   Video,
     | ^^^^^^^^
> 16 |   X,
     | ^^^^
> 17 |   type LucideIcon,
     | ^^^^^^^^^^^^^^^^^^
> 18 | } from "lucide-react";
     | ^^^^^^^^^^^^^^^^^^^^^^
  19 |
  20 | import type { IconKey } from "@/lib/site-data";
  21 |

The export Linkedin was not found in module [project]/node_modules/lucide-react/dist/esm/lucide-react.mjs [app-rsc] (ecmascript).
Did you mean to import Link?
All exports of the module are statically known (It doesn't have dynamic exports). So it's known statically that the requested export doesn't exist.

Import traces:
  Server Component:
    ./src/components/site/site-icons.tsx
    ./src/app/page.tsx

  Client Component Browser:
    ./src/components/site/site-icons.tsx [Client Component Browser]
    ./src/components/site/mobile-nav.tsx [Client Component Browser]
    ./src/components/site/mobile-nav.tsx [Server Component]
    ./src/app/page.tsx [Server Component]

  Client Component SSR:
    ./src/components/site/site-icons.tsx [Client Component SSR]
    ./src/components/site/mobile-nav.tsx [Client Component SSR]
    ./src/components/site/mobile-nav.tsx [Server Component]
    ./src/app/page.tsx [Server Component] @ http://localhost:3000/_next/static/chunks/node_modules_next_dist_0u_w_5s._.js:1945
[ 1904069ms] [ERROR] ./src/components/site/site-icons.tsx:2:1
Export Linkedin doesn't exist in target module
   1 | import type { SVGProps } from "react";
>  2 | import {
     | ^^^^^^^
>  3 |   AppWindow,
     | ^^^^^^^^^^^^
>  4 |   ArrowUpRight,
     | ^^^^^^^^^^^^^^^
>  5 |   BookOpen,
     | ^^^^^^^^^^^
>  6 |   BriefcaseBusiness,
     | ^^^^^^^^^^^^^^^^^^^^
>  7 |   Camera,
     | ^^^^^^^^^
>  8 |   Code2,
     | ^^^^^^^^
>  9 |   Github,
     | ^^^^^^^^^
> 10 |   Home,
     | ^^^^^^^
> 11 |   Linkedin,
     | ^^^^^^^^^^^
> 12 |   Mail,
     | ^^^^^^^
> 13 |   Menu,
     | ^^^^^^^
> 14 |   Palette,
     | ^^^^^^^^^^
> 15 |   Video,
     | ^^^^^^^^
> 16 |   X,
     | ^^^^
> 17 |   type LucideIcon,
     | ^^^^^^^^^^^^^^^^^^
> 18 | } from "lucide-react";
     | ^^^^^^^^^^^^^^^^^^^^^^
  19 |
  20 | import type { IconKey } from "@/lib/site-data";
  21 |

The export Linkedin was not found in module [project]/node_modules/lucide-react/dist/esm/lucide-react.mjs [app-ssr] (ecmascript).
Did you mean to import Link?
All exports of the module are statically known (It doesn't have dynamic exports). So it's known statically that the requested export doesn't exist.

Import traces:
  Server Component:
    ./src/components/site/site-icons.tsx
    ./src/app/page.tsx

  Client Component Browser:
    ./src/components/site/site-icons.tsx [Client Component Browser]
    ./src/components/site/mobile-nav.tsx [Client Component Browser]
    ./src/components/site/mobile-nav.tsx [Server Component]
    ./src/app/page.tsx [Server Component]

  Client Component SSR:
    ./src/components/site/site-icons.tsx [Client Component SSR]
    ./src/components/site/mobile-nav.tsx [Client Component SSR]
    ./src/components/site/mobile-nav.tsx [Server Component]
    ./src/app/page.tsx [Server Component] @ http://localhost:3000/_next/static/chunks/node_modules_next_dist_0u_w_5s._.js:1945
[ 1904148ms] [LOG] [Fast Refresh] rebuilding @ http://localhost:3000/_next/static/chunks/node_modules_next_dist_0u_w_5s._.js:1226
[ 1917783ms] [LOG] [Fast Refresh] rebuilding @ http://localhost:3000/_next/static/chunks/node_modules_next_dist_0u_w_5s._.js:1226
[ 1918485ms] [ERROR] ./src/components/site/site-canvas.tsx:7:27
`ssr: false` is not allowed with `next/dynamic` in Server Components. Please move it into a Client Component.
   5 | import { cn } from "@/lib/utils";
   6 |
>  7 | const SiteCanvasDesktop = dynamic(
     |                           ^^^^^^^
>  8 |   () =>
     | ^^^^^^^
>  9 |     import("@/components/site/site-canvas-desktop").then(
     | ^^^^^^^^^^^^^^^^^^^^^^^^^^^^^^^^^^^^^^^^^^^^^^^^^^^^^^^^^
> 10 |       (mod) => mod.SiteCanvasDesktop,
     | ^^^^^^^^^^^^^^^^^^^^^^^^^^^^^^^^^^^^^
> 11 |     ),
     | ^^^^^^
> 12 |   {
     | ^^^
> 13 |     ssr: false,
     | ^^^^^^^^^^^^^^^
> 14 |     loading: () => (
     | ^^^^^^^^^^^^^^^^^^^^
> 15 |       <div
     | ^^^^^^^^^^
> 16 |         className="hidden min-h-[560px] rounded-[1.5rem] border border-border bg-backgroun...
     | ^^^^^^^^^^^^^^^^^^^^^^^^^^^^^^^^^^^^^^^^^^^^^^^^^^^^^^^^^^^^^^^^^^^^^^^^^^^^^^^^^^^^^^^^^^^^^
> 17 |         aria-hidden
     | ^^^^^^^^^^^^^^^^^^^
> 18 |       />
     | ^^^^^^^^
> 19 |     ),
     | ^^^^^^
> 20 |   },
     | ^^^^
> 21 | );
     | ^
  22 |
  23 | const accentClasses = {
  24 |   ink: "border-foreground/45 text-foreground",

Ecmascript file had an error

Import trace:
  Server Component:
    ./src/components/site/site-canvas.tsx
    ./src/app/page.tsx @ http://localhost:3000/_next/static/chunks/node_modules_next_dist_0u_w_5s._.js:1945
[ 1918485ms] [ERROR] ./src/components/site/site-icons.tsx:2:1
Export Github doesn't exist in target module
   1 | import type { SVGProps } from "react";
>  2 | import {
     | ^^^^^^^
>  3 |   AppWindow,
     | ^^^^^^^^^^^^
>  4 |   ArrowUpRight,
     | ^^^^^^^^^^^^^^^
>  5 |   BookOpen,
     | ^^^^^^^^^^^
>  6 |   BriefcaseBusiness,
     | ^^^^^^^^^^^^^^^^^^^^
>  7 |   Camera,
     | ^^^^^^^^^
>  8 |   Code2,
     | ^^^^^^^^
>  9 |   Github,
     | ^^^^^^^^^
> 10 |   Home,
     | ^^^^^^^
> 11 |   Linkedin,
     | ^^^^^^^^^^^
> 12 |   Mail,
     | ^^^^^^^
> 13 |   Menu,
     | ^^^^^^^
> 14 |   Palette,
     | ^^^^^^^^^^
> 15 |   Video,
     | ^^^^^^^^
> 16 |   X,
     | ^^^^
> 17 |   type LucideIcon,
     | ^^^^^^^^^^^^^^^^^^
> 18 | } from "lucide-react";
     | ^^^^^^^^^^^^^^^^^^^^^^
  19 |
  20 | import type { IconKey } from "@/lib/site-data";
  21 |

The export Github was not found in module [project]/node_modules/lucide-react/dist/esm/lucide-react.mjs [app-client] (ecmascript).
Did you mean to import Gift?
All exports of the module are statically known (It doesn't have dynamic exports). So it's known statically that the requested export doesn't exist.

Import traces:
  Server Component:
    ./src/components/site/site-icons.tsx
    ./src/app/page.tsx

  Client Component Browser:
    ./src/components/site/site-icons.tsx [Client Component Browser]
    ./src/components/site/mobile-nav.tsx [Client Component Browser]
    ./src/components/site/mobile-nav.tsx [Server Component]
    ./src/app/page.tsx [Server Component]

  Client Component SSR:
    ./src/components/site/site-icons.tsx [Client Component SSR]
    ./src/components/site/mobile-nav.tsx [Client Component SSR]
    ./src/components/site/mobile-nav.tsx [Server Component]
    ./src/app/page.tsx [Server Component] @ http://localhost:3000/_next/static/chunks/node_modules_next_dist_0u_w_5s._.js:1945
[ 1918485ms] [ERROR] ./src/components/site/site-icons.tsx:2:1
Export Github doesn't exist in target module
   1 | import type { SVGProps } from "react";
>  2 | import {
     | ^^^^^^^
>  3 |   AppWindow,
     | ^^^^^^^^^^^^
>  4 |   ArrowUpRight,
     | ^^^^^^^^^^^^^^^
>  5 |   BookOpen,
     | ^^^^^^^^^^^
>  6 |   BriefcaseBusiness,
     | ^^^^^^^^^^^^^^^^^^^^
>  7 |   Camera,
     | ^^^^^^^^^
>  8 |   Code2,
     | ^^^^^^^^
>  9 |   Github,
     | ^^^^^^^^^
> 10 |   Home,
     | ^^^^^^^
> 11 |   Linkedin,
     | ^^^^^^^^^^^
> 12 |   Mail,
     | ^^^^^^^
> 13 |   Menu,
     | ^^^^^^^
> 14 |   Palette,
     | ^^^^^^^^^^
> 15 |   Video,
     | ^^^^^^^^
> 16 |   X,
     | ^^^^
> 17 |   type LucideIcon,
     | ^^^^^^^^^^^^^^^^^^
> 18 | } from "lucide-react";
     | ^^^^^^^^^^^^^^^^^^^^^^
  19 |
  20 | import type { IconKey } from "@/lib/site-data";
  21 |

The export Github was not found in module [project]/node_modules/lucide-react/dist/esm/lucide-react.mjs [app-rsc] (ecmascript).
Did you mean to import Gift?
All exports of the module are statically known (It doesn't have dynamic exports). So it's known statically that the requested export doesn't exist.

Import traces:
  Server Component:
    ./src/components/site/site-icons.tsx
    ./src/app/page.tsx

  Client Component Browser:
    ./src/components/site/site-icons.tsx [Client Component Browser]
    ./src/components/site/mobile-nav.tsx [Client Component Browser]
    ./src/components/site/mobile-nav.tsx [Server Component]
    ./src/app/page.tsx [Server Component]

  Client Component SSR:
    ./src/components/site/site-icons.tsx [Client Component SSR]
    ./src/components/site/mobile-nav.tsx [Client Component SSR]
    ./src/components/site/mobile-nav.tsx [Server Component]
    ./src/app/page.tsx [Server Component] @ http://localhost:3000/_next/static/chunks/node_modules_next_dist_0u_w_5s._.js:1945
[ 1918485ms] [ERROR] ./src/components/site/site-icons.tsx:2:1
Export Github doesn't exist in target module
   1 | import type { SVGProps } from "react";
>  2 | import {
     | ^^^^^^^
>  3 |   AppWindow,
     | ^^^^^^^^^^^^
>  4 |   ArrowUpRight,
     | ^^^^^^^^^^^^^^^
>  5 |   BookOpen,
     | ^^^^^^^^^^^
>  6 |   BriefcaseBusiness,
     | ^^^^^^^^^^^^^^^^^^^^
>  7 |   Camera,
     | ^^^^^^^^^
>  8 |   Code2,
     | ^^^^^^^^
>  9 |   Github,
     | ^^^^^^^^^
> 10 |   Home,
     | ^^^^^^^
> 11 |   Linkedin,
     | ^^^^^^^^^^^
> 12 |   Mail,
     | ^^^^^^^
> 13 |   Menu,
     | ^^^^^^^
> 14 |   Palette,
     | ^^^^^^^^^^
> 15 |   Video,
     | ^^^^^^^^
> 16 |   X,
     | ^^^^
> 17 |   type LucideIcon,
     | ^^^^^^^^^^^^^^^^^^
> 18 | } from "lucide-react";
     | ^^^^^^^^^^^^^^^^^^^^^^
  19 |
  20 | import type { IconKey } from "@/lib/site-data";
  21 |

The export Github was not found in module [project]/node_modules/lucide-react/dist/esm/lucide-react.mjs [app-ssr] (ecmascript).
Did you mean to import Gift?
All exports of the module are statically known (It doesn't have dynamic exports). So it's known statically that the requested export doesn't exist.

Import traces:
  Server Component:
    ./src/components/site/site-icons.tsx
    ./src/app/page.tsx

  Client Component Browser:
    ./src/components/site/site-icons.tsx [Client Component Browser]
    ./src/components/site/mobile-nav.tsx [Client Component Browser]
    ./src/components/site/mobile-nav.tsx [Server Component]
    ./src/app/page.tsx [Server Component]

  Client Component SSR:
    ./src/components/site/site-icons.tsx [Client Component SSR]
    ./src/components/site/mobile-nav.tsx [Client Component SSR]
    ./src/components/site/mobile-nav.tsx [Server Component]
    ./src/app/page.tsx [Server Component] @ http://localhost:3000/_next/static/chunks/node_modules_next_dist_0u_w_5s._.js:1945
[ 1918486ms] [ERROR] ./src/components/site/site-icons.tsx:2:1
Export Linkedin doesn't exist in target module
   1 | import type { SVGProps } from "react";
>  2 | import {
     | ^^^^^^^
>  3 |   AppWindow,
     | ^^^^^^^^^^^^
>  4 |   ArrowUpRight,
     | ^^^^^^^^^^^^^^^
>  5 |   BookOpen,
     | ^^^^^^^^^^^
>  6 |   BriefcaseBusiness,
     | ^^^^^^^^^^^^^^^^^^^^
>  7 |   Camera,
     | ^^^^^^^^^
>  8 |   Code2,
     | ^^^^^^^^
>  9 |   Github,
     | ^^^^^^^^^
> 10 |   Home,
     | ^^^^^^^
> 11 |   Linkedin,
     | ^^^^^^^^^^^
> 12 |   Mail,
     | ^^^^^^^
> 13 |   Menu,
     | ^^^^^^^
> 14 |   Palette,
     | ^^^^^^^^^^
> 15 |   Video,
     | ^^^^^^^^
> 16 |   X,
     | ^^^^
> 17 |   type LucideIcon,
     | ^^^^^^^^^^^^^^^^^^
> 18 | } from "lucide-react";
     | ^^^^^^^^^^^^^^^^^^^^^^
  19 |
  20 | import type { IconKey } from "@/lib/site-data";
  21 |

The export Linkedin was not found in module [project]/node_modules/lucide-react/dist/esm/lucide-react.mjs [app-client] (ecmascript).
Did you mean to import Link?
All exports of the module are statically known (It doesn't have dynamic exports). So it's known statically that the requested export doesn't exist.

Import traces:
  Server Component:
    ./src/components/site/site-icons.tsx
    ./src/app/page.tsx

  Client Component Browser:
    ./src/components/site/site-icons.tsx [Client Component Browser]
    ./src/components/site/mobile-nav.tsx [Client Component Browser]
    ./src/components/site/mobile-nav.tsx [Server Component]
    ./src/app/page.tsx [Server Component]

  Client Component SSR:
    ./src/components/site/site-icons.tsx [Client Component SSR]
    ./src/components/site/mobile-nav.tsx [Client Component SSR]
    ./src/components/site/mobile-nav.tsx [Server Component]
    ./src/app/page.tsx [Server Component] @ http://localhost:3000/_next/static/chunks/node_modules_next_dist_0u_w_5s._.js:1945
[ 1918486ms] [ERROR] ./src/components/site/site-icons.tsx:2:1
Export Linkedin doesn't exist in target module
   1 | import type { SVGProps } from "react";
>  2 | import {
     | ^^^^^^^
>  3 |   AppWindow,
     | ^^^^^^^^^^^^
>  4 |   ArrowUpRight,
     | ^^^^^^^^^^^^^^^
>  5 |   BookOpen,
     | ^^^^^^^^^^^
>  6 |   BriefcaseBusiness,
     | ^^^^^^^^^^^^^^^^^^^^
>  7 |   Camera,
     | ^^^^^^^^^
>  8 |   Code2,
     | ^^^^^^^^
>  9 |   Github,
     | ^^^^^^^^^
> 10 |   Home,
     | ^^^^^^^
> 11 |   Linkedin,
     | ^^^^^^^^^^^
> 12 |   Mail,
     | ^^^^^^^
> 13 |   Menu,
     | ^^^^^^^
> 14 |   Palette,
     | ^^^^^^^^^^
> 15 |   Video,
     | ^^^^^^^^
> 16 |   X,
     | ^^^^
> 17 |   type LucideIcon,
     | ^^^^^^^^^^^^^^^^^^
> 18 | } from "lucide-react";
     | ^^^^^^^^^^^^^^^^^^^^^^
  19 |
  20 | import type { IconKey } from "@/lib/site-data";
  21 |

The export Linkedin was not found in module [project]/node_modules/lucide-react/dist/esm/lucide-react.mjs [app-rsc] (ecmascript).
Did you mean to import Link?
All exports of the module are statically known (It doesn't have dynamic exports). So it's known statically that the requested export doesn't exist.

Import traces:
  Server Component:
    ./src/components/site/site-icons.tsx
    ./src/app/page.tsx

  Client Component Browser:
    ./src/components/site/site-icons.tsx [Client Component Browser]
    ./src/components/site/mobile-nav.tsx [Client Component Browser]
    ./src/components/site/mobile-nav.tsx [Server Component]
    ./src/app/page.tsx [Server Component]

  Client Component SSR:
    ./src/components/site/site-icons.tsx [Client Component SSR]
    ./src/components/site/mobile-nav.tsx [Client Component SSR]
    ./src/components/site/mobile-nav.tsx [Server Component]
    ./src/app/page.tsx [Server Component] @ http://localhost:3000/_next/static/chunks/node_modules_next_dist_0u_w_5s._.js:1945
[ 1918486ms] [ERROR] ./src/components/site/site-icons.tsx:2:1
Export Linkedin doesn't exist in target module
   1 | import type { SVGProps } from "react";
>  2 | import {
     | ^^^^^^^
>  3 |   AppWindow,
     | ^^^^^^^^^^^^
>  4 |   ArrowUpRight,
     | ^^^^^^^^^^^^^^^
>  5 |   BookOpen,
     | ^^^^^^^^^^^
>  6 |   BriefcaseBusiness,
     | ^^^^^^^^^^^^^^^^^^^^
>  7 |   Camera,
     | ^^^^^^^^^
>  8 |   Code2,
     | ^^^^^^^^
>  9 |   Github,
     | ^^^^^^^^^
> 10 |   Home,
     | ^^^^^^^
> 11 |   Linkedin,
     | ^^^^^^^^^^^
> 12 |   Mail,
     | ^^^^^^^
> 13 |   Menu,
     | ^^^^^^^
> 14 |   Palette,
     | ^^^^^^^^^^
> 15 |   Video,
     | ^^^^^^^^
> 16 |   X,
     | ^^^^
> 17 |   type LucideIcon,
     | ^^^^^^^^^^^^^^^^^^
> 18 | } from "lucide-react";
     | ^^^^^^^^^^^^^^^^^^^^^^
  19 |
  20 | import type { IconKey } from "@/lib/site-data";
  21 |

The export Linkedin was not found in module [project]/node_modules/lucide-react/dist/esm/lucide-react.mjs [app-ssr] (ecmascript).
Did you mean to import Link?
All exports of the module are statically known (It doesn't have dynamic exports). So it's known statically that the requested export doesn't exist.

Import traces:
  Server Component:
    ./src/components/site/site-icons.tsx
    ./src/app/page.tsx

  Client Component Browser:
    ./src/components/site/site-icons.tsx [Client Component Browser]
    ./src/components/site/mobile-nav.tsx [Client Component Browser]
    ./src/components/site/mobile-nav.tsx [Server Component]
    ./src/app/page.tsx [Server Component]

  Client Component SSR:
    ./src/components/site/site-icons.tsx [Client Component SSR]
    ./src/components/site/mobile-nav.tsx [Client Component SSR]
    ./src/components/site/mobile-nav.tsx [Server Component]
    ./src/app/page.tsx [Server Component] @ http://localhost:3000/_next/static/chunks/node_modules_next_dist_0u_w_5s._.js:1945
[ 1961810ms] [LOG] [Fast Refresh] rebuilding @ http://localhost:3000/_next/static/chunks/node_modules_next_dist_0u_w_5s._.js:1226
[ 1965108ms] [ERROR] ./src/components/site/site-canvas.tsx:7:27
`ssr: false` is not allowed with `next/dynamic` in Server Components. Please move it into a Client Component.
   5 | import { cn } from "@/lib/utils";
   6 |
>  7 | const SiteCanvasDesktop = dynamic(
     |                           ^^^^^^^
>  8 |   () =>
     | ^^^^^^^
>  9 |     import("@/components/site/site-canvas-desktop").then(
     | ^^^^^^^^^^^^^^^^^^^^^^^^^^^^^^^^^^^^^^^^^^^^^^^^^^^^^^^^^
> 10 |       (mod) => mod.SiteCanvasDesktop,
     | ^^^^^^^^^^^^^^^^^^^^^^^^^^^^^^^^^^^^^
> 11 |     ),
     | ^^^^^^
> 12 |   {
     | ^^^
> 13 |     ssr: false,
     | ^^^^^^^^^^^^^^^
> 14 |     loading: () => (
     | ^^^^^^^^^^^^^^^^^^^^
> 15 |       <div
     | ^^^^^^^^^^
> 16 |         className="hidden min-h-[560px] rounded-[1.5rem] border border-border bg-backgroun...
     | ^^^^^^^^^^^^^^^^^^^^^^^^^^^^^^^^^^^^^^^^^^^^^^^^^^^^^^^^^^^^^^^^^^^^^^^^^^^^^^^^^^^^^^^^^^^^^
> 17 |         aria-hidden
     | ^^^^^^^^^^^^^^^^^^^
> 18 |       />
     | ^^^^^^^^
> 19 |     ),
     | ^^^^^^
> 20 |   },
     | ^^^^
> 21 | );
     | ^
  22 |
  23 | const accentClasses = {
  24 |   ink: "border-foreground/45 text-foreground",

Ecmascript file had an error

Import trace:
  Server Component:
    ./src/components/site/site-canvas.tsx
    ./src/app/page.tsx @ http://localhost:3000/_next/static/chunks/node_modules_next_dist_0u_w_5s._.js:1945
[ 1965224ms] [ERROR] ./src/components/site/site-canvas.tsx:7:27
`ssr: false` is not allowed with `next/dynamic` in Server Components. Please move it into a Client Component.
   5 | import { cn } from "@/lib/utils";
   6 |
>  7 | const SiteCanvasDesktop = dynamic(
     |                           ^^^^^^^
>  8 |   () =>
     | ^^^^^^^
>  9 |     import("@/components/site/site-canvas-desktop").then(
     | ^^^^^^^^^^^^^^^^^^^^^^^^^^^^^^^^^^^^^^^^^^^^^^^^^^^^^^^^^
> 10 |       (mod) => mod.SiteCanvasDesktop,
     | ^^^^^^^^^^^^^^^^^^^^^^^^^^^^^^^^^^^^^
> 11 |     ),
     | ^^^^^^
> 12 |   {
     | ^^^
> 13 |     ssr: false,
     | ^^^^^^^^^^^^^^^
> 14 |     loading: () => (
     | ^^^^^^^^^^^^^^^^^^^^
> 15 |       <div
     | ^^^^^^^^^^
> 16 |         className="hidden min-h-[560px] rounded-[1.5rem] border border-border bg-backgroun...
     | ^^^^^^^^^^^^^^^^^^^^^^^^^^^^^^^^^^^^^^^^^^^^^^^^^^^^^^^^^^^^^^^^^^^^^^^^^^^^^^^^^^^^^^^^^^^^^
> 17 |         aria-hidden
     | ^^^^^^^^^^^^^^^^^^^
> 18 |       />
     | ^^^^^^^^
> 19 |     ),
     | ^^^^^^
> 20 |   },
     | ^^^^
> 21 | );
     | ^
  22 |
  23 | const accentClasses = {
  24 |   ink: "border-foreground/45 text-foreground",

Ecmascript file had an error

Import trace:
  Server Component:
    ./src/components/site/site-canvas.tsx
    ./src/app/page.tsx @ http://localhost:3000/_next/static/chunks/node_modules_next_dist_0u_w_5s._.js:1945
[ 1965260ms] [LOG] [Fast Refresh] rebuilding @ http://localhost:3000/_next/static/chunks/node_modules_next_dist_0u_w_5s._.js:1226
[ 1965326ms] [ERROR] ./src/components/site/site-canvas.tsx:7:27
`ssr: false` is not allowed with `next/dynamic` in Server Components. Please move it into a Client Component.
   5 | import { cn } from "@/lib/utils";
   6 |
>  7 | const SiteCanvasDesktop = dynamic(
     |                           ^^^^^^^
>  8 |   () =>
     | ^^^^^^^
>  9 |     import("@/components/site/site-canvas-desktop").then(
     | ^^^^^^^^^^^^^^^^^^^^^^^^^^^^^^^^^^^^^^^^^^^^^^^^^^^^^^^^^
> 10 |       (mod) => mod.SiteCanvasDesktop,
     | ^^^^^^^^^^^^^^^^^^^^^^^^^^^^^^^^^^^^^
> 11 |     ),
     | ^^^^^^
> 12 |   {
     | ^^^
> 13 |     ssr: false,
     | ^^^^^^^^^^^^^^^
> 14 |     loading: () => (
     | ^^^^^^^^^^^^^^^^^^^^
> 15 |       <div
     | ^^^^^^^^^^
> 16 |         className="hidden min-h-[560px] rounded-[1.5rem] border border-border bg-backgroun...
     | ^^^^^^^^^^^^^^^^^^^^^^^^^^^^^^^^^^^^^^^^^^^^^^^^^^^^^^^^^^^^^^^^^^^^^^^^^^^^^^^^^^^^^^^^^^^^^
> 17 |         aria-hidden
     | ^^^^^^^^^^^^^^^^^^^
> 18 |       />
     | ^^^^^^^^
> 19 |     ),
     | ^^^^^^
> 20 |   },
     | ^^^^
> 21 | );
     | ^
  22 |
  23 | const accentClasses = {
  24 |   ink: "border-foreground/45 text-foreground",

Ecmascript file had an error

Import trace:
  Server Component:
    ./src/components/site/site-canvas.tsx
    ./src/app/page.tsx @ http://localhost:3000/_next/static/chunks/node_modules_next_dist_0u_w_5s._.js:1945
[ 1965428ms] [ERROR] ./src/components/site/site-canvas.tsx:7:27
`ssr: false` is not allowed with `next/dynamic` in Server Components. Please move it into a Client Component.
   5 | import { cn } from "@/lib/utils";
   6 |
>  7 | const SiteCanvasDesktop = dynamic(
     |                           ^^^^^^^
>  8 |   () =>
     | ^^^^^^^
>  9 |     import("@/components/site/site-canvas-desktop").then(
     | ^^^^^^^^^^^^^^^^^^^^^^^^^^^^^^^^^^^^^^^^^^^^^^^^^^^^^^^^^
> 10 |       (mod) => mod.SiteCanvasDesktop,
     | ^^^^^^^^^^^^^^^^^^^^^^^^^^^^^^^^^^^^^
> 11 |     ),
     | ^^^^^^
> 12 |   {
     | ^^^
> 13 |     ssr: false,
     | ^^^^^^^^^^^^^^^
> 14 |     loading: () => (
     | ^^^^^^^^^^^^^^^^^^^^
> 15 |       <div
     | ^^^^^^^^^^
> 16 |         className="hidden min-h-[560px] rounded-[1.5rem] border border-border bg-backgroun...
     | ^^^^^^^^^^^^^^^^^^^^^^^^^^^^^^^^^^^^^^^^^^^^^^^^^^^^^^^^^^^^^^^^^^^^^^^^^^^^^^^^^^^^^^^^^^^^^
> 17 |         aria-hidden
     | ^^^^^^^^^^^^^^^^^^^
> 18 |       />
     | ^^^^^^^^
> 19 |     ),
     | ^^^^^^
> 20 |   },
     | ^^^^
> 21 | );
     | ^
  22 |
  23 | const accentClasses = {
  24 |   ink: "border-foreground/45 text-foreground",

Ecmascript file had an error

Import trace:
  Server Component:
    ./src/components/site/site-canvas.tsx
    ./src/app/page.tsx @ http://localhost:3000/_next/static/chunks/node_modules_next_dist_0u_w_5s._.js:1945
[ 1965429ms] [LOG] [Fast Refresh] rebuilding @ http://localhost:3000/_next/static/chunks/node_modules_next_dist_0u_w_5s._.js:1226
[ 1965529ms] [ERROR] ./src/components/site/site-canvas.tsx:7:27
`ssr: false` is not allowed with `next/dynamic` in Server Components. Please move it into a Client Component.
   5 | import { cn } from "@/lib/utils";
   6 |
>  7 | const SiteCanvasDesktop = dynamic(
     |                           ^^^^^^^
>  8 |   () =>
     | ^^^^^^^
>  9 |     import("@/components/site/site-canvas-desktop").then(
     | ^^^^^^^^^^^^^^^^^^^^^^^^^^^^^^^^^^^^^^^^^^^^^^^^^^^^^^^^^
> 10 |       (mod) => mod.SiteCanvasDesktop,
     | ^^^^^^^^^^^^^^^^^^^^^^^^^^^^^^^^^^^^^
> 11 |     ),
     | ^^^^^^
> 12 |   {
     | ^^^
> 13 |     ssr: false,
     | ^^^^^^^^^^^^^^^
> 14 |     loading: () => (
     | ^^^^^^^^^^^^^^^^^^^^
> 15 |       <div
     | ^^^^^^^^^^
> 16 |         className="hidden min-h-[560px] rounded-[1.5rem] border border-border bg-backgroun...
     | ^^^^^^^^^^^^^^^^^^^^^^^^^^^^^^^^^^^^^^^^^^^^^^^^^^^^^^^^^^^^^^^^^^^^^^^^^^^^^^^^^^^^^^^^^^^^^
> 17 |         aria-hidden
     | ^^^^^^^^^^^^^^^^^^^
> 18 |       />
     | ^^^^^^^^
> 19 |     ),
     | ^^^^^^
> 20 |   },
     | ^^^^
> 21 | );
     | ^
  22 |
  23 | const accentClasses = {
  24 |   ink: "border-foreground/45 text-foreground",

Ecmascript file had an error

Import trace:
  Server Component:
    ./src/components/site/site-canvas.tsx
    ./src/app/page.tsx @ http://localhost:3000/_next/static/chunks/node_modules_next_dist_0u_w_5s._.js:1945
[ 1965581ms] [ERROR] ./src/components/site/site-canvas.tsx:7:27
`ssr: false` is not allowed with `next/dynamic` in Server Components. Please move it into a Client Component.
   5 | import { cn } from "@/lib/utils";
   6 |
>  7 | const SiteCanvasDesktop = dynamic(
     |                           ^^^^^^^
>  8 |   () =>
     | ^^^^^^^
>  9 |     import("@/components/site/site-canvas-desktop").then(
     | ^^^^^^^^^^^^^^^^^^^^^^^^^^^^^^^^^^^^^^^^^^^^^^^^^^^^^^^^^
> 10 |       (mod) => mod.SiteCanvasDesktop,
     | ^^^^^^^^^^^^^^^^^^^^^^^^^^^^^^^^^^^^^
> 11 |     ),
     | ^^^^^^
> 12 |   {
     | ^^^
> 13 |     ssr: false,
     | ^^^^^^^^^^^^^^^
> 14 |     loading: () => (
     | ^^^^^^^^^^^^^^^^^^^^
> 15 |       <div
     | ^^^^^^^^^^
> 16 |         className="hidden min-h-[560px] rounded-[1.5rem] border border-border bg-backgroun...
     | ^^^^^^^^^^^^^^^^^^^^^^^^^^^^^^^^^^^^^^^^^^^^^^^^^^^^^^^^^^^^^^^^^^^^^^^^^^^^^^^^^^^^^^^^^^^^^
> 17 |         aria-hidden
     | ^^^^^^^^^^^^^^^^^^^
> 18 |       />
     | ^^^^^^^^
> 19 |     ),
     | ^^^^^^
> 20 |   },
     | ^^^^
> 21 | );
     | ^
  22 |
  23 | const accentClasses = {
  24 |   ink: "border-foreground/45 text-foreground",

Ecmascript file had an error

Import trace:
  Server Component:
    ./src/components/site/site-canvas.tsx
    ./src/app/page.tsx @ http://localhost:3000/_next/static/chunks/node_modules_next_dist_0u_w_5s._.js:1945
[ 1965644ms] [LOG] [Fast Refresh] rebuilding @ http://localhost:3000/_next/static/chunks/node_modules_next_dist_0u_w_5s._.js:1226
[ 1965686ms] [ERROR] ./src/components/site/site-canvas.tsx:7:27
`ssr: false` is not allowed with `next/dynamic` in Server Components. Please move it into a Client Component.
   5 | import { cn } from "@/lib/utils";
   6 |
>  7 | const SiteCanvasDesktop = dynamic(
     |                           ^^^^^^^
>  8 |   () =>
     | ^^^^^^^
>  9 |     import("@/components/site/site-canvas-desktop").then(
     | ^^^^^^^^^^^^^^^^^^^^^^^^^^^^^^^^^^^^^^^^^^^^^^^^^^^^^^^^^
> 10 |       (mod) => mod.SiteCanvasDesktop,
     | ^^^^^^^^^^^^^^^^^^^^^^^^^^^^^^^^^^^^^
> 11 |     ),
     | ^^^^^^
> 12 |   {
     | ^^^
> 13 |     ssr: false,
     | ^^^^^^^^^^^^^^^
> 14 |     loading: () => (
     | ^^^^^^^^^^^^^^^^^^^^
> 15 |       <div
     | ^^^^^^^^^^
> 16 |         className="hidden min-h-[560px] rounded-[1.5rem] border border-border bg-backgroun...
     | ^^^^^^^^^^^^^^^^^^^^^^^^^^^^^^^^^^^^^^^^^^^^^^^^^^^^^^^^^^^^^^^^^^^^^^^^^^^^^^^^^^^^^^^^^^^^^
> 17 |         aria-hidden
     | ^^^^^^^^^^^^^^^^^^^
> 18 |       />
     | ^^^^^^^^
> 19 |     ),
     | ^^^^^^
> 20 |   },
     | ^^^^
> 21 | );
     | ^
  22 |
  23 | const accentClasses = {
  24 |   ink: "border-foreground/45 text-foreground",

Ecmascript file had an error

Import trace:
  Server Component:
    ./src/components/site/site-canvas.tsx
    ./src/app/page.tsx @ http://localhost:3000/_next/static/chunks/node_modules_next_dist_0u_w_5s._.js:1945
[ 1965747ms] [LOG] [Fast Refresh] rebuilding @ http://localhost:3000/_next/static/chunks/node_modules_next_dist_0u_w_5s._.js:1226
[ 1965813ms] [ERROR] ./src/components/site/site-canvas.tsx:7:27
`ssr: false` is not allowed with `next/dynamic` in Server Components. Please move it into a Client Component.
   5 | import { cn } from "@/lib/utils";
   6 |
>  7 | const SiteCanvasDesktop = dynamic(
     |                           ^^^^^^^
>  8 |   () =>
     | ^^^^^^^
>  9 |     import("@/components/site/site-canvas-desktop").then(
     | ^^^^^^^^^^^^^^^^^^^^^^^^^^^^^^^^^^^^^^^^^^^^^^^^^^^^^^^^^
> 10 |       (mod) => mod.SiteCanvasDesktop,
     | ^^^^^^^^^^^^^^^^^^^^^^^^^^^^^^^^^^^^^
> 11 |     ),
     | ^^^^^^
> 12 |   {
     | ^^^
> 13 |     ssr: false,
     | ^^^^^^^^^^^^^^^
> 14 |     loading: () => (
     | ^^^^^^^^^^^^^^^^^^^^
> 15 |       <div
     | ^^^^^^^^^^
> 16 |         className="hidden min-h-[560px] rounded-[1.5rem] border border-border bg-backgroun...
     | ^^^^^^^^^^^^^^^^^^^^^^^^^^^^^^^^^^^^^^^^^^^^^^^^^^^^^^^^^^^^^^^^^^^^^^^^^^^^^^^^^^^^^^^^^^^^^
> 17 |         aria-hidden
     | ^^^^^^^^^^^^^^^^^^^
> 18 |       />
     | ^^^^^^^^
> 19 |     ),
     | ^^^^^^
> 20 |   },
     | ^^^^
> 21 | );
     | ^
  22 |
  23 | const accentClasses = {
  24 |   ink: "border-foreground/45 text-foreground",

Ecmascript file had an error

Import trace:
  Server Component:
    ./src/components/site/site-canvas.tsx
    ./src/app/page.tsx @ http://localhost:3000/_next/static/chunks/node_modules_next_dist_0u_w_5s._.js:1945
[ 1965875ms] [LOG] [Fast Refresh] rebuilding @ http://localhost:3000/_next/static/chunks/node_modules_next_dist_0u_w_5s._.js:1226
[ 1965932ms] [ERROR] ./src/components/site/site-canvas.tsx:7:27
`ssr: false` is not allowed with `next/dynamic` in Server Components. Please move it into a Client Component.
   5 | import { cn } from "@/lib/utils";
   6 |
>  7 | const SiteCanvasDesktop = dynamic(
     |                           ^^^^^^^
>  8 |   () =>
     | ^^^^^^^
>  9 |     import("@/components/site/site-canvas-desktop").then(
     | ^^^^^^^^^^^^^^^^^^^^^^^^^^^^^^^^^^^^^^^^^^^^^^^^^^^^^^^^^
> 10 |       (mod) => mod.SiteCanvasDesktop,
     | ^^^^^^^^^^^^^^^^^^^^^^^^^^^^^^^^^^^^^
> 11 |     ),
     | ^^^^^^
> 12 |   {
     | ^^^
> 13 |     ssr: false,
     | ^^^^^^^^^^^^^^^
> 14 |     loading: () => (
     | ^^^^^^^^^^^^^^^^^^^^
> 15 |       <div
     | ^^^^^^^^^^
> 16 |         className="hidden min-h-[560px] rounded-[1.5rem] border border-border bg-backgroun...
     | ^^^^^^^^^^^^^^^^^^^^^^^^^^^^^^^^^^^^^^^^^^^^^^^^^^^^^^^^^^^^^^^^^^^^^^^^^^^^^^^^^^^^^^^^^^^^^
> 17 |         aria-hidden
     | ^^^^^^^^^^^^^^^^^^^
> 18 |       />
     | ^^^^^^^^
> 19 |     ),
     | ^^^^^^
> 20 |   },
     | ^^^^
> 21 | );
     | ^
  22 |
  23 | const accentClasses = {
  24 |   ink: "border-foreground/45 text-foreground",

Ecmascript file had an error

Import trace:
  Server Component:
    ./src/components/site/site-canvas.tsx
    ./src/app/page.tsx @ http://localhost:3000/_next/static/chunks/node_modules_next_dist_0u_w_5s._.js:1945
[ 1965978ms] [LOG] [Fast Refresh] rebuilding @ http://localhost:3000/_next/static/chunks/node_modules_next_dist_0u_w_5s._.js:1226
[ 1966050ms] [ERROR] ./src/components/site/site-canvas.tsx:7:27
`ssr: false` is not allowed with `next/dynamic` in Server Components. Please move it into a Client Component.
   5 | import { cn } from "@/lib/utils";
   6 |
>  7 | const SiteCanvasDesktop = dynamic(
     |                           ^^^^^^^
>  8 |   () =>
     | ^^^^^^^
>  9 |     import("@/components/site/site-canvas-desktop").then(
     | ^^^^^^^^^^^^^^^^^^^^^^^^^^^^^^^^^^^^^^^^^^^^^^^^^^^^^^^^^
> 10 |       (mod) => mod.SiteCanvasDesktop,
     | ^^^^^^^^^^^^^^^^^^^^^^^^^^^^^^^^^^^^^
> 11 |     ),
     | ^^^^^^
> 12 |   {
     | ^^^
> 13 |     ssr: false,
     | ^^^^^^^^^^^^^^^
> 14 |     loading: () => (
     | ^^^^^^^^^^^^^^^^^^^^
> 15 |       <div
     | ^^^^^^^^^^
> 16 |         className="hidden min-h-[560px] rounded-[1.5rem] border border-border bg-backgroun...
     | ^^^^^^^^^^^^^^^^^^^^^^^^^^^^^^^^^^^^^^^^^^^^^^^^^^^^^^^^^^^^^^^^^^^^^^^^^^^^^^^^^^^^^^^^^^^^^
> 17 |         aria-hidden
     | ^^^^^^^^^^^^^^^^^^^
> 18 |       />
     | ^^^^^^^^
> 19 |     ),
     | ^^^^^^
> 20 |   },
     | ^^^^
> 21 | );
     | ^
  22 |
  23 | const accentClasses = {
  24 |   ink: "border-foreground/45 text-foreground",

Ecmascript file had an error

Import trace:
  Server Component:
    ./src/components/site/site-canvas.tsx
    ./src/app/page.tsx @ http://localhost:3000/_next/static/chunks/node_modules_next_dist_0u_w_5s._.js:1945
[ 1966151ms] [ERROR] ./src/components/site/site-canvas.tsx:7:27
`ssr: false` is not allowed with `next/dynamic` in Server Components. Please move it into a Client Component.
   5 | import { cn } from "@/lib/utils";
   6 |
>  7 | const SiteCanvasDesktop = dynamic(
     |                           ^^^^^^^
>  8 |   () =>
     | ^^^^^^^
>  9 |     import("@/components/site/site-canvas-desktop").then(
     | ^^^^^^^^^^^^^^^^^^^^^^^^^^^^^^^^^^^^^^^^^^^^^^^^^^^^^^^^^
> 10 |       (mod) => mod.SiteCanvasDesktop,
     | ^^^^^^^^^^^^^^^^^^^^^^^^^^^^^^^^^^^^^
> 11 |     ),
     | ^^^^^^
> 12 |   {
     | ^^^
> 13 |     ssr: false,
     | ^^^^^^^^^^^^^^^
> 14 |     loading: () => (
     | ^^^^^^^^^^^^^^^^^^^^
> 15 |       <div
     | ^^^^^^^^^^
> 16 |         className="hidden min-h-[560px] rounded-[1.5rem] border border-border bg-backgroun...
     | ^^^^^^^^^^^^^^^^^^^^^^^^^^^^^^^^^^^^^^^^^^^^^^^^^^^^^^^^^^^^^^^^^^^^^^^^^^^^^^^^^^^^^^^^^^^^^
> 17 |         aria-hidden
     | ^^^^^^^^^^^^^^^^^^^
> 18 |       />
     | ^^^^^^^^
> 19 |     ),
     | ^^^^^^
> 20 |   },
     | ^^^^
> 21 | );
     | ^
  22 |
  23 | const accentClasses = {
  24 |   ink: "border-foreground/45 text-foreground",

Ecmascript file had an error

Import trace:
  Server Component:
    ./src/components/site/site-canvas.tsx
    ./src/app/page.tsx @ http://localhost:3000/_next/static/chunks/node_modules_next_dist_0u_w_5s._.js:1945
[ 1966216ms] [LOG] [Fast Refresh] rebuilding @ http://localhost:3000/_next/static/chunks/node_modules_next_dist_0u_w_5s._.js:1226
[ 1966292ms] [ERROR] ./src/components/site/site-canvas.tsx:7:27
`ssr: false` is not allowed with `next/dynamic` in Server Components. Please move it into a Client Component.
   5 | import { cn } from "@/lib/utils";
   6 |
>  7 | const SiteCanvasDesktop = dynamic(
     |                           ^^^^^^^
>  8 |   () =>
     | ^^^^^^^
>  9 |     import("@/components/site/site-canvas-desktop").then(
     | ^^^^^^^^^^^^^^^^^^^^^^^^^^^^^^^^^^^^^^^^^^^^^^^^^^^^^^^^^
> 10 |       (mod) => mod.SiteCanvasDesktop,
     | ^^^^^^^^^^^^^^^^^^^^^^^^^^^^^^^^^^^^^
> 11 |     ),
     | ^^^^^^
> 12 |   {
     | ^^^
> 13 |     ssr: false,
     | ^^^^^^^^^^^^^^^
> 14 |     loading: () => (
     | ^^^^^^^^^^^^^^^^^^^^
> 15 |       <div
     | ^^^^^^^^^^
> 16 |         className="hidden min-h-[560px] rounded-[1.5rem] border border-border bg-backgroun...
     | ^^^^^^^^^^^^^^^^^^^^^^^^^^^^^^^^^^^^^^^^^^^^^^^^^^^^^^^^^^^^^^^^^^^^^^^^^^^^^^^^^^^^^^^^^^^^^
> 17 |         aria-hidden
     | ^^^^^^^^^^^^^^^^^^^
> 18 |       />
     | ^^^^^^^^
> 19 |     ),
     | ^^^^^^
> 20 |   },
     | ^^^^
> 21 | );
     | ^
  22 |
  23 | const accentClasses = {
  24 |   ink: "border-foreground/45 text-foreground",

Ecmascript file had an error

Import trace:
  Server Component:
    ./src/components/site/site-canvas.tsx
    ./src/app/page.tsx @ http://localhost:3000/_next/static/chunks/node_modules_next_dist_0u_w_5s._.js:1945
[ 1966335ms] [LOG] [Fast Refresh] rebuilding @ http://localhost:3000/_next/static/chunks/node_modules_next_dist_0u_w_5s._.js:1226
[ 1966407ms] [ERROR] ./src/components/site/site-canvas.tsx:7:27
`ssr: false` is not allowed with `next/dynamic` in Server Components. Please move it into a Client Component.
   5 | import { cn } from "@/lib/utils";
   6 |
>  7 | const SiteCanvasDesktop = dynamic(
     |                           ^^^^^^^
>  8 |   () =>
     | ^^^^^^^
>  9 |     import("@/components/site/site-canvas-desktop").then(
     | ^^^^^^^^^^^^^^^^^^^^^^^^^^^^^^^^^^^^^^^^^^^^^^^^^^^^^^^^^
> 10 |       (mod) => mod.SiteCanvasDesktop,
     | ^^^^^^^^^^^^^^^^^^^^^^^^^^^^^^^^^^^^^
> 11 |     ),
     | ^^^^^^
> 12 |   {
     | ^^^
> 13 |     ssr: false,
     | ^^^^^^^^^^^^^^^
> 14 |     loading: () => (
     | ^^^^^^^^^^^^^^^^^^^^
> 15 |       <div
     | ^^^^^^^^^^
> 16 |         className="hidden min-h-[560px] rounded-[1.5rem] border border-border bg-backgroun...
     | ^^^^^^^^^^^^^^^^^^^^^^^^^^^^^^^^^^^^^^^^^^^^^^^^^^^^^^^^^^^^^^^^^^^^^^^^^^^^^^^^^^^^^^^^^^^^^
> 17 |         aria-hidden
     | ^^^^^^^^^^^^^^^^^^^
> 18 |       />
     | ^^^^^^^^
> 19 |     ),
     | ^^^^^^
> 20 |   },
     | ^^^^
> 21 | );
     | ^
  22 |
  23 | const accentClasses = {
  24 |   ink: "border-foreground/45 text-foreground",

Ecmascript file had an error

Import trace:
  Server Component:
    ./src/components/site/site-canvas.tsx
    ./src/app/page.tsx @ http://localhost:3000/_next/static/chunks/node_modules_next_dist_0u_w_5s._.js:1945
[ 1966468ms] [LOG] [Fast Refresh] rebuilding @ http://localhost:3000/_next/static/chunks/node_modules_next_dist_0u_w_5s._.js:1226
[ 1966550ms] [ERROR] ./src/components/site/site-canvas.tsx:7:27
`ssr: false` is not allowed with `next/dynamic` in Server Components. Please move it into a Client Component.
   5 | import { cn } from "@/lib/utils";
   6 |
>  7 | const SiteCanvasDesktop = dynamic(
     |                           ^^^^^^^
>  8 |   () =>
     | ^^^^^^^
>  9 |     import("@/components/site/site-canvas-desktop").then(
     | ^^^^^^^^^^^^^^^^^^^^^^^^^^^^^^^^^^^^^^^^^^^^^^^^^^^^^^^^^
> 10 |       (mod) => mod.SiteCanvasDesktop,
     | ^^^^^^^^^^^^^^^^^^^^^^^^^^^^^^^^^^^^^
> 11 |     ),
     | ^^^^^^
> 12 |   {
     | ^^^
> 13 |     ssr: false,
     | ^^^^^^^^^^^^^^^
> 14 |     loading: () => (
     | ^^^^^^^^^^^^^^^^^^^^
> 15 |       <div
     | ^^^^^^^^^^
> 16 |         className="hidden min-h-[560px] rounded-[1.5rem] border border-border bg-backgroun...
     | ^^^^^^^^^^^^^^^^^^^^^^^^^^^^^^^^^^^^^^^^^^^^^^^^^^^^^^^^^^^^^^^^^^^^^^^^^^^^^^^^^^^^^^^^^^^^^
> 17 |         aria-hidden
     | ^^^^^^^^^^^^^^^^^^^
> 18 |       />
     | ^^^^^^^^
> 19 |     ),
     | ^^^^^^
> 20 |   },
     | ^^^^
> 21 | );
     | ^
  22 |
  23 | const accentClasses = {
  24 |   ink: "border-foreground/45 text-foreground",

Ecmascript file had an error

Import trace:
  Server Component:
    ./src/components/site/site-canvas.tsx
    ./src/app/page.tsx @ http://localhost:3000/_next/static/chunks/node_modules_next_dist_0u_w_5s._.js:1945
[ 1966613ms] [LOG] [Fast Refresh] rebuilding @ http://localhost:3000/_next/static/chunks/node_modules_next_dist_0u_w_5s._.js:1226
[ 1966779ms] [LOG] [Fast Refresh] rebuilding @ http://localhost:3000/_next/static/chunks/node_modules_next_dist_0u_w_5s._.js:1226
[ 1966809ms] [ERROR] ./src/components/site/site-canvas.tsx:7:27
`ssr: false` is not allowed with `next/dynamic` in Server Components. Please move it into a Client Component.
   5 | import { cn } from "@/lib/utils";
   6 |
>  7 | const SiteCanvasDesktop = dynamic(
     |                           ^^^^^^^
>  8 |   () =>
     | ^^^^^^^
>  9 |     import("@/components/site/site-canvas-desktop").then(
     | ^^^^^^^^^^^^^^^^^^^^^^^^^^^^^^^^^^^^^^^^^^^^^^^^^^^^^^^^^
> 10 |       (mod) => mod.SiteCanvasDesktop,
     | ^^^^^^^^^^^^^^^^^^^^^^^^^^^^^^^^^^^^^
> 11 |     ),
     | ^^^^^^
> 12 |   {
     | ^^^
> 13 |     ssr: false,
     | ^^^^^^^^^^^^^^^
> 14 |     loading: () => (
     | ^^^^^^^^^^^^^^^^^^^^
> 15 |       <div
     | ^^^^^^^^^^
> 16 |         className="hidden min-h-[560px] rounded-[1.5rem] border border-border bg-backgroun...
     | ^^^^^^^^^^^^^^^^^^^^^^^^^^^^^^^^^^^^^^^^^^^^^^^^^^^^^^^^^^^^^^^^^^^^^^^^^^^^^^^^^^^^^^^^^^^^^
> 17 |         aria-hidden
     | ^^^^^^^^^^^^^^^^^^^
> 18 |       />
     | ^^^^^^^^
> 19 |     ),
     | ^^^^^^
> 20 |   },
     | ^^^^
> 21 | );
     | ^
  22 |
  23 | const accentClasses = {
  24 |   ink: "border-foreground/45 text-foreground",

Ecmascript file had an error

Import trace:
  Server Component:
    ./src/components/site/site-canvas.tsx
    ./src/app/page.tsx @ http://localhost:3000/_next/static/chunks/node_modules_next_dist_0u_w_5s._.js:1945
[ 1966991ms] [ERROR] ./src/components/site/site-canvas.tsx:7:27
`ssr: false` is not allowed with `next/dynamic` in Server Components. Please move it into a Client Component.
   5 | import { cn } from "@/lib/utils";
   6 |
>  7 | const SiteCanvasDesktop = dynamic(
     |                           ^^^^^^^
>  8 |   () =>
     | ^^^^^^^
>  9 |     import("@/components/site/site-canvas-desktop").then(
     | ^^^^^^^^^^^^^^^^^^^^^^^^^^^^^^^^^^^^^^^^^^^^^^^^^^^^^^^^^
> 10 |       (mod) => mod.SiteCanvasDesktop,
     | ^^^^^^^^^^^^^^^^^^^^^^^^^^^^^^^^^^^^^
> 11 |     ),
     | ^^^^^^
> 12 |   {
     | ^^^
> 13 |     ssr: false,
     | ^^^^^^^^^^^^^^^
> 14 |     loading: () => (
     | ^^^^^^^^^^^^^^^^^^^^
> 15 |       <div
     | ^^^^^^^^^^
> 16 |         className="hidden min-h-[560px] rounded-[1.5rem] border border-border bg-backgroun...
     | ^^^^^^^^^^^^^^^^^^^^^^^^^^^^^^^^^^^^^^^^^^^^^^^^^^^^^^^^^^^^^^^^^^^^^^^^^^^^^^^^^^^^^^^^^^^^^
> 17 |         aria-hidden
     | ^^^^^^^^^^^^^^^^^^^
> 18 |       />
     | ^^^^^^^^
> 19 |     ),
     | ^^^^^^
> 20 |   },
     | ^^^^
> 21 | );
     | ^
  22 |
  23 | const accentClasses = {
  24 |   ink: "border-foreground/45 text-foreground",

Ecmascript file had an error

Import trace:
  Server Component:
    ./src/components/site/site-canvas.tsx
    ./src/app/page.tsx @ http://localhost:3000/_next/static/chunks/node_modules_next_dist_0u_w_5s._.js:1945
[ 1967042ms] [ERROR] ./src/components/site/site-canvas.tsx:7:27
`ssr: false` is not allowed with `next/dynamic` in Server Components. Please move it into a Client Component.
   5 | import { cn } from "@/lib/utils";
   6 |
>  7 | const SiteCanvasDesktop = dynamic(
     |                           ^^^^^^^
>  8 |   () =>
     | ^^^^^^^
>  9 |     import("@/components/site/site-canvas-desktop").then(
     | ^^^^^^^^^^^^^^^^^^^^^^^^^^^^^^^^^^^^^^^^^^^^^^^^^^^^^^^^^
> 10 |       (mod) => mod.SiteCanvasDesktop,
     | ^^^^^^^^^^^^^^^^^^^^^^^^^^^^^^^^^^^^^
> 11 |     ),
     | ^^^^^^
> 12 |   {
     | ^^^
> 13 |     ssr: false,
     | ^^^^^^^^^^^^^^^
> 14 |     loading: () => (
     | ^^^^^^^^^^^^^^^^^^^^
> 15 |       <div
     | ^^^^^^^^^^
> 16 |         className="hidden min-h-[560px] rounded-[1.5rem] border border-border bg-backgroun...
     | ^^^^^^^^^^^^^^^^^^^^^^^^^^^^^^^^^^^^^^^^^^^^^^^^^^^^^^^^^^^^^^^^^^^^^^^^^^^^^^^^^^^^^^^^^^^^^
> 17 |         aria-hidden
     | ^^^^^^^^^^^^^^^^^^^
> 18 |       />
     | ^^^^^^^^
> 19 |     ),
     | ^^^^^^
> 20 |   },
     | ^^^^
> 21 | );
     | ^
  22 |
  23 | const accentClasses = {
  24 |   ink: "border-foreground/45 text-foreground",

Ecmascript file had an error

Import trace:
  Server Component:
    ./src/components/site/site-canvas.tsx
    ./src/app/page.tsx @ http://localhost:3000/_next/static/chunks/node_modules_next_dist_0u_w_5s._.js:1945
[ 1967107ms] [ERROR] ./src/components/site/site-canvas.tsx:7:27
`ssr: false` is not allowed with `next/dynamic` in Server Components. Please move it into a Client Component.
   5 | import { cn } from "@/lib/utils";
   6 |
>  7 | const SiteCanvasDesktop = dynamic(
     |                           ^^^^^^^
>  8 |   () =>
     | ^^^^^^^
>  9 |     import("@/components/site/site-canvas-desktop").then(
     | ^^^^^^^^^^^^^^^^^^^^^^^^^^^^^^^^^^^^^^^^^^^^^^^^^^^^^^^^^
> 10 |       (mod) => mod.SiteCanvasDesktop,
     | ^^^^^^^^^^^^^^^^^^^^^^^^^^^^^^^^^^^^^
> 11 |     ),
     | ^^^^^^
> 12 |   {
     | ^^^
> 13 |     ssr: false,
     | ^^^^^^^^^^^^^^^
> 14 |     loading: () => (
     | ^^^^^^^^^^^^^^^^^^^^
> 15 |       <div
     | ^^^^^^^^^^
> 16 |         className="hidden min-h-[560px] rounded-[1.5rem] border border-border bg-backgroun...
     | ^^^^^^^^^^^^^^^^^^^^^^^^^^^^^^^^^^^^^^^^^^^^^^^^^^^^^^^^^^^^^^^^^^^^^^^^^^^^^^^^^^^^^^^^^^^^^
> 17 |         aria-hidden
     | ^^^^^^^^^^^^^^^^^^^
> 18 |       />
     | ^^^^^^^^
> 19 |     ),
     | ^^^^^^
> 20 |   },
     | ^^^^
> 21 | );
     | ^
  22 |
  23 | const accentClasses = {
  24 |   ink: "border-foreground/45 text-foreground",

Ecmascript file had an error

Import trace:
  Server Component:
    ./src/components/site/site-canvas.tsx
    ./src/app/page.tsx @ http://localhost:3000/_next/static/chunks/node_modules_next_dist_0u_w_5s._.js:1945
[ 1967159ms] [LOG] [Fast Refresh] rebuilding @ http://localhost:3000/_next/static/chunks/node_modules_next_dist_0u_w_5s._.js:1226
[ 1967311ms] [LOG] [Fast Refresh] rebuilding @ http://localhost:3000/_next/static/chunks/node_modules_next_dist_0u_w_5s._.js:1226
[ 1967329ms] [ERROR] ./src/components/site/site-canvas.tsx:7:27
`ssr: false` is not allowed with `next/dynamic` in Server Components. Please move it into a Client Component.
   5 | import { cn } from "@/lib/utils";
   6 |
>  7 | const SiteCanvasDesktop = dynamic(
     |                           ^^^^^^^
>  8 |   () =>
     | ^^^^^^^
>  9 |     import("@/components/site/site-canvas-desktop").then(
     | ^^^^^^^^^^^^^^^^^^^^^^^^^^^^^^^^^^^^^^^^^^^^^^^^^^^^^^^^^
> 10 |       (mod) => mod.SiteCanvasDesktop,
     | ^^^^^^^^^^^^^^^^^^^^^^^^^^^^^^^^^^^^^
> 11 |     ),
     | ^^^^^^
> 12 |   {
     | ^^^
> 13 |     ssr: false,
     | ^^^^^^^^^^^^^^^
> 14 |     loading: () => (
     | ^^^^^^^^^^^^^^^^^^^^
> 15 |       <div
     | ^^^^^^^^^^
> 16 |         className="hidden min-h-[560px] rounded-[1.5rem] border border-border bg-backgroun...
     | ^^^^^^^^^^^^^^^^^^^^^^^^^^^^^^^^^^^^^^^^^^^^^^^^^^^^^^^^^^^^^^^^^^^^^^^^^^^^^^^^^^^^^^^^^^^^^
> 17 |         aria-hidden
     | ^^^^^^^^^^^^^^^^^^^
> 18 |       />
     | ^^^^^^^^
> 19 |     ),
     | ^^^^^^
> 20 |   },
     | ^^^^
> 21 | );
     | ^
  22 |
  23 | const accentClasses = {
  24 |   ink: "border-foreground/45 text-foreground",

Ecmascript file had an error

Import trace:
  Server Component:
    ./src/components/site/site-canvas.tsx
    ./src/app/page.tsx @ http://localhost:3000/_next/static/chunks/node_modules_next_dist_0u_w_5s._.js:1945
[ 1967515ms] [ERROR] ./src/components/site/site-canvas.tsx:7:27
`ssr: false` is not allowed with `next/dynamic` in Server Components. Please move it into a Client Component.
   5 | import { cn } from "@/lib/utils";
   6 |
>  7 | const SiteCanvasDesktop = dynamic(
     |                           ^^^^^^^
>  8 |   () =>
     | ^^^^^^^
>  9 |     import("@/components/site/site-canvas-desktop").then(
     | ^^^^^^^^^^^^^^^^^^^^^^^^^^^^^^^^^^^^^^^^^^^^^^^^^^^^^^^^^
> 10 |       (mod) => mod.SiteCanvasDesktop,
     | ^^^^^^^^^^^^^^^^^^^^^^^^^^^^^^^^^^^^^
> 11 |     ),
     | ^^^^^^
> 12 |   {
     | ^^^
> 13 |     ssr: false,
     | ^^^^^^^^^^^^^^^
> 14 |     loading: () => (
     | ^^^^^^^^^^^^^^^^^^^^
> 15 |       <div
     | ^^^^^^^^^^
> 16 |         className="hidden min-h-[560px] rounded-[1.5rem] border border-border bg-backgroun...
     | ^^^^^^^^^^^^^^^^^^^^^^^^^^^^^^^^^^^^^^^^^^^^^^^^^^^^^^^^^^^^^^^^^^^^^^^^^^^^^^^^^^^^^^^^^^^^^
> 17 |         aria-hidden
     | ^^^^^^^^^^^^^^^^^^^
> 18 |       />
     | ^^^^^^^^
> 19 |     ),
     | ^^^^^^
> 20 |   },
     | ^^^^
> 21 | );
     | ^
  22 |
  23 | const accentClasses = {
  24 |   ink: "border-foreground/45 text-foreground",

Ecmascript file had an error

Import trace:
  Server Component:
    ./src/components/site/site-canvas.tsx
    ./src/app/page.tsx @ http://localhost:3000/_next/static/chunks/node_modules_next_dist_0u_w_5s._.js:1945
[ 1967568ms] [ERROR] ./src/components/site/site-canvas.tsx:7:27
`ssr: false` is not allowed with `next/dynamic` in Server Components. Please move it into a Client Component.
   5 | import { cn } from "@/lib/utils";
   6 |
>  7 | const SiteCanvasDesktop = dynamic(
     |                           ^^^^^^^
>  8 |   () =>
     | ^^^^^^^
>  9 |     import("@/components/site/site-canvas-desktop").then(
     | ^^^^^^^^^^^^^^^^^^^^^^^^^^^^^^^^^^^^^^^^^^^^^^^^^^^^^^^^^
> 10 |       (mod) => mod.SiteCanvasDesktop,
     | ^^^^^^^^^^^^^^^^^^^^^^^^^^^^^^^^^^^^^
> 11 |     ),
     | ^^^^^^
> 12 |   {
     | ^^^
> 13 |     ssr: false,
     | ^^^^^^^^^^^^^^^
> 14 |     loading: () => (
     | ^^^^^^^^^^^^^^^^^^^^
> 15 |       <div
     | ^^^^^^^^^^
> 16 |         className="hidden min-h-[560px] rounded-[1.5rem] border border-border bg-backgroun...
     | ^^^^^^^^^^^^^^^^^^^^^^^^^^^^^^^^^^^^^^^^^^^^^^^^^^^^^^^^^^^^^^^^^^^^^^^^^^^^^^^^^^^^^^^^^^^^^
> 17 |         aria-hidden
     | ^^^^^^^^^^^^^^^^^^^
> 18 |       />
     | ^^^^^^^^
> 19 |     ),
     | ^^^^^^
> 20 |   },
     | ^^^^
> 21 | );
     | ^
  22 |
  23 | const accentClasses = {
  24 |   ink: "border-foreground/45 text-foreground",

Ecmascript file had an error

Import trace:
  Server Component:
    ./src/components/site/site-canvas.tsx
    ./src/app/page.tsx @ http://localhost:3000/_next/static/chunks/node_modules_next_dist_0u_w_5s._.js:1945
[ 1967595ms] [ERROR] Failed to load resource: the server responded with a status of 500 (Internal Server Error) @ http://localhost:3000/:0
[ 1967662ms] [INFO] %cDownload the React DevTools for a better development experience: https://react.dev/link/react-devtools font-weight:bold @ http://localhost:3000/_next/static/chunks/node_modules_react-dom_0bruynb._.js:15305
[ 1967696ms] Error: ./src/components/site/site-canvas.tsx:7:27
`ssr: false` is not allowed with `next/dynamic` in Server Components. Please move it into a Client Component.
   5 | import { cn } from "@/lib/utils";
   6 |
>  7 | const SiteCanvasDesktop = dynamic(
     |                           ^^^^^^^
>  8 |   () =>
     | ^^^^^^^
>  9 |     import("@/components/site/site-canvas-desktop").then(
     | ^^^^^^^^^^^^^^^^^^^^^^^^^^^^^^^^^^^^^^^^^^^^^^^^^^^^^^^^^
> 10 |       (mod) => mod.SiteCanvasDesktop,
     | ^^^^^^^^^^^^^^^^^^^^^^^^^^^^^^^^^^^^^
> 11 |     ),
     | ^^^^^^
> 12 |   {
     | ^^^
> 13 |     ssr: false,
     | ^^^^^^^^^^^^^^^
> 14 |     loading: () => (
     | ^^^^^^^^^^^^^^^^^^^^
> 15 |       <div
     | ^^^^^^^^^^
> 16 |         className="hidden min-h-[560px] rounded-[1.5rem] border border-border bg-backgroun...
     | ^^^^^^^^^^^^^^^^^^^^^^^^^^^^^^^^^^^^^^^^^^^^^^^^^^^^^^^^^^^^^^^^^^^^^^^^^^^^^^^^^^^^^^^^^^^^^
> 17 |         aria-hidden
     | ^^^^^^^^^^^^^^^^^^^
> 18 |       />
     | ^^^^^^^^
> 19 |     ),
     | ^^^^^^
> 20 |   },
     | ^^^^
> 21 | );
     | ^
  22 |
  23 | const accentClasses = {
  24 |   ink: "border-foreground/45 text-foreground",

Ecmascript file had an error

Import trace:
  Server Component:
    ./src/components/site/site-canvas.tsx
    ./src/app/page.tsx


    at <unknown> (Error: ./src/components/site/site-canvas.tsx:7:27)
    at Object.getCompilationErrors (file:///Users/josephsimo/Downloads/joesimo/node_modules/next/dist/server/dev/hot-reloader-turbopack.js:1186:59)
    at DevBundlerService.getCompilationError (file:///Users/josephsimo/Downloads/joesimo/node_modules/next/dist/server/lib/dev-bundler-service.js:44:55)
    at DevServer.getCompilationError (file:///Users/josephsimo/Downloads/joesimo/node_modules/next/dist/server/dev/next-dev-server.js:720:42)
    at DevServer.findPageComponents (file:///Users/josephsimo/Downloads/joesimo/node_modules/next/dist/server/dev/next-dev-server.js:690:43)
    at async DevServer.renderErrorToResponseImpl (file:///Users/josephsimo/Downloads/joesimo/node_modules/next/dist/server/base-server.js:1753:26)
[ 1967693ms] [LOG] [HMR] connected @ http://localhost:3000/_next/static/chunks/node_modules_next_dist_0u_w_5s._.js:1226
[ 1967725ms] [ERROR] ./src/components/site/site-canvas.tsx:7:27
`ssr: false` is not allowed with `next/dynamic` in Server Components. Please move it into a Client Component.
   5 | import { cn } from "@/lib/utils";
   6 |
>  7 | const SiteCanvasDesktop = dynamic(
     |                           ^^^^^^^
>  8 |   () =>
     | ^^^^^^^
>  9 |     import("@/components/site/site-canvas-desktop").then(
     | ^^^^^^^^^^^^^^^^^^^^^^^^^^^^^^^^^^^^^^^^^^^^^^^^^^^^^^^^^
> 10 |       (mod) => mod.SiteCanvasDesktop,
     | ^^^^^^^^^^^^^^^^^^^^^^^^^^^^^^^^^^^^^
> 11 |     ),
     | ^^^^^^
> 12 |   {
     | ^^^
> 13 |     ssr: false,
     | ^^^^^^^^^^^^^^^
> 14 |     loading: () => (
     | ^^^^^^^^^^^^^^^^^^^^
> 15 |       <div
     | ^^^^^^^^^^
> 16 |         className="hidden min-h-[560px] rounded-[1.5rem] border border-border bg-backgroun...
     | ^^^^^^^^^^^^^^^^^^^^^^^^^^^^^^^^^^^^^^^^^^^^^^^^^^^^^^^^^^^^^^^^^^^^^^^^^^^^^^^^^^^^^^^^^^^^^
> 17 |         aria-hidden
     | ^^^^^^^^^^^^^^^^^^^
> 18 |       />
     | ^^^^^^^^
> 19 |     ),
     | ^^^^^^
> 20 |   },
     | ^^^^
> 21 | );
     | ^
  22 |
  23 | const accentClasses = {
  24 |   ink: "border-foreground/45 text-foreground",

Ecmascript file had an error

Import trace:
  Server Component:
    ./src/components/site/site-canvas.tsx
    ./src/app/page.tsx @ http://localhost:3000/_next/static/chunks/node_modules_next_dist_0u_w_5s._.js:1945
[ 1967751ms] [ERROR] ./src/components/site/site-canvas.tsx:7:27
`ssr: false` is not allowed with `next/dynamic` in Server Components. Please move it into a Client Component.
   5 | import { cn } from "@/lib/utils";
   6 |
>  7 | const SiteCanvasDesktop = dynamic(
     |                           ^^^^^^^
>  8 |   () =>
     | ^^^^^^^
>  9 |     import("@/components/site/site-canvas-desktop").then(
     | ^^^^^^^^^^^^^^^^^^^^^^^^^^^^^^^^^^^^^^^^^^^^^^^^^^^^^^^^^
> 10 |       (mod) => mod.SiteCanvasDesktop,
     | ^^^^^^^^^^^^^^^^^^^^^^^^^^^^^^^^^^^^^
> 11 |     ),
     | ^^^^^^
> 12 |   {
     | ^^^
> 13 |     ssr: false,
     | ^^^^^^^^^^^^^^^
> 14 |     loading: () => (
     | ^^^^^^^^^^^^^^^^^^^^
> 15 |       <div
     | ^^^^^^^^^^
> 16 |         className="hidden min-h-[560px] rounded-[1.5rem] border border-border bg-backgroun...
     | ^^^^^^^^^^^^^^^^^^^^^^^^^^^^^^^^^^^^^^^^^^^^^^^^^^^^^^^^^^^^^^^^^^^^^^^^^^^^^^^^^^^^^^^^^^^^^
> 17 |         aria-hidden
     | ^^^^^^^^^^^^^^^^^^^
> 18 |       />
     | ^^^^^^^^
> 19 |     ),
     | ^^^^^^
> 20 |   },
     | ^^^^
> 21 | );
     | ^
  22 |
  23 | const accentClasses = {
  24 |   ink: "border-foreground/45 text-foreground",

Ecmascript file had an error

Import trace:
  Server Component:
    ./src/components/site/site-canvas.tsx
    ./src/app/page.tsx @ http://localhost:3000/_next/static/chunks/node_modules_next_dist_0u_w_5s._.js:1945
[ 1967815ms] [LOG] [Fast Refresh] rebuilding @ http://localhost:3000/_next/static/chunks/node_modules_next_dist_0u_w_5s._.js:1226
[ 2045976ms] [LOG] [Fast Refresh] rebuilding @ http://localhost:3000/_next/static/chunks/node_modules_next_dist_0u_w_5s._.js:1226
[ 2046040ms] [ERROR] ./src/components/site/site-canvas.tsx:1:1
Module not found: Can't resolve '@/components/site/site-canvas-desktop-loader'
> 1 | import { SiteCanvasDesktopLoader } from "@/components/site/site-canvas-desktop-loader";
    | ^^^^^^^^^^^^^^^^^^^^^^^^^^^^^^^^^^^^^^^^^^^^^^^^^^^^^^^^^^^^^^^^^^^^^^^^^^^^^^^^^^^^^^^
  2 | import { SiteIcon } from "@/components/site/site-icons";
  3 | import { siteRecords } from "@/lib/site-data";
  4 | import { cn } from "@/lib/utils";

Import map: aliased to relative './src/components/site/site-canvas-desktop-loader' inside of [project]/

Import trace:
  Server Component:
    ./src/components/site/site-canvas.tsx
    ./src/app/page.tsx

https://nextjs.org/docs/messages/module-not-found @ http://localhost:3000/_next/static/chunks/node_modules_next_dist_0u_w_5s._.js:1945
[ 2046143ms] [ERROR] ./src/components/site/site-canvas.tsx:1:1
Module not found: Can't resolve '@/components/site/site-canvas-desktop-loader'
> 1 | import { SiteCanvasDesktopLoader } from "@/components/site/site-canvas-desktop-loader";
    | ^^^^^^^^^^^^^^^^^^^^^^^^^^^^^^^^^^^^^^^^^^^^^^^^^^^^^^^^^^^^^^^^^^^^^^^^^^^^^^^^^^^^^^^
  2 | import { SiteIcon } from "@/components/site/site-icons";
  3 | import { siteRecords } from "@/lib/site-data";
  4 | import { cn } from "@/lib/utils";

Import map: aliased to relative './src/components/site/site-canvas-desktop-loader' inside of [project]/

Import trace:
  Server Component:
    ./src/components/site/site-canvas.tsx
    ./src/app/page.tsx

https://nextjs.org/docs/messages/module-not-found @ http://localhost:3000/_next/static/chunks/node_modules_next_dist_0u_w_5s._.js:1945
[ 2046179ms] [ERROR] ./src/components/site/site-canvas.tsx:1:1
Module not found: Can't resolve '@/components/site/site-canvas-desktop-loader'
> 1 | import { SiteCanvasDesktopLoader } from "@/components/site/site-canvas-desktop-loader";
    | ^^^^^^^^^^^^^^^^^^^^^^^^^^^^^^^^^^^^^^^^^^^^^^^^^^^^^^^^^^^^^^^^^^^^^^^^^^^^^^^^^^^^^^^
  2 | import { SiteIcon } from "@/components/site/site-icons";
  3 | import { siteRecords } from "@/lib/site-data";
  4 | import { cn } from "@/lib/utils";

Import map: aliased to relative './src/components/site/site-canvas-desktop-loader' inside of [project]/

Import trace:
  Server Component:
    ./src/components/site/site-canvas.tsx
    ./src/app/page.tsx

https://nextjs.org/docs/messages/module-not-found @ http://localhost:3000/_next/static/chunks/node_modules_next_dist_0u_w_5s._.js:1945
[ 2046214ms] [ERROR] ./src/components/site/site-canvas.tsx:1:1
Module not found: Can't resolve '@/components/site/site-canvas-desktop-loader'
> 1 | import { SiteCanvasDesktopLoader } from "@/components/site/site-canvas-desktop-loader";
    | ^^^^^^^^^^^^^^^^^^^^^^^^^^^^^^^^^^^^^^^^^^^^^^^^^^^^^^^^^^^^^^^^^^^^^^^^^^^^^^^^^^^^^^^
  2 | import { SiteIcon } from "@/components/site/site-icons";
  3 | import { siteRecords } from "@/lib/site-data";
  4 | import { cn } from "@/lib/utils";

Import map: aliased to relative './src/components/site/site-canvas-desktop-loader' inside of [project]/

Import trace:
  Server Component:
    ./src/components/site/site-canvas.tsx
    ./src/app/page.tsx

https://nextjs.org/docs/messages/module-not-found @ http://localhost:3000/_next/static/chunks/node_modules_next_dist_0u_w_5s._.js:1945
[ 2046249ms] [ERROR] ./src/components/site/site-canvas.tsx:1:1
Module not found: Can't resolve '@/components/site/site-canvas-desktop-loader'
> 1 | import { SiteCanvasDesktopLoader } from "@/components/site/site-canvas-desktop-loader";
    | ^^^^^^^^^^^^^^^^^^^^^^^^^^^^^^^^^^^^^^^^^^^^^^^^^^^^^^^^^^^^^^^^^^^^^^^^^^^^^^^^^^^^^^^
  2 | import { SiteIcon } from "@/components/site/site-icons";
  3 | import { siteRecords } from "@/lib/site-data";
  4 | import { cn } from "@/lib/utils";

Import map: aliased to relative './src/components/site/site-canvas-desktop-loader' inside of [project]/

Import trace:
  Server Component:
    ./src/components/site/site-canvas.tsx
    ./src/app/page.tsx

https://nextjs.org/docs/messages/module-not-found @ http://localhost:3000/_next/static/chunks/node_modules_next_dist_0u_w_5s._.js:1945
[ 2046350ms] [LOG] [Fast Refresh] rebuilding @ http://localhost:3000/_next/static/chunks/node_modules_next_dist_0u_w_5s._.js:1226
[ 2046407ms] [ERROR] ./src/components/site/site-canvas.tsx:1:1
Module not found: Can't resolve '@/components/site/site-canvas-desktop-loader'
> 1 | import { SiteCanvasDesktopLoader } from "@/components/site/site-canvas-desktop-loader";
    | ^^^^^^^^^^^^^^^^^^^^^^^^^^^^^^^^^^^^^^^^^^^^^^^^^^^^^^^^^^^^^^^^^^^^^^^^^^^^^^^^^^^^^^^
  2 | import { SiteIcon } from "@/components/site/site-icons";
  3 | import { siteRecords } from "@/lib/site-data";
  4 | import { cn } from "@/lib/utils";

Import map: aliased to relative './src/components/site/site-canvas-desktop-loader' inside of [project]/

Import trace:
  Server Component:
    ./src/components/site/site-canvas.tsx
    ./src/app/page.tsx

https://nextjs.org/docs/messages/module-not-found @ http://localhost:3000/_next/static/chunks/node_modules_next_dist_0u_w_5s._.js:1945
[ 2046505ms] [ERROR] ./src/components/site/site-canvas.tsx:1:1
Module not found: Can't resolve '@/components/site/site-canvas-desktop-loader'
> 1 | import { SiteCanvasDesktopLoader } from "@/components/site/site-canvas-desktop-loader";
    | ^^^^^^^^^^^^^^^^^^^^^^^^^^^^^^^^^^^^^^^^^^^^^^^^^^^^^^^^^^^^^^^^^^^^^^^^^^^^^^^^^^^^^^^
  2 | import { SiteIcon } from "@/components/site/site-icons";
  3 | import { siteRecords } from "@/lib/site-data";
  4 | import { cn } from "@/lib/utils";

Import map: aliased to relative './src/components/site/site-canvas-desktop-loader' inside of [project]/

Import trace:
  Server Component:
    ./src/components/site/site-canvas.tsx
    ./src/app/page.tsx

https://nextjs.org/docs/messages/module-not-found @ http://localhost:3000/_next/static/chunks/node_modules_next_dist_0u_w_5s._.js:1945
[ 2046608ms] [LOG] [Fast Refresh] rebuilding @ http://localhost:3000/_next/static/chunks/node_modules_next_dist_0u_w_5s._.js:1226
[ 2046669ms] [ERROR] Failed to load resource: the server responded with a status of 500 (Internal Server Error) @ http://localhost:3000/:0
[ 2046682ms] [INFO] %cDownload the React DevTools for a better development experience: https://react.dev/link/react-devtools font-weight:bold @ http://localhost:3000/_next/static/chunks/node_modules_react-dom_0bruynb._.js:15305
[ 2046689ms] Error: ./src/components/site/site-canvas.tsx:1:1
Module not found: Can't resolve '@/components/site/site-canvas-desktop-loader'
> 1 | import { SiteCanvasDesktopLoader } from "@/components/site/site-canvas-desktop-loader";
    | ^^^^^^^^^^^^^^^^^^^^^^^^^^^^^^^^^^^^^^^^^^^^^^^^^^^^^^^^^^^^^^^^^^^^^^^^^^^^^^^^^^^^^^^
  2 | import { SiteIcon } from "@/components/site/site-icons";
  3 | import { siteRecords } from "@/lib/site-data";
  4 | import { cn } from "@/lib/utils";

Import map: aliased to relative './src/components/site/site-canvas-desktop-loader' inside of [project]/


Import trace:
  Server Component:
    ./src/components/site/site-canvas.tsx
    ./src/app/page.tsx

https://nextjs.org/docs/messages/module-not-found


    at <unknown> (Error: ./src/components/site/site-canvas.tsx:1:1)
    at <unknown> (https://nextjs.org/docs/messages/module-not-found)
    at Object.getCompilationErrors (file:///Users/josephsimo/Downloads/joesimo/node_modules/next/dist/server/dev/hot-reloader-turbopack.js:1186:59)
    at DevBundlerService.getCompilationError (file:///Users/josephsimo/Downloads/joesimo/node_modules/next/dist/server/lib/dev-bundler-service.js:44:55)
    at DevServer.getCompilationError (file:///Users/josephsimo/Downloads/joesimo/node_modules/next/dist/server/dev/next-dev-server.js:720:42)
    at DevServer.findPageComponents (file:///Users/josephsimo/Downloads/joesimo/node_modules/next/dist/server/dev/next-dev-server.js:690:43)
    at async DevServer.renderErrorToResponseImpl (file:///Users/josephsimo/Downloads/joesimo/node_modules/next/dist/server/base-server.js:1753:26)
[ 2046690ms] [LOG] [HMR] connected @ http://localhost:3000/_next/static/chunks/node_modules_next_dist_0u_w_5s._.js:1226
[ 2046692ms] [ERROR] ./src/components/site/site-canvas.tsx:1:1
Module not found: Can't resolve '@/components/site/site-canvas-desktop-loader'
> 1 | import { SiteCanvasDesktopLoader } from "@/components/site/site-canvas-desktop-loader";
    | ^^^^^^^^^^^^^^^^^^^^^^^^^^^^^^^^^^^^^^^^^^^^^^^^^^^^^^^^^^^^^^^^^^^^^^^^^^^^^^^^^^^^^^^
  2 | import { SiteIcon } from "@/components/site/site-icons";
  3 | import { siteRecords } from "@/lib/site-data";
  4 | import { cn } from "@/lib/utils";

Import map: aliased to relative './src/components/site/site-canvas-desktop-loader' inside of [project]/

Import trace:
  Server Component:
    ./src/components/site/site-canvas.tsx
    ./src/app/page.tsx

https://nextjs.org/docs/messages/module-not-found @ http://localhost:3000/_next/static/chunks/node_modules_next_dist_0u_w_5s._.js:1945
[ 2046693ms] [ERROR] ./src/components/site/site-canvas.tsx:1:1
Module not found: Can't resolve '@/components/site/site-canvas-desktop-loader'
> 1 | import { SiteCanvasDesktopLoader } from "@/components/site/site-canvas-desktop-loader";
    | ^^^^^^^^^^^^^^^^^^^^^^^^^^^^^^^^^^^^^^^^^^^^^^^^^^^^^^^^^^^^^^^^^^^^^^^^^^^^^^^^^^^^^^^
  2 | import { SiteIcon } from "@/components/site/site-icons";
  3 | import { siteRecords } from "@/lib/site-data";
  4 | import { cn } from "@/lib/utils";

Import map: aliased to relative './src/components/site/site-canvas-desktop-loader' inside of [project]/

Import trace:
  Server Component:
    ./src/components/site/site-canvas.tsx
    ./src/app/page.tsx

https://nextjs.org/docs/messages/module-not-found @ http://localhost:3000/_next/static/chunks/node_modules_next_dist_0u_w_5s._.js:1945
[ 2046726ms] [ERROR] ./src/components/site/site-canvas.tsx:1:1
Module not found: Can't resolve '@/components/site/site-canvas-desktop-loader'
> 1 | import { SiteCanvasDesktopLoader } from "@/components/site/site-canvas-desktop-loader";
    | ^^^^^^^^^^^^^^^^^^^^^^^^^^^^^^^^^^^^^^^^^^^^^^^^^^^^^^^^^^^^^^^^^^^^^^^^^^^^^^^^^^^^^^^
  2 | import { SiteIcon } from "@/components/site/site-icons";
  3 | import { siteRecords } from "@/lib/site-data";
  4 | import { cn } from "@/lib/utils";

Import map: aliased to relative './src/components/site/site-canvas-desktop-loader' inside of [project]/

Import trace:
  Server Component:
    ./src/components/site/site-canvas.tsx
    ./src/app/page.tsx

https://nextjs.org/docs/messages/module-not-found @ http://localhost:3000/_next/static/chunks/node_modules_next_dist_0u_w_5s._.js:1945
[ 2046794ms] [LOG] [Fast Refresh] rebuilding @ http://localhost:3000/_next/static/chunks/node_modules_next_dist_0u_w_5s._.js:1226
[ 2050007ms] [LOG] [Fast Refresh] rebuilding @ http://localhost:3000/_next/static/chunks/node_modules_next_dist_0u_w_5s._.js:1226
[ 2050150ms] [LOG] [Fast Refresh] done in 122ms @ http://localhost:3000/_next/static/chunks/node_modules_next_dist_0u_w_5s._.js:1226
[ 2050474ms] [INFO] %cDownload the React DevTools for a better development experience: https://react.dev/link/react-devtools font-weight:bold @ http://localhost:3000/_next/static/chunks/node_modules_next_dist_115brz8._.js:2477
[ 2050500ms] [LOG] [HMR] connected @ http://localhost:3000/_next/static/chunks/node_modules_next_dist_115brz8._.js:2477
[ 2050608ms] [WARNING] [React Flow]: The React Flow parent container needs a width and a height to render the graph. Help: https://reactflow.dev/error#004 @ http://localhost:3000/_next/static/chunks/node_modules_next_dist_115brz8._.js:2477
[ 2050614ms] [WARNING] [React Flow]: The React Flow parent container needs a width and a height to render the graph. Help: https://reactflow.dev/error#004 @ http://localhost:3000/_next/static/chunks/node_modules_next_dist_115brz8._.js:2477
[ 2050624ms] [LOG] [Fast Refresh] rebuilding @ http://localhost:3000/_next/static/chunks/node_modules_next_dist_115brz8._.js:2477
[ 2050688ms] [LOG] [Fast Refresh] done in 173ms @ http://localhost:3000/_next/static/chunks/node_modules_next_dist_115brz8._.js:2477
[ 2050764ms] [WARNING] [React Flow]: The React Flow parent container needs a width and a height to render the graph. Help: https://reactflow.dev/error#004 @ http://localhost:3000/_next/static/chunks/node_modules_next_dist_115brz8._.js:2477
[ 2050764ms] [WARNING] [React Flow]: The React Flow parent container needs a width and a height to render the graph. Help: https://reactflow.dev/error#004 @ http://localhost:3000/_next/static/chunks/node_modules_next_dist_115brz8._.js:2477
[ 2079176ms] [WARNING] [React Flow]: The React Flow parent container needs a width and a height to render the graph. Help: https://reactflow.dev/error#004 @ http://localhost:3000/_next/static/chunks/node_modules_next_dist_115brz8._.js:2477
[ 2079177ms] [WARNING] [React Flow]: The React Flow parent container needs a width and a height to render the graph. Help: https://reactflow.dev/error#004 @ http://localhost:3000/_next/static/chunks/node_modules_next_dist_115brz8._.js:2477
[ 2079177ms] [WARNING] [React Flow]: The React Flow parent container needs a width and a height to render the graph. Help: https://reactflow.dev/error#004 @ http://localhost:3000/_next/static/chunks/node_modules_next_dist_115brz8._.js:2477
[ 2086227ms] [LOG] [Fast Refresh] rebuilding @ http://localhost:3000/_next/static/chunks/node_modules_next_dist_115brz8._.js:2477
[ 2086260ms] [LOG] [Fast Refresh] done in 46ms @ http://localhost:3000/_next/static/chunks/node_modules_next_dist_115brz8._.js:2477
[ 2086537ms] [WARNING] [React Flow]: The React Flow parent container needs a width and a height to render the graph. Help: https://reactflow.dev/error#004 @ http://localhost:3000/_next/static/chunks/node_modules_next_dist_115brz8._.js:2477
[ 2086557ms] [WARNING] [React Flow]: The React Flow parent container needs a width and a height to render the graph. Help: https://reactflow.dev/error#004 @ http://localhost:3000/_next/static/chunks/node_modules_next_dist_115brz8._.js:2477
[ 2086557ms] [WARNING] [React Flow]: The React Flow parent container needs a width and a height to render the graph. Help: https://reactflow.dev/error#004 @ http://localhost:3000/_next/static/chunks/node_modules_next_dist_115brz8._.js:2477
[ 2086557ms] [WARNING] [React Flow]: The React Flow parent container needs a width and a height to render the graph. Help: https://reactflow.dev/error#004 @ http://localhost:3000/_next/static/chunks/node_modules_next_dist_115brz8._.js:2477
[ 2089978ms] [LOG] [Fast Refresh] rebuilding @ http://localhost:3000/_next/static/chunks/node_modules_next_dist_115brz8._.js:2477
[ 2089990ms] [WARNING] [React Flow]: It looks like you've created a new nodeTypes or edgeTypes object. If this wasn't on purpose please define the nodeTypes/edgeTypes outside of the component or memoize them. Help: https://reactflow.dev/error#002 @ http://localhost:3000/_next/static/chunks/node_modules_next_dist_115brz8._.js:2477
[ 2090039ms] [LOG] [Fast Refresh] done in 32ms @ http://localhost:3000/_next/static/chunks/node_modules_next_dist_115brz8._.js:2477
[ 2158354ms] [LOG] [Fast Refresh] rebuilding @ http://localhost:3000/_next/static/chunks/node_modules_next_dist_115brz8._.js:2477
[ 2159757ms] [WARNING] [React Flow]: It looks like you've created a new nodeTypes or edgeTypes object. If this wasn't on purpose please define the nodeTypes/edgeTypes outside of the component or memoize them. Help: https://reactflow.dev/error#002 @ http://localhost:3000/_next/static/chunks/node_modules_next_dist_115brz8._.js:2477
[ 2160123ms] [LOG] [Fast Refresh] done in 1376ms @ http://localhost:3000/_next/static/chunks/node_modules_next_dist_115brz8._.js:2477
[ 2173243ms] [LOG] [Fast Refresh] rebuilding @ http://localhost:3000/_next/static/chunks/node_modules_next_dist_115brz8._.js:2477
[ 2174297ms] [WARNING] [React Flow]: It looks like you've created a new nodeTypes or edgeTypes object. If this wasn't on purpose please define the nodeTypes/edgeTypes outside of the component or memoize them. Help: https://reactflow.dev/error#002 @ http://localhost:3000/_next/static/chunks/node_modules_next_dist_115brz8._.js:2477
[ 2174378ms] [LOG] [Fast Refresh] done in 1089ms @ http://localhost:3000/_next/static/chunks/node_modules_next_dist_115brz8._.js:2477
[ 2188819ms] [LOG] [Fast Refresh] rebuilding @ http://localhost:3000/_next/static/chunks/node_modules_next_dist_115brz8._.js:2477
[ 2189293ms] [LOG] [Fast Refresh] done in 158ms @ http://localhost:3000/_next/static/chunks/node_modules_next_dist_115brz8._.js:2477
[ 2202996ms] [LOG] [Fast Refresh] rebuilding @ http://localhost:3000/_next/static/chunks/node_modules_next_dist_115brz8._.js:2477
[ 2203315ms] [LOG] [Fast Refresh] done in 179ms @ http://localhost:3000/_next/static/chunks/node_modules_next_dist_115brz8._.js:2477
[ 2644372ms] [LOG] [Fast Refresh] rebuilding @ http://localhost:3000/_next/static/chunks/node_modules_next_dist_115brz8._.js:2477
[ 2645256ms] [LOG] [Fast Refresh] done in 992ms @ http://localhost:3000/_next/static/chunks/node_modules_next_dist_115brz8._.js:2477
[ 2649449ms] [LOG] [Fast Refresh] rebuilding @ http://localhost:3000/_next/static/chunks/node_modules_next_dist_115brz8._.js:2477
[ 2650613ms] [LOG] [Fast Refresh] done in 1266ms @ http://localhost:3000/_next/static/chunks/node_modules_next_dist_115brz8._.js:2477
[ 2650897ms] [LOG] [Fast Refresh] rebuilding @ http://localhost:3000/_next/static/chunks/node_modules_next_dist_115brz8._.js:2477
[ 2651045ms] [LOG] [Fast Refresh] done in 250ms @ http://localhost:3000/_next/static/chunks/node_modules_next_dist_115brz8._.js:2477
[ 2651599ms] [LOG] [Fast Refresh] rebuilding @ http://localhost:3000/_next/static/chunks/node_modules_next_dist_115brz8._.js:2477
[ 2651680ms] [LOG] [Fast Refresh] done in 182ms @ http://localhost:3000/_next/static/chunks/node_modules_next_dist_115brz8._.js:2477
[ 2651836ms] [LOG] [Fast Refresh] rebuilding @ http://localhost:3000/_next/static/chunks/node_modules_next_dist_115brz8._.js:2477
[ 2651956ms] [LOG] [Fast Refresh] done in 224ms @ http://localhost:3000/_next/static/chunks/node_modules_next_dist_115brz8._.js:2477
[ 2652315ms] [LOG] [Fast Refresh] rebuilding @ http://localhost:3000/_next/static/chunks/node_modules_next_dist_115brz8._.js:2477
[ 2652398ms] [LOG] [Fast Refresh] done in 185ms @ http://localhost:3000/_next/static/chunks/node_modules_next_dist_115brz8._.js:2477
[ 2652505ms] [LOG] [Fast Refresh] rebuilding @ http://localhost:3000/_next/static/chunks/node_modules_next_dist_115brz8._.js:2477
[ 2652632ms] [LOG] [Fast Refresh] done in 234ms @ http://localhost:3000/_next/static/chunks/node_modules_next_dist_115brz8._.js:2477
[ 2655598ms] [LOG] [Fast Refresh] rebuilding @ http://localhost:3000/_next/static/chunks/node_modules_next_dist_115brz8._.js:2477
[ 2656144ms] [LOG] [Fast Refresh] done in 647ms @ http://localhost:3000/_next/static/chunks/node_modules_next_dist_115brz8._.js:2477
[ 2697795ms] [LOG] [Fast Refresh] rebuilding @ http://localhost:3000/_next/static/chunks/node_modules_next_dist_115brz8._.js:2477
[ 2697830ms] [LOG] [Fast Refresh] done in 136ms @ http://localhost:3000/_next/static/chunks/node_modules_next_dist_115brz8._.js:2477
[ 2770189ms] [LOG] [Fast Refresh] rebuilding @ http://localhost:3000/_next/static/chunks/node_modules_next_dist_115brz8._.js:2477
[ 2771007ms] [LOG] [Fast Refresh] done in 922ms @ http://localhost:3000/_next/static/chunks/node_modules_next_dist_115brz8._.js:2477
[ 2842973ms] [LOG] [Fast Refresh] rebuilding @ http://localhost:3000/_next/static/chunks/node_modules_next_dist_115brz8._.js:2477
[ 2843176ms] [LOG] [Fast Refresh] done in 303ms @ http://localhost:3000/_next/static/chunks/node_modules_next_dist_115brz8._.js:2477
[ 2940790ms] [LOG] [Fast Refresh] rebuilding @ http://localhost:3000/_next/static/chunks/node_modules_next_dist_115brz8._.js:2477
[ 2940971ms] [LOG] [Fast Refresh] done in 282ms @ http://localhost:3000/_next/static/chunks/node_modules_next_dist_115brz8._.js:2477
[ 3003472ms] [LOG] [Fast Refresh] rebuilding @ http://localhost:3000/_next/static/chunks/node_modules_next_dist_115brz8._.js:2477
[ 3003763ms] [LOG] [Fast Refresh] done in 393ms @ http://localhost:3000/_next/static/chunks/node_modules_next_dist_115brz8._.js:2477
[ 3005628ms] [LOG] [Fast Refresh] rebuilding @ http://localhost:3000/_next/static/chunks/node_modules_next_dist_115brz8._.js:2477
[ 3005776ms] [LOG] [Fast Refresh] done in 250ms @ http://localhost:3000/_next/static/chunks/node_modules_next_dist_115brz8._.js:2477
[ 3006850ms] [LOG] [Fast Refresh] rebuilding @ http://localhost:3000/_next/static/chunks/node_modules_next_dist_115brz8._.js:2477
[ 3007073ms] [LOG] [Fast Refresh] done in 325ms @ http://localhost:3000/_next/static/chunks/node_modules_next_dist_115brz8._.js:2477
[ 3066171ms] [LOG] [Fast Refresh] rebuilding @ http://localhost:3000/_next/static/chunks/node_modules_next_dist_115brz8._.js:2477
[ 3066264ms] [LOG] [Fast Refresh] done in 195ms @ http://localhost:3000/_next/static/chunks/node_modules_next_dist_115brz8._.js:2477
[ 3130418ms] [LOG] [Fast Refresh] rebuilding @ http://localhost:3000/_next/static/chunks/node_modules_next_dist_115brz8._.js:2477
[ 3130482ms] [LOG] [Fast Refresh] done in 167ms @ http://localhost:3000/_next/static/chunks/node_modules_next_dist_115brz8._.js:2477
[ 3131920ms] [LOG] [Fast Refresh] rebuilding @ http://localhost:3000/_next/static/chunks/node_modules_next_dist_115brz8._.js:2477
[ 3131996ms] [LOG] [Fast Refresh] done in 177ms @ http://localhost:3000/_next/static/chunks/node_modules_next_dist_115brz8._.js:2477
[ 5176140ms] [LOG] [Fast Refresh] rebuilding @ http://localhost:3000/_next/static/chunks/node_modules_next_dist_115brz8._.js:2477
[ 5177715ms] [LOG] [Fast Refresh] done in 1684ms @ http://localhost:3000/_next/static/chunks/node_modules_next_dist_115brz8._.js:2477
[ 5184843ms] [LOG] [Fast Refresh] rebuilding @ http://localhost:3000/_next/static/chunks/node_modules_next_dist_115brz8._.js:2477
[ 5185383ms] [LOG] [Fast Refresh] done in 642ms @ http://localhost:3000/_next/static/chunks/node_modules_next_dist_115brz8._.js:2477
[ 5186327ms] [LOG] [Fast Refresh] rebuilding @ http://localhost:3000/_next/static/chunks/node_modules_next_dist_115brz8._.js:2477
[ 5186448ms] [LOG] [Fast Refresh] done in 231ms @ http://localhost:3000/_next/static/chunks/node_modules_next_dist_115brz8._.js:2477
[ 5186928ms] [LOG] [Fast Refresh] rebuilding @ http://localhost:3000/_next/static/chunks/node_modules_next_dist_115brz8._.js:2477
[ 5192939ms] [LOG] [Fast Refresh] done in 6112ms @ http://localhost:3000/_next/static/chunks/node_modules_next_dist_115brz8._.js:2477
[ 5358320ms] [LOG] [Fast Refresh] rebuilding @ http://localhost:3000/_next/static/chunks/node_modules_next_dist_115brz8._.js:2477
[ 5358877ms] [LOG] [Fast Refresh] done in 657ms @ http://localhost:3000/_next/static/chunks/node_modules_next_dist_115brz8._.js:2477
